Id,Temperature (K),Pressure (kPa),Phase,N Components,Density Value (g / ml),Density Uncertainty (g / ml),Source,Component 1,Mole Fraction 1,Exact Amount 1,Role 1,Component 2,Mole Fraction 2,Exact Amount 2,Role 2,EnthalpyOfMixing Value (kJ / mol),EnthalpyOfMixing Uncertainty (kJ / mol)
,298.15,101.325,Liquid,1,0.7859000000000002,0.02,10.1016/j.fluid.2013.11.008,CO,1.0,0,Solvent,,,,,,
,298.15,101.325,Liquid,1,0.9893000000000002,0.001,10.1016/j.jct.2007.03.007,COc1ccccc1,1.0,0,Solvent,,,,,,
,298.15,101.325,Liquid,1,0.9455480000000004,4.950000000000002e-05,10.1016/j.tca.2011.06.003,NCCNCCN,1.0,0,Solvent,,,,,,
,298.15,101.325,Liquid,1,0.9782490000000004,0.000511,10.1021/je4004965,c1ccncc1,1.0,0,Solvent,,,,,,
,298.15,101.325,Liquid,1,0.9659000000000002,0.00146,10.1021/je9006234,c1cc[nH]c1,1.0,0,Solvent,,,,,,
,298.15,101.325,Liquid,1,0.7985100000000002,0.00035,10.1021/acs.jced.7b00035,CC(=O)C(C)C,1.0,0,Solvent,,,,,,
,298.15,101.325,Liquid,1,0.8833400000000002,0.0002,10.1016/j.tca.2014.03.038,CN(C)CCO,1.0,0,Solvent,,,,,,
,298.15,101.325,Liquid,1,1.05862,0.002515,10.1016/j.jct.2003.09.001,C1COCO1,1.0,0,Solvent,,,,,,
,298.15,101.325,Liquid,1,0.9406700000000002,7.000000000000002e-05,10.1016/j.jct.2015.04.034,CC1(C)C(=O)[C@]2(C)CC[C@H]1C2,1.0,0,Solvent,,,,,,
,298.15,101.325,Liquid,1,0.8998000000000002,0.000185,10.1016/j.fluid.2005.05.012,CN1CCNCC1,1.0,0,Solvent,,,,,,
,298.15,101.325,Liquid,1,1.0773400000000002,0.0005,10.1021/je400408w,Cc1ccccc1Cl,1.0,0,Solvent,,,,,,
,298.15,101.325,Liquid,1,0.7649500000000002,0.008,10.1021/acs.jced.6b00019,CC1CCCCC1,1.0,0,Solvent,,,,,,
,298.15,101.325,Liquid,1,0.8740000000000002,0.01,10.1021/acs.jced.5b00542,c1ccccc1,1.0,0,Solvent,,,,,,
,298.15,101.325,Liquid,1,0.7739600000000002,0.01,10.1016/j.jct.2012.07.006,C1CCCCC1,1.0,0,Solvent,,,,,,
,298.15,101.325,Liquid,1,0.7808600000000002,0.008,10.1021/acs.jced.6b00019,CC(C)(C)O,1.0,0,Solvent,,,,,,
,298.15,101.325,Liquid,1,0.6687300000000002,0.00069,10.1016/j.jct.2006.03.020,C=CCCCC,1.0,0,Solvent,,,,,,
,298.15,101.325,Liquid,1,1.0414000000000003,0.00055,10.1021/je050159x,OCc1ccccc1,1.0,0,Solvent,,,,,,
,298.15,101.325,Liquid,1,0.9663800000000002,0.000515,10.1021/je200974r,COC=O,1.0,0,Solvent,,,,,,
,298.15,101.325,Liquid,1,0.9502000000000004,0.00645,10.1007/s10765-016-2096-3,CC(=O)N(C)C,1.0,0,Solvent,,,,,,
,298.15,101.325,Liquid,1,0.6878100000000001,0.008,10.1021/acs.jced.6b00019,CC(C)CC(C)(C)C,1.0,0,Solvent,,,,,,
,298.15,101.325,Liquid,1,1.1245400000000003,0.005,10.1021/acs.jced.6b00088,O=C1CCCO1,1.0,0,Solvent,,,,,,
,298.15,101.325,Liquid,1,0.7233000000000002,0.00035,10.1021/je030147g,CCN(CC)CC,1.0,0,Solvent,,,,,,
,298.15,101.325,Liquid,1,1.2474000000000005,0.0043,10.1021/je900212d,ClCCCl,1.0,0,Solvent,,,,,,
,303.15,100.0,Liquid,1,0.8579200000000001,0.00011,10.1016/j.jct.2019.105884,CCOC(=O)C(C)C,1.0,0,Solvent,,,,,,
,298.15,101.325,Liquid,1,0.6213200000000002,0.000495,10.1021/je0501944,CCCCC,1.0,0,Solvent,,,,,,
,298.15,101.325,Liquid,1,1.0125300000000002,0.002005,10.1016/j.jct.2019.01.025,NCCO,1.0,0,Solvent,,,,,,
,298.15,101.325,Liquid,1,0.9942800000000002,0.00358,10.1021/je800100m,Cc1ccccc1N,1.0,0,Solvent,,,,,,
,298.15,101.325,Liquid,1,0.8711300000000002,0.000525,10.1016/j.jct.2006.10.003,CC(C)CCl,1.0,0,Solvent,,,,,,
,298.15,101.325,Liquid,1,0.7853200000000002,0.1,10.1021/je8006265,CNC=O,1.0,0,Solvent,,,,,,
,298.15,101.325,Liquid,1,0.8364500000000002,0.000585,10.1016/j.jct.2006.10.003,CC(C)(C)Cl,1.0,0,Solvent,,,,,,
,298.15,101.325,Liquid,1,1.0258000000000005,0.0011,10.1016/j.fluid.2008.02.023,CN1CCCC1=O,1.0,0,Solvent,,,,,,
,298.15,101.325,Liquid,1,0.7238000000000001,0.003005,10.1021/acs.jced.5b00527,CC(C)OC(C)C,1.0,0,Solvent,,,,,,
,298.15,101.325,Liquid,1,1.0470000000000002,0.0036,10.1021/je900212d,O=Cc1ccccc1,1.0,0,Solvent,,,,,,
,298.15,101.325,Liquid,1,0.9855000000000004,0.000135,10.1021/je300280s,CC(=O)C(C)=O,1.0,0,Solvent,,,,,,
,298.15,101.325,Liquid,1,1.0173,0.00305,10.1016/j.fluid.2010.08.010,Nc1ccccc1,1.0,0,Solvent,,,,,,
,298.15,101.325,Liquid,1,0.7347000000000002,0.001,10.1021/je060025z,COC(C)(C)C,1.0,0,Solvent,,,,,,
,298.15,101.325,Liquid,1,1.0940190000000003,0.000622,10.1021/je050463q,OCCNCCO,1.0,0,Solvent,,,,,,
,298.15,101.325,Liquid,1,1.0238000000000005,0.0015,10.1016/j.fluid.2008.07.018,CC(=O)c1ccccc1,1.0,0,Solvent,,,,,,
,298.15,101.325,Liquid,1,0.9501000000000004,0.0064,10.1007/s10765-016-2096-3,CN(C)C=O,1.0,0,Solvent,,,,,,
,298.15,101.325,Liquid,1,1.0332000000000003,0.0008,10.1016/j.fluid.2009.02.011,Cn1ccnc1,1.0,0,Solvent,,,,,,
,298.15,101.325,Liquid,1,0.7605700000000002,0.00033,10.1016/j.fluid.2005.04.003,CCOC(C)(C)CC,1.0,0,Solvent,,,,,,
,298.15,101.325,Liquid,1,0.9430000000000002,0.0006,10.1016/j.fluid.2008.02.018,O=C1CCCCC1,1.0,0,Solvent,,,,,,
,298.15,101.325,Liquid,1,0.9501790000000002,0.000511,10.1021/je4004965,Cc1ccncc1,1.0,0,Solvent,,,,,,
,298.15,101.325,Liquid,1,1.1009000000000004,0.0057,10.1016/j.jct.2005.12.009,Clc1ccccc1,1.0,0,Solvent,,,,,,
,298.15,101.325,Liquid,1,0.9271000000000004,0.001,10.1021/je900906j,COC(C)=O,1.0,0,Solvent,,,,,,
,298.15,101.325,Liquid,1,0.9822370000000002,0.010011,10.1016/j.jct.2012.07.006,CNc1ccccc1,1.0,0,Solvent,,,,,,
,298.15,101.325,Liquid,1,0.9181900000000004,0.000225,10.1021/je200093f,Cc1cccc(C)n1,1.0,0,Solvent,,,,,,
,298.15,101.325,Liquid,1,0.8126200000000002,0.00023,10.1021/je200093f,CN1CCCCC1,1.0,0,Solvent,,,,,,
,298.15,101.325,Liquid,1,0.7378000000000001,0.0008,10.1016/j.fluid.2013.10.057,C1CCCC1,1.0,0,Solvent,,,,,,
,298.15,101.325,Liquid,1,1.1070190000000002,0.00118,10.1021/je0340809,OC1=NCCC1,1.0,0,Solvent,,,,,,
,298.15,101.325,Liquid,1,0.93618,0.000635,10.1021/je1002626,CNCCO,1.0,0,Solvent,,,,,,
,298.15,101.325,Liquid,1,0.952002,0.000511,10.1021/je4004965,Cc1cccnc1,1.0,0,Solvent,,,,,,
,298.15,101.325,Liquid,1,0.9120600000000002,0.001425,10.1021/je050001c,CCOC=O,1.0,0,Solvent,,,,,,
,298.15,101.325,Liquid,1,1.3824000000000003,0.0008,10.1021/je700741x,OCC(F)(F)F,1.0,0,Solvent,,,,,,
,298.15,101.325,Liquid,1,0.8646000000000003,0.0009,10.1016/j.fluid.2009.10.018,C1CCNCC1,1.0,0,Solvent,,,,,,
,298.15,101.325,Liquid,1,0.8486400000000002,0.000335,10.1021/je300280s,CC/C=C\CCO,1.0,0,Solvent,,,,,,
,298.15,100.0,Liquid,1,1.0885530000000003,0.0003475,10.1021/acs.jced.8b01146,CC1=CCC(=O)O1,1.0,0,Solvent,,,,,,
,298.15,101.325,Liquid,1,0.9140600000000002,0.00077,10.1021/je7005055,CN1CCOCC1,1.0,0,Solvent,,,,,,
,298.15,101.0,Liquid,1,2.16841,0.001445,10.1021/je0603325,BrCCBr,1.0,0,Solvent,,,,,,
,298.15,101.325,Liquid,1,1.1336300000000004,0.002405,10.1016/j.jct.2008.01.024,ClCCCCCl,1.0,0,Solvent,,,,,,
,298.15,101.325,Liquid,1,1.2722000000000004,0.0007,10.1021/je200350a,CCCCBr,1.0,0,Solvent,,,,,,
,298.15,101.325,Liquid,1,1.1792000000000002,0.0012,10.1016/j.jct.2016.12.016,ClCCCCl,1.0,0,Solvent,,,,,,
,298.15,101.325,Liquid,1,1.0713,0.00047,10.1016/j.jct.2007.11.010,OCCN1CCOCC1,1.0,0,Solvent,,,,,,
,298.15,101.325,Liquid,1,1.7010000000000003,0.0035,10.1016/j.fluid.2018.12.005,FC(F)(F)C(F)(F)C(F)(F)C(F)(F)C(F)(F)C(F)(F)F,1.0,0,Solvent,,,,,,
,298.15,101.325,Liquid,1,0.9398000000000002,0.0013,10.1021/je020148t,Cc1ccccn1,1.0,0,Solvent,,,,,,
,298.15,101.325,Liquid,1,0.8386800000000002,0.0009,10.1016/j.fluid.2013.10.036,C=C(C)[C@H]1CC=C(C)CC1,1.0,0,Solvent,,,,,,
,295.15,101.325,Liquid,1,1.8194400000000004,0.000515,10.1016/j.jct.2005.07.009,BrCCCCBr,1.0,0,Solvent,,,,,,
,297.98,101.325,Liquid,1,1.9702200000000003,0.0006,10.1007/s10765-009-0610-6,BrCCCBr,1.0,0,Solvent,,,,,,
,298.15,101.325,Liquid,1,1.5165000000000004,0.000605,10.1016/j.jct.2005.02.011,COC(F)(F)C(F)(F)C(F)(F)C(F)(F)F,1.0,0,Solvent,,,,,,
,298.15,101.325,Liquid,1,1.1209900000000004,0.001065,10.1021/je900064e,OCCN(CCO)CCO,1.0,0,Solvent,,,,,,
,295.15,101.325,Liquid,1,1.6018000000000003,0.00125,10.1016/j.jct.2005.07.009,BrCCCCCCBr,1.0,0,Solvent,,,,,,
,298.0,101.325,Liquid,1,0.9273600000000002,0.002095,10.1021/acs.jced.5b00922,NCCCNCCCN,1.0,0,Solvent,,,,,,
,298.15,101.325,Liquid,1,0.9960000000000002,0.00245,10.1021/je020191g,C1COCCN1,1.0,0,Solvent,,,,,,
,298.15,101.0,Liquid,2,1.0013300000000005,4.000000000000001e-05,10.1016/j.jct.2011.06.020,CN1CCNCC1,0.2091,0,Solvent,O,0.7909,0.0,Solvent,,
,298.15,101.0,Liquid,2,0.9464100000000002,7.000000000000002e-05,10.1016/j.jct.2011.06.020,CN1CCNCC1,0.5109,0,Solvent,O,0.4891,0.0,Solvent,,
,298.15,101.0,Liquid,2,0.9223100000000002,8.500000000000002e-05,10.1016/j.jct.2011.06.020,CN1CCNCC1,0.7065,0,Solvent,O,0.2935,0.0,Solvent,,
,298.15,101.0,Liquid,2,,,10.1016/j.jct.2015.06.006,CN1CCNCC1,0.7926,0,Solvent,O,0.2074,0.0,Solvent,-1.753,0.019
,298.15,101.0,Liquid,2,,,10.1016/j.jct.2015.06.006,CN1CCNCC1,0.55,0,Solvent,O,0.45,0.0,Solvent,-3.547,0.038
,298.15,101.0,Liquid,2,,,10.1016/j.jct.2015.06.006,CN1CCNCC1,0.1998,0,Solvent,O,0.8002,0.0,Solvent,-4.495,0.048
,293.15,101.0,Liquid,2,1.0963670000000003,0.000162,10.1016/j.tca.2012.01.007,O,0.299958,0,Solvent,OCCNCCO,0.700042,0.0,Solvent,,
,298.15,100.0,Liquid,2,1.0810000000000002,0.00175,10.1021/je300345m,O,0.7144,0,Solvent,OCCNCCO,0.2856,0.0,Solvent,,
,298.15,100.0,Liquid,2,1.0880000000000003,0.00175,10.1021/je300345m,O,0.5933,0,Solvent,OCCNCCO,0.4067,0.0,Solvent,,
,298.15,101.0,Liquid,2,,,10.1016/j.jct.2007.03.010,O,0.2579,0,Solvent,OCCNCCO,0.7421,0.0,Solvent,-1.091,0.022
,298.15,101.0,Liquid,2,,,10.1016/j.jct.2007.03.010,O,0.5031,0,Solvent,OCCNCCO,0.4969,0.0,Solvent,-1.916,0.039
,298.15,101.0,Liquid,2,,,10.1016/j.jct.2007.03.010,O,0.7057,0,Solvent,OCCNCCO,0.2943,0.0,Solvent,-2.079,0.0425
,298.15,101.0,Liquid,2,0.8405780000000002,7.05e-05,10.1016/j.tca.2012.04.002,C1CCCCC1,0.2498,0,Solvent,c1ccccc1,0.7502,0.0,Solvent,,
,298.15,101.0,Liquid,2,0.7929200000000002,7.450000000000001e-05,10.1016/j.tca.2012.04.002,C1CCCCC1,0.7323,0,Solvent,c1ccccc1,0.2677,0.0,Solvent,,
,298.15,101.0,Liquid,2,0.8136000000000002,0.0002,10.1021/je900468u,C1CCCCC1,0.4996,0,Solvent,c1ccccc1,0.5004,0.0,Solvent,,
,298.2,100.0,Liquid,2,,,10.1016/j.jct.2014.05.020,C1CCCCC1,0.5012,0,Solvent,c1ccccc1,0.4988,0.0,Solvent,0.7893,0.00655
,298.2,100.0,Liquid,2,,,10.1016/j.jct.2014.05.020,C1CCCCC1,0.2606,0,Solvent,c1ccccc1,0.7394,0.0,Solvent,0.6282,0.00695
,298.2,100.0,Liquid,2,,,10.1016/j.jct.2014.05.020,C1CCCCC1,0.7668,0,Solvent,c1ccccc1,0.2332,0.0,Solvent,0.5517,0.00725
,298.15,101.0,Liquid,2,1.0204500000000003,3.500000000000001e-05,10.1016/j.fluid.2008.11.006,CN1CCCC1=O,0.937492,0,Solvent,c1ccccc1,0.062508,0.0,Solvent,,
,293.15,101.0,Liquid,2,0.9684700000000004,0.00018,10.1016/j.jct.2006.05.006,CN1CCCC1=O,0.5135,0,Solvent,c1ccccc1,0.4865,0.0,Solvent,,
,303.15,101.0,Liquid,2,0.9163300000000004,0.00029,10.1016/j.jct.2006.06.005,CN1CCCC1=O,0.2524,0,Solvent,c1ccccc1,0.7476,0.0,Solvent,,
,308.15,101.0,Liquid,2,,,10.1016/j.jct.2010.12.016,CN1CCCC1=O,0.2356,0,Solvent,c1ccccc1,0.7644,0.0,Solvent,-0.3684,0.00405
,308.15,101.0,Liquid,2,,,10.1016/j.jct.2010.12.016,CN1CCCC1=O,0.7411,0,Solvent,c1ccccc1,0.2589,0.0,Solvent,-0.3841,0.0042
,308.15,101.0,Liquid,2,,,10.1016/j.jct.2010.12.016,CN1CCCC1=O,0.5467,0,Solvent,c1ccccc1,0.4533,0.0,Solvent,-0.4943,0.00535
,298.15,101.0,Liquid,2,0.9712300000000004,4.900000000000001e-05,10.1021/je100472t,CCC(C)=O,0.2563,0,Solvent,Nc1ccccc1,0.7437,0.0,Solvent,,
,298.15,101.0,Liquid,2,0.9213850000000002,5.650000000000002e-05,10.1021/je100472t,CCC(C)=O,0.5026,0,Solvent,Nc1ccccc1,0.4974,0.0,Solvent,,
,298.15,101.0,Liquid,2,0.8265540000000001,7.200000000000002e-05,10.1021/je100472t,CCC(C)=O,0.9019,0,Solvent,Nc1ccccc1,0.0981,0.0,Solvent,,
,298.15,101.0,Liquid,2,,,10.1021/je200333p,CCC(C)=O,0.9018,0,Solvent,Nc1ccccc1,0.0982,0.0,Solvent,-0.469,0.005
,298.15,101.0,Liquid,2,,,10.1021/je200333p,CCC(C)=O,0.2099,0,Solvent,Nc1ccccc1,0.7901,0.0,Solvent,-0.648,0.007
,298.15,101.0,Liquid,2,,,10.1021/je200333p,CCC(C)=O,0.5106,0,Solvent,Nc1ccccc1,0.4894,0.0,Solvent,-1.173,0.0125
,298.15,101.0,Liquid,2,1.0886000000000002,0.0001,10.1021/je100803e,O,0.7,0,Solvent,O=C1CCCO1,0.3,0.0,Solvent,,
,298.15,101.0,Liquid,2,1.1182000000000003,0.0001,10.1021/je100803e,O,0.2,0,Solvent,O=C1CCCO1,0.8,0.0,Solvent,,
,298.15,101.0,Liquid,2,1.1059000000000003,0.0001,10.1021/je100803e,O,0.5,0,Solvent,O=C1CCCO1,0.5,0.0,Solvent,,
,298.15,101.0,Liquid,2,0.9615690000000002,0.000144,10.1021/je301371p,CCN(CC)CCO,0.19329,0,Solvent,O,0.80671,0.0,Solvent,,
,293.15,101.0,Liquid,2,0.9222000000000002,0.005,10.1016/j.jct.2019.06.032,CCN(CC)CCO,0.4997,0,Solvent,O,0.5003,0.0,Solvent,,
,293.15,101.0,Liquid,2,0.8996000000000003,0.005,10.1016/j.jct.2019.06.032,CCN(CC)CCO,0.7997,0,Solvent,O,0.2003,0.0,Solvent,,
,303.15,100.0,Liquid,2,,,10.1016/j.jct.2015.04.030,CCN(CC)CCO,0.7003,0,Solvent,O,0.2997,0.0,Solvent,-1.75,0.019
,303.15,100.0,Liquid,2,,,10.1016/j.jct.2015.04.030,CCN(CC)CCO,0.2008,0,Solvent,O,0.7992,0.0,Solvent,-2.185,0.0235
,303.15,100.0,Liquid,2,,,10.1016/j.jct.2015.04.030,CCN(CC)CCO,0.5002,0,Solvent,O,0.4998,0.0,Solvent,-2.504,0.027
,298.15,101.3,Liquid,2,0.9237220000000002,0.000504,10.1016/j.jct.2004.11.016,CN(C)CCO,0.5077,0,Solvent,O,0.4923,0.0,Solvent,,
,298.15,101.3,Liquid,2,0.8989030000000002,0.0005805,10.1016/j.jct.2004.11.016,CN(C)CCO,0.7652,0,Solvent,O,0.2348,0.0,Solvent,,
,298.15,101.3,Liquid,2,0.9590000000000002,0.0029,10.1021/acs.jced.6b00888,CN(C)CCO,0.26433,0,Solvent,O,0.73567,0.0,Solvent,,
,298.15,101.0,Liquid,2,,,10.1016/j.jct.2007.03.010,CN(C)CCO,0.7996,0,Solvent,O,0.2004,0.0,Solvent,-1.247,0.0255
,298.15,101.0,Liquid,2,,,10.1016/j.jct.2007.03.010,CN(C)CCO,0.5365,0,Solvent,O,0.4635,0.0,Solvent,-2.575,0.0525
,298.15,101.0,Liquid,2,,,10.1016/j.jct.2007.03.010,CN(C)CCO,0.2052,0,Solvent,O,0.7948,0.0,Solvent,-2.587,0.0525
,298.15,101.0,Liquid,2,0.9005900000000002,5.5000000000000016e-05,10.1016/j.jct.2013.09.024,CC1(C)C(=O)[C@]2(C)CC[C@H]1C2,0.5012,0,Solvent,CCO,0.4988,0.0,Solvent,,
,298.15,101.0,Liquid,2,0.9274800000000002,6.0000000000000015e-05,10.1016/j.jct.2013.09.024,CC1(C)C(=O)[C@]2(C)CC[C@H]1C2,0.7897,0,Solvent,CCO,0.2103,0.0,Solvent,,
,298.15,101.0,Liquid,2,0.8499000000000002,6.500000000000002e-05,10.1016/j.jct.2013.09.024,CC1(C)C(=O)[C@]2(C)CC[C@H]1C2,0.2002,0,Solvent,CCO,0.7998,0.0,Solvent,,
,298.15,101.0,Liquid,2,,,10.1016/j.jct.2013.09.024,CC1(C)C(=O)[C@]2(C)CC[C@H]1C2,0.286,0,Solvent,CCO,0.714,0.0,Solvent,0.876,0.0265
,298.15,101.0,Liquid,2,,,10.1016/j.jct.2013.09.024,CC1(C)C(=O)[C@]2(C)CC[C@H]1C2,0.701,0,Solvent,CCO,0.299,0.0,Solvent,1.0,0.0305
,298.15,101.0,Liquid,2,,,10.1016/j.jct.2013.09.024,CC1(C)C(=O)[C@]2(C)CC[C@H]1C2,0.488,0,Solvent,CCO,0.512,0.0,Solvent,1.109,0.0335
,298.15,101.0,Liquid,2,0.9170700000000004,8.000000000000002e-05,10.1016/j.tca.2012.05.025,CN(C)CCCO,0.5013,0,Solvent,O,0.4987,0.0,Solvent,,
,298.15,101.0,Liquid,2,0.8915100000000002,9.500000000000002e-05,10.1016/j.tca.2012.05.025,CN(C)CCCO,0.8006,0,Solvent,O,0.1994,0.0,Solvent,,
,298.15,101.3,Liquid,2,0.9443,0.00285,10.1016/j.jct.2016.02.007,CN(C)CCCO,0.289504,0,Solvent,O,0.710496,0.0,Solvent,,
,303.15,100.0,Liquid,2,,,10.1016/j.jct.2015.04.030,CN(C)CCCO,0.8001,0,Solvent,O,0.1999,0.0,Solvent,-1.26,0.0135
,303.15,100.0,Liquid,2,,,10.1016/j.jct.2015.04.030,CN(C)CCCO,0.1998,0,Solvent,O,0.8002,0.0,Solvent,-2.514,0.027
,303.15,100.0,Liquid,2,,,10.1016/j.jct.2015.04.030,CN(C)CCCO,0.5019,0,Solvent,O,0.4981,0.0,Solvent,-2.706,0.029
,298.15,101.33,Liquid,2,0.9755600000000002,5.5000000000000016e-05,10.1016/j.fluid.2013.10.029,c1cc[nH]c1,0.2273,0,Solvent,c1ccncc1,0.7727,0.0,Solvent,,
,298.15,101.33,Liquid,2,0.9706400000000002,5.5000000000000016e-05,10.1016/j.fluid.2013.10.029,c1cc[nH]c1,0.5426,0,Solvent,c1ccncc1,0.4574,0.0,Solvent,,
,298.15,101.33,Liquid,2,0.9676900000000004,5.5000000000000016e-05,10.1016/j.fluid.2013.10.029,c1cc[nH]c1,0.7554,0,Solvent,c1ccncc1,0.2446,0.0,Solvent,,
,298.15,101.0,Liquid,2,,,10.1016/j.fluid.2013.10.029,c1cc[nH]c1,0.7602,0,Solvent,c1ccncc1,0.2398,0.0,Solvent,-1.6452,0.01075
,298.15,101.0,Liquid,2,,,10.1016/j.fluid.2013.10.029,c1cc[nH]c1,0.2395,0,Solvent,c1ccncc1,0.7605,0.0,Solvent,-1.7662,0.01145
,298.15,101.0,Liquid,2,,,10.1016/j.fluid.2013.10.029,c1cc[nH]c1,0.5095,0,Solvent,c1ccncc1,0.4905,0.0,Solvent,-2.649,0.01645
,298.15,101.0,Liquid,2,0.9312200000000004,7.000000000000002e-05,10.1016/j.jct.2005.09.004,C1CCCCC1,0.2972,0,Solvent,C1COCCO1,0.7028,0.0,Solvent,,
,298.15,101.0,Liquid,2,0.8769800000000002,8.500000000000002e-05,10.1016/j.jct.2005.09.004,C1CCCCC1,0.4994,0,Solvent,C1COCCO1,0.5006,0.0,Solvent,,
,298.15,101.0,Liquid,2,0.8305800000000002,0.0001,10.1016/j.jct.2005.09.004,C1CCCCC1,0.6997,0,Solvent,C1COCCO1,0.3003,0.0,Solvent,,
,303.15,101.0,Liquid,2,,,10.1016/j.fluid.2006.03.020,C1CCCCC1,0.2394,0,Solvent,C1COCCO1,0.7606,0.0,Solvent,1.124,0.007
,303.15,101.0,Liquid,2,,,10.1016/j.fluid.2006.03.020,C1CCCCC1,0.7442,0,Solvent,C1COCCO1,0.2558,0.0,Solvent,1.262,0.007
,303.15,101.0,Liquid,2,,,10.1016/j.fluid.2006.03.020,C1CCCCC1,0.4928,0,Solvent,C1COCCO1,0.5072,0.0,Solvent,1.588,0.008
,298.15,101.0,Liquid,2,1.1613400000000005,8.000000000000002e-05,10.1016/j.tca.2013.07.012,O,0.74401,0,Solvent,OCC(O)CO,0.25599,0.0,Solvent,,
,298.15,101.0,Liquid,2,1.2137500000000003,0.000505,10.1016/j.jct.2014.06.031,O,0.50929,0,Solvent,OCC(O)CO,0.49071,0.0,Solvent,,
,298.15,101.0,Liquid,2,1.2418100000000003,0.000505,10.1016/j.jct.2014.06.031,O,0.25064,0,Solvent,OCC(O)CO,0.74936,0.0,Solvent,,
,298.15,101.0,Liquid,2,,,10.1016/j.tca.2009.06.004,O,0.2192,0,Solvent,OCC(O)CO,0.7808,0.0,Solvent,-0.292,0.002
,298.15,101.0,Liquid,2,,,10.1016/j.tca.2009.06.004,O,0.5022,0,Solvent,OCC(O)CO,0.4978,0.0,Solvent,-0.547,0.003
,298.15,101.0,Liquid,2,,,10.1016/j.tca.2009.06.004,O,0.8005,0,Solvent,OCC(O)CO,0.1995,0.0,Solvent,-0.56,0.0035
,298.15,101.0,Liquid,2,0.9494200000000002,8.000000000000002e-05,10.1016/j.tca.2007.04.012,CO,0.81378,0,Solvent,OCC(F)(F)F,0.18622,0.0,Solvent,,
,298.15,101.0,Liquid,2,1.2537400000000003,0.00011,10.1016/j.tca.2007.04.012,CO,0.30945,0,Solvent,OCC(F)(F)F,0.69055,0.0,Solvent,,
,298.15,101.0,Liquid,2,1.1449100000000003,0.00015,10.1016/j.tca.2007.04.012,CO,0.51922,0,Solvent,OCC(F)(F)F,0.48078,0.0,Solvent,,
,298.15,101.0,Liquid,2,,,10.1016/j.tca.2007.04.012,CO,0.29015,0,Solvent,OCC(F)(F)F,0.70985,0.0,Solvent,-0.6762,0.00305
,298.15,101.0,Liquid,2,,,10.1016/j.tca.2007.04.012,CO,0.70295,0,Solvent,OCC(F)(F)F,0.29705,0.0,Solvent,-0.7644,0.0034
,298.15,101.0,Liquid,2,,,10.1016/j.tca.2007.04.012,CO,0.50289,0,Solvent,OCC(F)(F)F,0.49711,0.0,Solvent,-0.8516,0.00375
,298.15,101.0,Liquid,2,0.7110500000000001,7.500000000000002e-05,10.1016/j.jct.2011.06.021,CC(C)CC(C)(C)C,0.49374,0,Solvent,CCO,0.50626,0.0,Solvent,,
,298.15,101.0,Liquid,2,0.6967900000000001,7.500000000000002e-05,10.1016/j.jct.2011.06.021,CC(C)CC(C)(C)C,0.73596,0,Solvent,CCO,0.26404,0.0,Solvent,,
,303.15,101.0,Liquid,2,0.7605800000000003,0.000125,10.1021/je9001416,CC(C)CC(C)(C)C,0.0824,0,Solvent,CCO,0.9176,0.0,Solvent,,
,303.15,101.0,Liquid,2,,,10.1021/je7005743,CC(C)CC(C)(C)C,0.0815,0,Solvent,CCO,0.9185,0.0,Solvent,0.197762,0.0022405
,303.15,101.0,Liquid,2,,,10.1021/je7005743,CC(C)CC(C)(C)C,0.7617,0,Solvent,CCO,0.2383,0.0,Solvent,0.634022,0.006851
,303.15,101.0,Liquid,2,,,10.1021/je7005743,CC(C)CC(C)(C)C,0.5158,0,Solvent,CCO,0.4842,0.0,Solvent,0.638973,0.006903
,298.15,101.0,Liquid,2,1.2155100000000003,9.500000000000002e-05,10.1016/j.tca.2007.04.012,O,0.80151,0,Solvent,OCC(F)(F)F,0.19849,0.0,Solvent,,
,298.15,101.0,Liquid,2,1.3591600000000004,0.00011,10.1016/j.tca.2007.04.012,O,0.26966,0,Solvent,OCC(F)(F)F,0.73034,0.0,Solvent,,
,298.15,101.0,Liquid,2,1.3228700000000002,0.000115,10.1016/j.tca.2007.04.012,O,0.5035,0,Solvent,OCC(F)(F)F,0.4965,0.0,Solvent,,
,298.15,101.0,Liquid,2,,,10.1016/j.tca.2007.04.012,O,0.80168,0,Solvent,OCC(F)(F)F,0.19832,0.0,Solvent,0.1774,0.00105
,298.15,101.0,Liquid,2,,,10.1016/j.tca.2007.04.012,O,0.50446,0,Solvent,OCC(F)(F)F,0.49554,0.0,Solvent,0.6264,0.00285
,298.15,101.0,Liquid,2,,,10.1016/j.tca.2007.04.012,O,0.29221,0,Solvent,OCC(F)(F)F,0.70779,0.0,Solvent,0.69,0.0031
,298.15,101.0,Liquid,2,0.7294000000000002,0.000285,10.1016/j.fluid.2012.06.031,CC(C)CC(C)(C)C,0.5,0,Solvent,CCCCO,0.5,0.0,Solvent,,
,298.15,101.0,Liquid,2,0.7097700000000001,0.000285,10.1016/j.fluid.2012.06.031,CC(C)CC(C)(C)C,0.6999,0,Solvent,CCCCO,0.3001,0.0,Solvent,,
,298.15,101.0,Liquid,2,0.7696800000000001,0.000295,10.1016/j.fluid.2012.06.031,CC(C)CC(C)(C)C,0.2,0,Solvent,CCCCO,0.8,0.0,Solvent,,
,298.15,101.0,Liquid,2,,,10.1016/j.fluid.2012.06.031,CC(C)CC(C)(C)C,0.4999,0,Solvent,CCCCO,0.5001,0.0,Solvent,0.5938,0.0027
,298.15,101.0,Liquid,2,,,10.1016/j.fluid.2012.06.031,CC(C)CC(C)(C)C,0.7005,0,Solvent,CCCCO,0.2995,0.0,Solvent,0.6228,0.0028
,298.15,101.0,Liquid,2,,,10.1016/j.fluid.2009.11.010,CC(C)CC(C)(C)C,0.2002,0,Solvent,CCCCO,0.7998,0.0,Solvent,0.27646,0.003235
,298.15,100.0,Liquid,2,0.8956100000000002,7.500000000000002e-05,10.1016/j.jct.2015.02.019,CO,0.5054,0,Solvent,COC=O,0.4946,0.0,Solvent,,
,298.15,100.0,Liquid,2,0.9321000000000004,8.000000000000002e-05,10.1016/j.jct.2015.02.019,CO,0.2729,0,Solvent,COC=O,0.7271,0.0,Solvent,,
,298.15,100.0,Liquid,2,0.8088000000000002,9.000000000000002e-05,10.1016/j.jct.2015.02.019,CO,0.9167,0,Solvent,COC=O,0.0833,0.0,Solvent,,
,298.15,100.0,Liquid,2,,,10.1016/j.jct.2015.02.019,CO,0.9167,0,Solvent,COC=O,0.0833,0.0,Solvent,0.311,0.0035
,298.15,100.0,Liquid,2,,,10.1016/j.jct.2015.02.019,CO,0.2822,0,Solvent,COC=O,0.7178,0.0,Solvent,1.105,0.012
,298.15,100.0,Liquid,2,,,10.1016/j.jct.2015.02.019,CO,0.4873,0,Solvent,COC=O,0.5127,0.0,Solvent,1.179,0.0125
,298.15,101.3,Liquid,2,0.8595400000000002,8.500000000000002e-05,10.1021/je201140q,C1CCOCC1,0.701,0,Solvent,CCO,0.299,0.0,Solvent,,
,298.15,101.3,Liquid,2,0.8440100000000001,0.0001,10.1021/je201140q,C1CCOCC1,0.504,0,Solvent,CCO,0.496,0.0,Solvent,,
,298.15,101.3,Liquid,2,0.8227400000000002,0.00012,10.1021/je201140q,C1CCOCC1,0.284,0,Solvent,CCO,0.716,0.0,Solvent,,
,298.15,101.3,Liquid,2,,,10.1021/je049852v,C1CCOCC1,0.25,0,Solvent,CCO,0.75,0.0,Solvent,0.57017,0.00553
,298.15,101.3,Liquid,2,,,10.1021/je049852v,C1CCOCC1,0.75,0,Solvent,CCO,0.25,0.0,Solvent,0.75364,0.007115
,298.15,101.3,Liquid,2,,,10.1021/je049852v,C1CCOCC1,0.5,0,Solvent,CCO,0.5,0.0,Solvent,0.8491,0.00794
,298.15,101.0,Liquid,2,0.8582020000000002,0.000102,10.1021/je100472t,CCC(C)=O,0.7463,0,Solvent,CNc1ccccc1,0.2537,0.0,Solvent,,
,298.15,101.0,Liquid,2,0.9066940000000002,0.000164,10.1021/je100472t,CCC(C)=O,0.495,0,Solvent,CNc1ccccc1,0.505,0.0,Solvent,,
,298.15,101.0,Liquid,2,0.9456330000000004,0.000259,10.1021/je100472t,CCC(C)=O,0.2589,0,Solvent,CNc1ccccc1,0.7411,0.0,Solvent,,
,298.15,101.0,Liquid,2,,,10.1021/je200333p,CCC(C)=O,0.2283,0,Solvent,CNc1ccccc1,0.7717,0.0,Solvent,-0.54,0.006
,298.15,101.0,Liquid,2,,,10.1021/je200333p,CCC(C)=O,0.7055,0,Solvent,CNc1ccccc1,0.2945,0.0,Solvent,-0.672,0.0075
,298.15,101.0,Liquid,2,,,10.1021/je200333p,CCC(C)=O,0.509,0,Solvent,CNc1ccccc1,0.491,0.0,Solvent,-0.816,0.009
,298.15,101.3,Liquid,2,0.7655110000000002,8.400000000000002e-05,10.1016/j.jct.2011.05.003,CCCCCC(C)=O,0.2097,0,Solvent,CCCCNCCCC,0.7903,0.0,Solvent,,
,298.15,101.3,Liquid,2,0.7778490000000002,9.250000000000004e-05,10.1016/j.jct.2011.05.003,CCCCCC(C)=O,0.4499,0,Solvent,CCCCNCCCC,0.5501,0.0,Solvent,,
,298.15,101.3,Liquid,2,0.7951660000000003,0.000105,10.1016/j.jct.2011.05.003,CCCCCC(C)=O,0.7509,0,Solvent,CCCCNCCCC,0.2491,0.0,Solvent,,
,298.15,101.0,Liquid,2,,,10.1016/j.fluid.2013.01.011,CCCCCC(C)=O,0.7811,0,Solvent,CCCCNCCCC,0.2189,0.0,Solvent,0.164,0.002
,298.15,101.0,Liquid,2,,,10.1016/j.fluid.2013.01.011,CCCCCC(C)=O,0.4913,0,Solvent,CCCCNCCCC,0.5087,0.0,Solvent,0.278,0.003
,298.15,101.0,Liquid,2,,,10.1016/j.fluid.2013.01.011,CCCCCC(C)=O,0.2947,0,Solvent,CCCCNCCCC,0.7053,0.0,Solvent,0.256,0.003
,298.15,101.0,Liquid,2,0.8045220000000003,8.200000000000003e-05,10.1021/je5007604,CCC(C)=O,0.2069,0,Solvent,CCCCO,0.7931,0.0,Solvent,,
,298.15,101.0,Liquid,2,0.8027400000000002,8.450000000000002e-05,10.1021/je5007604,CCC(C)=O,0.5002,0,Solvent,CCCCO,0.4998,0.0,Solvent,,
,298.15,101.0,Liquid,2,0.8015550000000001,8.600000000000002e-05,10.1021/je5007604,CCC(C)=O,0.7008,0,Solvent,CCCCO,0.2992,0.0,Solvent,,
,303.0,101.0,Liquid,2,,,10.1016/j.jct.2007.06.009,CCC(C)=O,0.231,0,Solvent,CCCCO,0.769,0.0,Solvent,1.123,0.05
,303.0,101.0,Liquid,2,,,10.1016/j.jct.2007.06.009,CCC(C)=O,0.711,0,Solvent,CCCCO,0.289,0.0,Solvent,1.177,0.052
,303.0,101.0,Liquid,2,,,10.1016/j.jct.2007.06.009,CCC(C)=O,0.486,0,Solvent,CCCCO,0.514,0.0,Solvent,1.467,0.0625
,298.15,101.3,Liquid,2,0.7465820000000002,8.950000000000002e-05,10.1016/j.jct.2011.05.003,CCCCCC(C)=O,0.2598,0,Solvent,CCN(CC)CC,0.7402,0.0,Solvent,,
,298.15,101.3,Liquid,2,0.7684760000000002,9.800000000000002e-05,10.1016/j.jct.2011.05.003,CCCCCC(C)=O,0.5032,0,Solvent,CCN(CC)CC,0.4968,0.0,Solvent,,
,298.15,101.3,Liquid,2,0.7899410000000002,0.0001055,10.1016/j.jct.2011.05.003,CCCCCC(C)=O,0.7484,0,Solvent,CCN(CC)CC,0.2516,0.0,Solvent,,
,298.15,100.0,Liquid,2,,,10.1016/j.fluid.2013.07.037,CCCCCC(C)=O,0.7804,0,Solvent,CCN(CC)CC,0.2196,0.0,Solvent,0.216,0.0025
,298.15,100.0,Liquid,2,,,10.1016/j.fluid.2013.07.037,CCCCCC(C)=O,0.492,0,Solvent,CCN(CC)CC,0.508,0.0,Solvent,0.419,0.0045
,298.15,100.0,Liquid,2,,,10.1016/j.fluid.2013.07.037,CCCCCC(C)=O,0.2939,0,Solvent,CCN(CC)CC,0.7061,0.0,Solvent,0.412,0.0045
,298.15,101.0,Liquid,2,0.9768950000000002,0.0001055,10.1021/je900874z,CC(C)=O,0.2484,0,Solvent,Nc1ccccc1,0.7516,0.0,Solvent,,
,298.15,101.0,Liquid,2,0.9457730000000002,0.0001285,10.1021/je900874z,CC(C)=O,0.4114,0,Solvent,Nc1ccccc1,0.5886,0.0,Solvent,,
,298.15,101.0,Liquid,2,0.8786430000000003,0.000178,10.1021/je900874z,CC(C)=O,0.6993,0,Solvent,Nc1ccccc1,0.3007,0.0,Solvent,,
,298.15,101.0,Liquid,2,,,10.1021/je200333p,CC(C)=O,0.2145,0,Solvent,Nc1ccccc1,0.7855,0.0,Solvent,-0.746,0.008
,298.15,101.0,Liquid,2,,,10.1021/je200333p,CC(C)=O,0.6991,0,Solvent,Nc1ccccc1,0.3009,0.0,Solvent,-1.076,0.0115
,298.15,101.0,Liquid,2,,,10.1021/je200333p,CC(C)=O,0.4107,0,Solvent,Nc1ccccc1,0.5893,0.0,Solvent,-1.165,0.0125
,298.15,101.0,Liquid,2,0.9962350000000002,9.150000000000002e-05,10.1021/je100100n,CCOC(=O)CC(=O)OCC,0.5004,0,Solvent,CO,0.4996,0.0,Solvent,,
,298.15,101.0,Liquid,2,1.0336070000000002,0.0001155,10.1021/je100100n,CCOC(=O)CC(=O)OCC,0.7978,0,Solvent,CO,0.2022,0.0,Solvent,,
,298.15,101.0,Liquid,2,0.9355040000000002,0.0001385,10.1021/je100100n,CCOC(=O)CC(=O)OCC,0.2501,0,Solvent,CO,0.7499,0.0,Solvent,,
,298.2,101.3,Liquid,2,,,10.1021/je9003806,CCOC(=O)CC(=O)OCC,0.2515,0,Solvent,CO,0.7485,0.0,Solvent,1.083,0.0115
,298.2,101.3,Liquid,2,,,10.1021/je9003806,CCOC(=O)CC(=O)OCC,0.7453,0,Solvent,CO,0.2547,0.0,Solvent,1.184,0.013
,298.2,101.3,Liquid,2,,,10.1021/je9003806,CCOC(=O)CC(=O)OCC,0.4993,0,Solvent,CO,0.5007,0.0,Solvent,1.426,0.0155
,298.15,101.0,Liquid,2,1.0176930000000002,0.000103,10.1021/je100100n,CC(C)O,0.2,0,Solvent,CCOC(=O)CC(=O)OCC,0.8,0.0,Solvent,,
,298.15,101.0,Liquid,2,0.9563730000000004,0.0001215,10.1021/je100100n,CC(C)O,0.5001,0,Solvent,CCOC(=O)CC(=O)OCC,0.4999,0.0,Solvent,,
,298.15,101.0,Liquid,2,0.9013080000000002,0.000163,10.1021/je100100n,CC(C)O,0.7,0,Solvent,CCOC(=O)CC(=O)OCC,0.3,0.0,Solvent,,
,298.2,101.3,Liquid,2,,,10.1021/je9003806,CC(C)O,0.2492,0,Solvent,CCOC(=O)CC(=O)OCC,0.7508,0.0,Solvent,1.804,0.0195
,298.2,101.3,Liquid,2,,,10.1021/je9003806,CC(C)O,0.7506,0,Solvent,CCOC(=O)CC(=O)OCC,0.2494,0.0,Solvent,1.955,0.021
,298.2,101.3,Liquid,2,,,10.1021/je9003806,CC(C)O,0.4997,0,Solvent,CCOC(=O)CC(=O)OCC,0.5003,0.0,Solvent,2.369,0.0255
,298.15,101.0,Liquid,2,1.0145710000000003,0.000101,10.1021/je100100n,CC(C)CO,0.1997,0,Solvent,CCOC(=O)CC(=O)OCC,0.8003,0.0,Solvent,,
,298.15,101.0,Liquid,2,0.9511160000000002,0.000125,10.1021/je100100n,CC(C)CO,0.4999,0,Solvent,CCOC(=O)CC(=O)OCC,0.5001,0.0,Solvent,,
,298.15,101.0,Liquid,2,0.8987460000000002,0.000164,10.1021/je100100n,CC(C)CO,0.7,0,Solvent,CCOC(=O)CC(=O)OCC,0.3,0.0,Solvent,,
,298.15,101.3,Liquid,2,,,10.1016/j.fluid.2009.11.030,CC(C)CO,0.2492,0,Solvent,CCOC(=O)CC(=O)OCC,0.7508,0.0,Solvent,1.907,0.008
,298.15,101.3,Liquid,2,,,10.1016/j.fluid.2009.11.030,CC(C)CO,0.7516,0,Solvent,CCOC(=O)CC(=O)OCC,0.2484,0.0,Solvent,2.053,0.009
,298.15,101.3,Liquid,2,,,10.1016/j.fluid.2009.11.030,CC(C)CO,0.5019,0,Solvent,CCOC(=O)CC(=O)OCC,0.4981,0.0,Solvent,2.542,0.0105
,298.15,101.325,Liquid,2,1.09261,0.00019,10.1016/j.jct.2005.02.011,COC(F)(F)C(F)(F)C(F)(F)C(F)(F)F,0.24956,0,Solvent,COCCOCCOC,0.75044,0.0,Solvent,,
,298.15,101.325,Liquid,2,1.2397800000000003,0.000355,10.1016/j.jct.2005.02.011,COC(F)(F)C(F)(F)C(F)(F)C(F)(F)F,0.49977,0,Solvent,COCCOCCOC,0.50023,0.0,Solvent,,
,298.15,101.325,Liquid,2,1.4076500000000003,0.000495,10.1016/j.jct.2005.02.011,COC(F)(F)C(F)(F)C(F)(F)C(F)(F)F,0.79956,0,Solvent,COCCOCCOC,0.20044,0.0,Solvent,,
,298.15,101.325,Liquid,2,,,10.1016/j.jct.2005.02.011,COC(F)(F)C(F)(F)C(F)(F)C(F)(F)F,0.80004,0,Solvent,COCCOCCOC,0.19996,0.0,Solvent,0.0922,0.0015
,298.15,101.325,Liquid,2,,,10.1016/j.jct.2005.02.011,COC(F)(F)C(F)(F)C(F)(F)C(F)(F)F,0.50006,0,Solvent,COCCOCCOC,0.49994,0.0,Solvent,0.2951,0.00305
,298.15,101.325,Liquid,2,,,10.1016/j.jct.2005.02.011,COC(F)(F)C(F)(F)C(F)(F)C(F)(F)F,0.25005,0,Solvent,COCCOCCOC,0.74995,0.0,Solvent,0.3844,0.00375
,298.15,101.0,Liquid,2,0.7738830000000002,9.900000000000003e-05,10.1016/j.tca.2010.09.004,CCC(C)=O,0.7604,0,Solvent,CCN(CC)CC,0.2396,0.0,Solvent,,
,298.15,101.0,Liquid,2,0.7527560000000002,0.0001045,10.1016/j.tca.2010.09.004,CCC(C)=O,0.5106,0,Solvent,CCN(CC)CC,0.4894,0.0,Solvent,,
,298.15,101.0,Liquid,2,0.7361510000000001,0.000106,10.1016/j.tca.2010.09.004,CCC(C)=O,0.261,0,Solvent,CCN(CC)CC,0.739,0.0,Solvent,,
,298.15,100.0,Liquid,2,,,10.1016/j.fluid.2013.07.037,CCC(C)=O,0.7893,0,Solvent,CCN(CC)CC,0.2107,0.0,Solvent,0.455,0.005
,298.15,100.0,Liquid,2,,,10.1016/j.fluid.2013.07.037,CCC(C)=O,0.2124,0,Solvent,CCN(CC)CC,0.7876,0.0,Solvent,0.57,0.006
,298.15,100.0,Liquid,2,,,10.1016/j.fluid.2013.07.037,CCC(C)=O,0.4967,0,Solvent,CCN(CC)CC,0.5033,0.0,Solvent,0.746,0.008
,298.15,101.0,Liquid,2,0.8581580000000002,9.450000000000002e-05,10.1016/j.fluid.2010.05.001,CN1CCCCC1,0.505,0,Solvent,O,0.495,0.0,Solvent,,
,298.15,101.0,Liquid,2,0.9038110000000004,9.700000000000004e-05,10.1016/j.fluid.2010.05.001,CN1CCCCC1,0.2452,0,Solvent,O,0.7548,0.0,Solvent,,
,298.15,101.0,Liquid,2,0.8260470000000002,0.000108,10.1016/j.fluid.2010.05.001,CN1CCCCC1,0.7907,0,Solvent,O,0.2093,0.0,Solvent,,
,298.15,101.0,Liquid,2,0.7810500000000001,9.750000000000004e-05,10.1016/j.tca.2010.09.004,CCC(C)=O,0.7473,0,Solvent,CCCCNCCCC,0.2527,0.0,Solvent,,
,298.15,101.0,Liquid,2,0.7693960000000002,9.950000000000003e-05,10.1016/j.tca.2010.09.004,CCC(C)=O,0.5018,0,Solvent,CCCCNCCCC,0.4982,0.0,Solvent,,
,298.15,101.0,Liquid,2,0.7614750000000002,0.0001005,10.1016/j.tca.2010.09.004,CCC(C)=O,0.2603,0,Solvent,CCCCNCCCC,0.7397,0.0,Solvent,,
,298.15,101.0,Liquid,2,,,10.1016/j.fluid.2013.01.011,CCC(C)=O,0.7922,0,Solvent,CCCCNCCCC,0.2078,0.0,Solvent,0.425,0.0045
,298.15,101.0,Liquid,2,,,10.1016/j.fluid.2013.01.011,CCC(C)=O,0.2154,0,Solvent,CCCCNCCCC,0.7846,0.0,Solvent,0.417,0.0045
,298.15,101.0,Liquid,2,,,10.1016/j.fluid.2013.01.011,CCC(C)=O,0.5044,0,Solvent,CCCCNCCCC,0.4956,0.0,Solvent,0.619,0.0065
,298.15,101.325,Liquid,2,1.1661600000000003,0.00027,10.1016/j.jct.2005.02.011,CCOCCO,0.7001,0,Solvent,COC(F)(F)C(F)(F)C(F)(F)C(F)(F)F,0.2999,0.0,Solvent,,
,298.15,101.325,Liquid,2,1.28832,0.0004,10.1016/j.jct.2005.02.011,CCOCCO,0.50025,0,Solvent,COC(F)(F)C(F)(F)C(F)(F)C(F)(F)F,0.49975,0.0,Solvent,,
,298.15,101.325,Liquid,2,1.4332400000000003,0.00052,10.1016/j.jct.2005.02.011,CCOCCO,0.20043,0,Solvent,COC(F)(F)C(F)(F)C(F)(F)C(F)(F)F,0.79957,0.0,Solvent,,
,298.15,101.325,Liquid,2,,,10.1016/j.jct.2005.02.011,CCOCCO,0.69995,0,Solvent,COC(F)(F)C(F)(F)C(F)(F)C(F)(F)F,0.30005,0.0,Solvent,0.4892,0.00455
,298.15,101.325,Liquid,2,,,10.1016/j.jct.2005.02.011,CCOCCO,0.49994,0,Solvent,COC(F)(F)C(F)(F)C(F)(F)C(F)(F)F,0.50006,0.0,Solvent,0.6228,0.0056
,298.15,101.325,Liquid,2,,,10.1016/j.jct.2005.02.011,CCOCCO,0.19996,0,Solvent,COC(F)(F)C(F)(F)C(F)(F)C(F)(F)F,0.80004,0.0,Solvent,0.6323,0.00565
,298.15,101.0,Liquid,2,0.7005900000000002,0.000105,10.1021/je2011314,CC(C)CC(C)(C)C,0.5009,0,Solvent,CC(C)OC(C)C,0.4991,0.0,Solvent,,
,298.15,100.8,Liquid,2,0.7090800000000002,0.000155,10.1021/je050367p,CC(C)CC(C)(C)C,0.25,0,Solvent,CC(C)OC(C)C,0.75,0.0,Solvent,,
,298.15,100.8,Liquid,2,0.6937500000000002,0.000155,10.1021/je050367p,CC(C)CC(C)(C)C,0.75,0,Solvent,CC(C)OC(C)C,0.25,0.0,Solvent,,
,303.15,101.0,Liquid,2,,,10.1021/je9001416,CC(C)CC(C)(C)C,0.7748,0,Solvent,CC(C)OC(C)C,0.2252,0.0,Solvent,0.132161,0.001556
,303.15,101.0,Liquid,2,,,10.1021/je9001416,CC(C)CC(C)(C)C,0.2693,0,Solvent,CC(C)OC(C)C,0.7307,0.0,Solvent,0.158983,0.0018345
,303.15,101.0,Liquid,2,,,10.1021/je9001416,CC(C)CC(C)(C)C,0.5125,0,Solvent,CC(C)OC(C)C,0.4875,0.0,Solvent,0.197047,0.002233
,298.15,101.0,Liquid,2,0.7771510000000001,0.000109,10.1016/j.tca.2010.09.004,CCC(C)=O,0.7531,0,Solvent,CCCNCCC,0.2469,0.0,Solvent,,
,298.15,101.0,Liquid,2,0.7590400000000002,0.000125,10.1016/j.tca.2010.09.004,CCC(C)=O,0.5006,0,Solvent,CCCNCCC,0.4994,0.0,Solvent,,
,298.15,101.0,Liquid,2,0.7446230000000003,0.0001405,10.1016/j.tca.2010.09.004,CCC(C)=O,0.2446,0,Solvent,CCCNCCC,0.7554,0.0,Solvent,,
,298.15,101.0,Liquid,2,,,10.1016/j.fluid.2013.01.011,CCC(C)=O,0.2353,0,Solvent,CCCNCCC,0.7647,0.0,Solvent,0.299,0.0035
,298.15,101.0,Liquid,2,,,10.1016/j.fluid.2013.01.011,CCC(C)=O,0.6984,0,Solvent,CCCNCCC,0.3016,0.0,Solvent,0.334,0.0035
,298.15,101.0,Liquid,2,,,10.1016/j.fluid.2013.01.011,CCC(C)=O,0.505,0,Solvent,CCCNCCC,0.495,0.0,Solvent,0.397,0.0045
,308.15,101.0,Liquid,2,0.7409000000000001,0.00015,10.1007/s10765-009-0667-2,CCCCCCC,0.4922,0,Solvent,c1ccccc1,0.5078,0.0,Solvent,,
,308.15,101.0,Liquid,2,0.7855000000000002,0.00015,10.1007/s10765-009-0667-2,CCCCCCC,0.2737,0,Solvent,c1ccccc1,0.7263,0.0,Solvent,,
,298.15,101.0,Liquid,2,0.6892400000000002,0.000805,10.1016/j.jct.2009.06.001,CCCCCCC,0.913667,0,Solvent,c1ccccc1,0.086333,0.0,Solvent,,
,303.15,101.0,Liquid,2,,,10.1016/j.tca.2013.01.028,CCCCCCC,0.7519,0,Solvent,c1ccccc1,0.2481,0.0,Solvent,0.6047,0.0035
,303.15,101.0,Liquid,2,,,10.1016/j.tca.2013.01.028,CCCCCCC,0.2424,0,Solvent,c1ccccc1,0.7576,0.0,Solvent,0.7775,0.0044
,303.15,101.0,Liquid,2,,,10.1016/j.tca.2013.01.028,CCCCCCC,0.5,0,Solvent,c1ccccc1,0.5,0.0,Solvent,0.9235,0.0051
,298.15,100.0,Liquid,2,0.9862000000000004,0.0001,10.1021/je7003758,CCCCCl,0.2961,0,Solvent,CN1CCCC1=O,0.7039,0.0,Solvent,,
,298.15,100.0,Liquid,2,0.9268000000000002,0.0001,10.1021/je7003758,CCCCCl,0.7026,0,Solvent,CN1CCCC1=O,0.2974,0.0,Solvent,,
,298.15,100.0,Liquid,2,0.9575000000000002,0.0001,10.1021/je7003758,CCCCCl,0.4948,0,Solvent,CN1CCCC1=O,0.5052,0.0,Solvent,,
,298.15,101.0,Liquid,2,,,10.1016/j.jct.2008.01.024,CCCCCl,0.49,0,Solvent,CN1CCCC1=O,0.51,0.0,Solvent,0.152,0.002
,298.15,101.0,Liquid,2,,,10.1016/j.jct.2008.01.024,CCCCCl,0.294,0,Solvent,CN1CCCC1=O,0.706,0.0,Solvent,0.145,0.002
,298.15,101.0,Liquid,2,,,10.1016/j.jct.2008.01.024,CCCCCl,0.787,0,Solvent,CN1CCCC1=O,0.213,0.0,Solvent,0.081,0.002
,298.15,100.0,Liquid,2,0.9198400000000002,0.000115,10.1016/j.jct.2015.02.019,CCCCC(=O)OC,0.3493,0,Solvent,COC=O,0.6507,0.0,Solvent,,
,298.15,100.0,Liquid,2,0.90817,0.00012,10.1016/j.jct.2015.02.019,CCCCC(=O)OC,0.5,0,Solvent,COC=O,0.5,0.0,Solvent,,
,298.15,100.0,Liquid,2,0.8955000000000002,0.000135,10.1016/j.jct.2015.02.019,CCCCC(=O)OC,0.7258,0,Solvent,COC=O,0.2742,0.0,Solvent,,
,298.15,100.0,Liquid,2,,,10.1016/j.jct.2015.02.019,CCCCC(=O)OC,0.7968,0,Solvent,COC=O,0.2032,0.0,Solvent,0.219,0.0025
,298.15,100.0,Liquid,2,,,10.1016/j.jct.2015.02.019,CCCCC(=O)OC,0.5232,0,Solvent,COC=O,0.4768,0.0,Solvent,0.409,0.0045
,298.15,100.0,Liquid,2,,,10.1016/j.jct.2015.02.019,CCCCC(=O)OC,0.3486,0,Solvent,COC=O,0.6514,0.0,Solvent,0.422,0.0045
,298.15,101.3,Liquid,2,0.8248000000000002,0.0001,10.1021/acs.jced.9b00668,CC(C)CC(C)(C)C,0.2389,0,Solvent,COC(C)=O,0.7611,0.0,Solvent,,
,298.15,101.3,Liquid,2,0.7171000000000002,0.00015,10.1021/acs.jced.9b00668,CC(C)CC(C)(C)C,0.7364,0,Solvent,COC(C)=O,0.2636,0.0,Solvent,,
,298.15,100.0,Liquid,2,0.7495700000000002,0.000505,10.1021/acs.jced.5b00813,CC(C)CC(C)(C)C,0.5411,0,Solvent,COC(C)=O,0.4589,0.0,Solvent,,
,298.15,100.0,Liquid,2,,,10.1021/acs.jced.5b00813,CC(C)CC(C)(C)C,0.7833,0,Solvent,COC(C)=O,0.2167,0.0,Solvent,1.149,0.0125
,298.15,100.0,Liquid,2,,,10.1021/acs.jced.5b00813,CC(C)CC(C)(C)C,0.256,0,Solvent,COC(C)=O,0.744,0.0,Solvent,1.385,0.015
,298.15,100.0,Liquid,2,,,10.1021/acs.jced.5b00813,CC(C)CC(C)(C)C,0.5406,0,Solvent,COC(C)=O,0.4594,0.0,Solvent,1.759,0.019
,298.15,101.0,Liquid,2,1.0301000000000002,0.0001,10.1016/j.jct.2012.06.015,Cn1ccnc1,0.2167,0,Solvent,O,0.7833,0.0,Solvent,,
,298.15,101.0,Liquid,2,1.0360000000000005,0.00015,10.1016/j.jct.2012.06.015,Cn1ccnc1,0.7795,0,Solvent,O,0.2205,0.0,Solvent,,
,298.15,101.0,Liquid,2,1.0416,0.00015,10.1016/j.jct.2012.06.015,Cn1ccnc1,0.4982,0,Solvent,O,0.5018,0.0,Solvent,,
,298.15,101.0,Liquid,2,0.8836400000000002,0.00012,10.1016/j.jct.2012.03.011,CCCCC(=O)OCC,0.3047,0,Solvent,CCOC(C)=O,0.6953,0.0,Solvent,,
,298.15,101.0,Liquid,2,0.8732900000000001,0.00012,10.1016/j.jct.2012.03.011,CCCCC(=O)OCC,0.7526,0,Solvent,CCOC(C)=O,0.2474,0.0,Solvent,,
,298.15,101.0,Liquid,2,0.8787300000000002,0.00012,10.1016/j.jct.2012.03.011,CCCCC(=O)OCC,0.4921,0,Solvent,CCOC(C)=O,0.5079,0.0,Solvent,,
,298.15,101.0,Liquid,2,,,10.1016/j.jct.2012.03.011,CCCCC(=O)OCC,0.7376,0,Solvent,CCOC(C)=O,0.2624,0.0,Solvent,0.114,0.0015
,298.15,101.0,Liquid,2,,,10.1016/j.jct.2012.03.011,CCCCC(=O)OCC,0.2799,0,Solvent,CCOC(C)=O,0.7201,0.0,Solvent,0.139,0.0015
,298.15,101.0,Liquid,2,,,10.1016/j.jct.2012.03.011,CCCCC(=O)OCC,0.5198,0,Solvent,CCOC(C)=O,0.4802,0.0,Solvent,0.154,0.002
,298.15,101.0,Liquid,2,0.9868740000000004,0.000118,10.1016/j.jct.2010.12.028,Cc1ccccc1N,0.7674,0,Solvent,Cc1ccncc1,0.2326,0.0,Solvent,,
,298.15,101.0,Liquid,2,0.9765780000000002,0.000119,10.1016/j.jct.2010.12.028,Cc1ccccc1N,0.4863,0,Solvent,Cc1ccncc1,0.5137,0.0,Solvent,,
,298.15,101.0,Liquid,2,0.9662520000000002,0.00012,10.1016/j.jct.2010.12.028,Cc1ccccc1N,0.2655,0,Solvent,Cc1ccncc1,0.7345,0.0,Solvent,,
,308.15,101.0,Liquid,2,,,10.1016/j.jct.2010.12.028,Cc1ccccc1N,0.7827,0,Solvent,Cc1ccncc1,0.2173,0.0,Solvent,-0.8885,0.0182
,308.15,101.0,Liquid,2,,,10.1016/j.jct.2010.12.028,Cc1ccccc1N,0.2715,0,Solvent,Cc1ccncc1,0.7285,0.0,Solvent,-1.1791,0.02405
,308.15,101.0,Liquid,2,,,10.1016/j.jct.2010.12.028,Cc1ccccc1N,0.4783,0,Solvent,Cc1ccncc1,0.5217,0.0,Solvent,-1.4295,0.0291
,298.15,101.0,Liquid,2,0.8388000000000001,0.0002,10.1021/je700700f,CC(C)O,0.4981,0,Solvent,O,0.5019,0.0,Solvent,,
,298.15,101.0,Liquid,2,0.9013100000000002,0.000505,10.1021/je201010s,CC(C)O,0.231278,0,Solvent,O,0.768722,0.0,Solvent,,
,298.15,101.0,Liquid,2,0.8030100000000002,0.000505,10.1021/je201010s,CC(C)O,0.764357,0,Solvent,O,0.235643,0.0,Solvent,,
,313.15,101.0,Liquid,2,,,10.1016/j.jct.2007.12.002,CC(C)O,0.5048,0,Solvent,O,0.4952,0.0,Solvent,0.1916,0.00405
,313.15,101.0,Liquid,2,,,10.1016/j.jct.2007.12.002,CC(C)O,0.2031,0,Solvent,O,0.7969,0.0,Solvent,-0.3026,0.0052
,313.15,101.0,Liquid,2,,,10.1016/j.jct.2007.12.002,CC(C)O,0.704,0,Solvent,O,0.296,0.0,Solvent,0.3259,0.0055
,298.15,101.0,Liquid,2,1.002592,0.000101,10.1021/je400184t,NCCO,0.78535,0,Solvent,c1ccncc1,0.21465,0.0,Solvent,,
,298.15,101.0,Liquid,2,0.9825660000000004,0.0001015,10.1021/je400184t,NCCO,0.21001,0,Solvent,c1ccncc1,0.78999,0.0,Solvent,,
,298.15,101.0,Liquid,2,0.9936870000000002,0.0001015,10.1021/je400184t,NCCO,0.55864,0,Solvent,c1ccncc1,0.44136,0.0,Solvent,,
,298.15,101.0,Liquid,2,,,10.1021/je400184t,NCCO,0.74678,0,Solvent,c1ccncc1,0.25322,0.0,Solvent,0.612,0.003
,298.15,101.0,Liquid,2,,,10.1021/je400184t,NCCO,0.55936,0,Solvent,c1ccncc1,0.44064,0.0,Solvent,0.824,0.0035
,298.15,101.0,Liquid,2,,,10.1021/je400184t,NCCO,0.24812,0,Solvent,c1ccncc1,0.75188,0.0,Solvent,0.779,0.0035
,298.15,101.0,Liquid,2,0.9906030000000002,0.0001015,10.1021/je400184t,CN(CCO)CCO,0.23126,0,Solvent,c1ccncc1,0.76874,0.0,Solvent,,
,298.15,101.0,Liquid,2,1.0044450000000005,0.0001015,10.1021/je400184t,CN(CCO)CCO,0.47353,0,Solvent,c1ccncc1,0.52647,0.0,Solvent,,
,298.15,101.0,Liquid,2,1.0161020000000005,0.000102,10.1021/je400184t,CN(CCO)CCO,0.67,0,Solvent,c1ccncc1,0.33,0.0,Solvent,,
,298.15,101.0,Liquid,2,,,10.1021/je400184t,CN(CCO)CCO,0.23061,0,Solvent,c1ccncc1,0.76939,0.0,Solvent,-0.032,0.001
,298.15,101.0,Liquid,2,,,10.1021/je400184t,CN(CCO)CCO,0.47376,0,Solvent,c1ccncc1,0.52624,0.0,Solvent,-0.093,0.001
,298.15,101.0,Liquid,2,,,10.1021/je400184t,CN(CCO)CCO,0.66958,0,Solvent,c1ccncc1,0.33042,0.0,Solvent,-0.12,0.0015
,298.15,101.325,Liquid,2,1.10583,0.000215,10.1016/j.jct.2005.02.011,CCCCOCCO,0.70046,0,Solvent,COC(F)(F)C(F)(F)C(F)(F)C(F)(F)F,0.29954,0.0,Solvent,,
,298.15,101.325,Liquid,2,1.26286,0.00037,10.1016/j.jct.2005.02.011,CCCCOCCO,0.45014,0,Solvent,COC(F)(F)C(F)(F)C(F)(F)C(F)(F)F,0.54986,0.0,Solvent,,
,298.15,101.325,Liquid,2,1.3782300000000005,0.00047,10.1016/j.jct.2005.02.011,CCCCOCCO,0.25014,0,Solvent,COC(F)(F)C(F)(F)C(F)(F)C(F)(F)F,0.74986,0.0,Solvent,,
,298.15,101.325,Liquid,2,,,10.1016/j.jct.2005.02.011,CCCCOCCO,0.69995,0,Solvent,COC(F)(F)C(F)(F)C(F)(F)C(F)(F)F,0.30005,0.0,Solvent,0.655,0.00585
,298.15,101.325,Liquid,2,,,10.1016/j.jct.2005.02.011,CCCCOCCO,0.24995,0,Solvent,COC(F)(F)C(F)(F)C(F)(F)C(F)(F)F,0.75005,0.0,Solvent,0.8134,0.0071
,298.15,101.325,Liquid,2,,,10.1016/j.jct.2005.02.011,CCCCOCCO,0.44994,0,Solvent,COC(F)(F)C(F)(F)C(F)(F)C(F)(F)F,0.55006,0.0,Solvent,0.8353,0.00725
,308.15,101.0,Liquid,2,1.0180000000000002,0.000135,10.1021/je050085p,COc1ccccc1,0.2883,0,Solvent,OCc1ccccc1,0.7117,0.0,Solvent,,
,308.15,101.0,Liquid,2,1.0069400000000004,0.000165,10.1021/je050085p,COc1ccccc1,0.4911,0,Solvent,OCc1ccccc1,0.5089,0.0,Solvent,,
,308.15,101.0,Liquid,2,0.9915900000000004,0.000215,10.1021/je050085p,COc1ccccc1,0.7745,0,Solvent,OCc1ccccc1,0.2255,0.0,Solvent,,
,308.15,101.0,Liquid,2,,,10.1021/je050085p,COc1ccccc1,0.2401,0,Solvent,OCc1ccccc1,0.7599,0.0,Solvent,0.6199,0.0067
,308.15,101.0,Liquid,2,,,10.1021/je050085p,COc1ccccc1,0.4866,0,Solvent,OCc1ccccc1,0.5134,0.0,Solvent,0.9688,0.0104
,308.15,101.0,Liquid,2,,,10.1021/je050085p,COc1ccccc1,0.7398,0,Solvent,OCc1ccccc1,0.2602,0.0,Solvent,1.0539,0.0113
,298.15,101.3,Liquid,2,1.2394100000000003,0.00012,10.1021/je025655p,C1CCOCC1,0.2029,0,Solvent,OCC(F)(F)F,0.7971,0.0,Solvent,,
,298.15,101.3,Liquid,2,1.0703800000000003,0.00017,10.1021/je025655p,C1CCOCC1,0.5192,0,Solvent,OCC(F)(F)F,0.4808,0.0,Solvent,,
,298.15,101.3,Liquid,2,0.9778100000000002,0.000195,10.1021/je025655p,C1CCOCC1,0.7342,0,Solvent,OCC(F)(F)F,0.2658,0.0,Solvent,,
,298.15,101.3,Liquid,2,,,10.1021/je025655p,C1CCOCC1,0.755,0,Solvent,OCC(F)(F)F,0.245,0.0,Solvent,-1.12,0.0075
,298.15,101.3,Liquid,2,,,10.1021/je025655p,C1CCOCC1,0.248,0,Solvent,OCC(F)(F)F,0.752,0.0,Solvent,-1.348,0.0085
,298.15,101.3,Liquid,2,,,10.1021/je025655p,C1CCOCC1,0.466,0,Solvent,OCC(F)(F)F,0.534,0.0,Solvent,-1.689,0.0105
,298.15,100.0,Liquid,2,0.8935250000000002,0.000118,10.1021/je400134d,CNc1ccccc1,0.2452,0,Solvent,Cc1ccccc1,0.7548,0.0,Solvent,,
,298.15,100.0,Liquid,2,0.9235800000000004,0.000164,10.1021/je400134d,CNc1ccccc1,0.49,0,Solvent,Cc1ccccc1,0.51,0.0,Solvent,,
,298.15,100.0,Liquid,2,0.9531280000000004,0.0002595,10.1021/je400134d,CNc1ccccc1,0.7407,0,Solvent,Cc1ccccc1,0.2593,0.0,Solvent,,
,298.15,101.0,Liquid,2,,,10.1016/j.jct.2012.07.006,CNc1ccccc1,0.7892,0,Solvent,Cc1ccccc1,0.2108,0.0,Solvent,0.287,0.003
,298.15,101.0,Liquid,2,,,10.1016/j.jct.2012.07.006,CNc1ccccc1,0.2952,0,Solvent,Cc1ccccc1,0.7048,0.0,Solvent,0.459,0.005
,298.15,101.0,Liquid,2,,,10.1016/j.jct.2012.07.006,CNc1ccccc1,0.4973,0,Solvent,Cc1ccccc1,0.5027,0.0,Solvent,0.497,0.0055
,303.15,100.0,Liquid,2,0.8414100000000002,0.00011,10.1016/j.jct.2019.105884,CCOC(=O)C(C)C,0.499,0,Solvent,CO,0.501,0.0,Solvent,,
,303.15,100.0,Liquid,2,0.8501200000000002,0.00011,10.1016/j.jct.2019.105884,CCOC(=O)C(C)C,0.703,0,Solvent,CO,0.297,0.0,Solvent,,
,303.15,100.0,Liquid,2,0.8173600000000002,0.000115,10.1016/j.jct.2019.105884,CCOC(=O)C(C)C,0.1996,0,Solvent,CO,0.8004,0.0,Solvent,,
,303.15,100.0,Liquid,2,,,10.1016/j.jct.2019.105884,CCOC(=O)C(C)C,0.289,0,Solvent,CO,0.711,0.0,Solvent,0.488,0.0035
,303.15,100.0,Liquid,2,,,10.1016/j.jct.2019.105884,CCOC(=O)C(C)C,0.48,0,Solvent,CO,0.52,0.0,Solvent,0.671,0.0045
,303.15,100.0,Liquid,2,,,10.1016/j.jct.2019.105884,CCOC(=O)C(C)C,0.771,0,Solvent,CO,0.229,0.0,Solvent,0.632,0.0045
,308.15,101.0,Liquid,2,1.02761,0.00011,10.1021/je050085p,CCOc1ccccc1,0.0642,0,Solvent,OCc1ccccc1,0.9358,0.0,Solvent,,
,308.15,101.0,Liquid,2,0.9925100000000002,0.00016,10.1021/je050085p,CCOc1ccccc1,0.4598,0,Solvent,OCc1ccccc1,0.5402,0.0,Solvent,,
,308.15,101.0,Liquid,2,0.9686500000000002,0.000215,10.1021/je050085p,CCOc1ccccc1,0.7572,0,Solvent,OCc1ccccc1,0.2428,0.0,Solvent,,
,308.15,101.0,Liquid,2,,,10.1021/je050085p,CCOc1ccccc1,0.0636,0,Solvent,OCc1ccccc1,0.9364,0.0,Solvent,0.1901,0.00225
,308.15,101.0,Liquid,2,,,10.1021/je050085p,CCOc1ccccc1,0.5499,0,Solvent,OCc1ccccc1,0.4501,0.0,Solvent,1.0561,0.01135
,308.15,101.0,Liquid,2,,,10.1021/je050085p,CCOc1ccccc1,0.7651,0,Solvent,OCc1ccccc1,0.2349,0.0,Solvent,1.083,0.0116
,298.15,101.325,Liquid,2,1.1440300000000003,0.00024,10.1016/j.jct.2005.02.011,COC(F)(F)C(F)(F)C(F)(F)C(F)(F)F,0.19987,0,Solvent,COCCO,0.80013,0.0,Solvent,,
,298.15,101.325,Liquid,2,1.3282300000000002,0.00043,10.1016/j.jct.2005.02.011,COC(F)(F)C(F)(F)C(F)(F)C(F)(F)F,0.50014,0,Solvent,COCCO,0.49986,0.0,Solvent,,
,298.15,101.325,Liquid,2,1.4145500000000002,0.000505,10.1016/j.jct.2005.02.011,COC(F)(F)C(F)(F)C(F)(F)C(F)(F)F,0.70009,0,Solvent,COCCO,0.29991,0.0,Solvent,,
,298.15,101.325,Liquid,2,,,10.1016/j.jct.2005.02.011,COC(F)(F)C(F)(F)C(F)(F)C(F)(F)F,0.20004,0,Solvent,COCCO,0.79996,0.0,Solvent,0.4189,0.004
,298.15,101.325,Liquid,2,,,10.1016/j.jct.2005.02.011,COC(F)(F)C(F)(F)C(F)(F)C(F)(F)F,0.50004,0,Solvent,COCCO,0.49996,0.0,Solvent,0.6038,0.00545
,298.15,101.325,Liquid,2,,,10.1016/j.jct.2005.02.011,COC(F)(F)C(F)(F)C(F)(F)C(F)(F)F,0.70009,0,Solvent,COCCO,0.29991,0.0,Solvent,0.6422,0.00575
,298.15,101.0,Liquid,2,0.9936220000000002,0.000117,10.1016/j.jct.2010.12.028,Cc1ccccc1N,0.7678,0,Solvent,c1ccncc1,0.2322,0.0,Solvent,,
,298.15,101.0,Liquid,2,0.9912370000000004,0.000117,10.1016/j.jct.2010.12.028,Cc1ccccc1N,0.4837,0,Solvent,c1ccncc1,0.5163,0.0,Solvent,,
,298.15,101.0,Liquid,2,0.9863750000000002,0.000118,10.1016/j.jct.2010.12.028,Cc1ccccc1N,0.2374,0,Solvent,c1ccncc1,0.7626,0.0,Solvent,,
,308.15,101.0,Liquid,2,,,10.1016/j.jct.2010.12.028,Cc1ccccc1N,0.7735,0,Solvent,c1ccncc1,0.2265,0.0,Solvent,-0.7828,0.016
,308.15,101.0,Liquid,2,,,10.1016/j.jct.2010.12.028,Cc1ccccc1N,0.2681,0,Solvent,c1ccncc1,0.7319,0.0,Solvent,-0.8915,0.0182
,308.15,101.0,Liquid,2,,,10.1016/j.jct.2010.12.028,Cc1ccccc1N,0.4826,0,Solvent,c1ccncc1,0.5174,0.0,Solvent,-1.0329,0.02105
,298.15,101.0,Liquid,2,0.9867010000000004,0.000118,10.1016/j.jct.2010.12.028,Cc1ccccc1N,0.7372,0,Solvent,Cc1cccnc1,0.2628,0.0,Solvent,,
,298.15,101.0,Liquid,2,0.9795770000000004,0.0001185,10.1016/j.jct.2010.12.028,Cc1ccccc1N,0.5336,0,Solvent,Cc1cccnc1,0.4664,0.0,Solvent,,
,298.15,101.0,Liquid,2,0.9668750000000004,0.00012,10.1016/j.jct.2010.12.028,Cc1ccccc1N,0.2467,0,Solvent,Cc1cccnc1,0.7533,0.0,Solvent,,
,308.15,101.0,Liquid,2,,,10.1016/j.jct.2010.12.028,Cc1ccccc1N,0.7789,0,Solvent,Cc1cccnc1,0.2211,0.0,Solvent,-0.8735,0.01785
,308.15,101.0,Liquid,2,,,10.1016/j.jct.2010.12.028,Cc1ccccc1N,0.2323,0,Solvent,Cc1cccnc1,0.7677,0.0,Solvent,-1.1196,0.02285
,308.15,101.0,Liquid,2,,,10.1016/j.jct.2010.12.028,Cc1ccccc1N,0.4926,0,Solvent,Cc1cccnc1,0.5074,0.0,Solvent,-1.4091,0.0287
,298.15,101.3,Liquid,2,0.7918920000000003,0.00012,10.1016/j.jct.2011.05.003,CCCCCC(C)=O,0.7418,0,Solvent,CCCNCCC,0.2582,0.0,Solvent,,
,298.15,101.3,Liquid,2,0.7766620000000002,0.0001215,10.1016/j.jct.2011.05.003,CCCCCC(C)=O,0.5427,0,Solvent,CCCNCCC,0.4573,0.0,Solvent,,
,298.15,101.3,Liquid,2,0.7540050000000001,0.0001215,10.1016/j.jct.2011.05.003,CCCCCC(C)=O,0.2526,0,Solvent,CCCNCCC,0.7474,0.0,Solvent,,
,298.15,101.0,Liquid,2,,,10.1016/j.fluid.2013.01.011,CCCCCC(C)=O,0.788,0,Solvent,CCCNCCC,0.212,0.0,Solvent,0.088,0.001
,298.15,101.0,Liquid,2,,,10.1016/j.fluid.2013.01.011,CCCCCC(C)=O,0.2132,0,Solvent,CCCNCCC,0.7868,0.0,Solvent,0.137,0.0015
,298.15,101.0,Liquid,2,,,10.1016/j.fluid.2013.01.011,CCCCCC(C)=O,0.5007,0,Solvent,CCCNCCC,0.4993,0.0,Solvent,0.162,0.002
,298.15,101.0,Liquid,2,0.8345000000000002,0.000135,10.1016/j.tca.2014.03.038,CCO,0.6995,0,Solvent,CN(C)CCO,0.3005,0.0,Solvent,,
,298.15,101.0,Liquid,2,0.8566200000000002,0.00015,10.1016/j.tca.2014.03.038,CCO,0.4949,0,Solvent,CN(C)CCO,0.5051,0.0,Solvent,,
,298.15,101.0,Liquid,2,0.8710100000000002,0.000165,10.1016/j.tca.2014.03.038,CCO,0.2914,0,Solvent,CN(C)CCO,0.7086,0.0,Solvent,,
,298.2,100.0,Liquid,2,,,10.1021/je800334m,CCO,0.2686,0,Solvent,CN(C)CCO,0.7314,0.0,Solvent,-0.2783,0.0031
,298.2,100.0,Liquid,2,,,10.1021/je800334m,CCO,0.7335,0,Solvent,CN(C)CCO,0.2665,0.0,Solvent,-0.3657,0.004
,298.2,100.0,Liquid,2,,,10.1021/je800334m,CCO,0.5084,0,Solvent,CN(C)CCO,0.4916,0.0,Solvent,-0.4044,0.0044
,298.15,101.3,Liquid,2,1.2551900000000002,0.000135,10.1021/je034076x,C1CCOC1,0.2053,0,Solvent,OCC(F)(F)F,0.7947,0.0,Solvent,,
,298.15,101.3,Liquid,2,1.1030700000000002,0.00017,10.1021/je034076x,C1CCOC1,0.4986,0,Solvent,OCC(F)(F)F,0.5014,0.0,Solvent,,
,298.15,101.3,Liquid,2,1.0091900000000005,0.000195,10.1021/je034076x,C1CCOC1,0.7019,0,Solvent,OCC(F)(F)F,0.2981,0.0,Solvent,,
,298.15,101.3,Liquid,2,,,10.1021/je034076x,C1CCOC1,0.717,0,Solvent,OCC(F)(F)F,0.283,0.0,Solvent,-1.427,0.009
,298.15,101.3,Liquid,2,,,10.1021/je034076x,C1CCOC1,0.212,0,Solvent,OCC(F)(F)F,0.788,0.0,Solvent,-1.543,0.0095
,298.15,101.3,Liquid,2,,,10.1021/je034076x,C1CCOC1,0.517,0,Solvent,OCC(F)(F)F,0.483,0.0,Solvent,-1.956,0.012
,298.15,101.0,Liquid,2,1.0222800000000003,0.000125,10.1021/je060032n,NCCNCCO,0.07,0,Solvent,O,0.93,0.0,Solvent,,
,313.15,101.0,Liquid,2,1.0370100000000002,0.00017,10.1021/je060032n,NCCNCCO,0.3997,0,Solvent,O,0.6003,0.0,Solvent,,
,298.15,101.0,Liquid,2,1.0318300000000002,0.00024,10.1021/je060032n,NCCNCCO,0.7997,0,Solvent,O,0.2003,0.0,Solvent,,
,298.15,101.0,Liquid,2,,,10.1016/j.jct.2007.03.010,NCCNCCO,0.0699,0,Solvent,O,0.9301,0.0,Solvent,-1.713,0.035
,298.15,101.0,Liquid,2,,,10.1016/j.jct.2007.03.010,NCCNCCO,0.77,0,Solvent,O,0.23,0.0,Solvent,-1.711,0.035
,313.15,101.0,Liquid,2,,,10.1016/j.jct.2007.03.010,NCCNCCO,0.4001,0,Solvent,O,0.5999,0.0,Solvent,-4.15,0.0845
,298.15,100.0,Liquid,2,0.8233530000000001,0.000138,10.1021/je400134d,C1CCCCC1,0.7464,0,Solvent,CNc1ccccc1,0.2536,0.0,Solvent,,
,298.15,100.0,Liquid,2,0.8759620000000002,0.0001835,10.1021/je400134d,C1CCCCC1,0.4945,0,Solvent,CNc1ccccc1,0.5055,0.0,Solvent,,
,298.15,100.0,Liquid,2,0.9289450000000002,0.000272,10.1021/je400134d,C1CCCCC1,0.247,0,Solvent,CNc1ccccc1,0.753,0.0,Solvent,,
,298.15,101.0,Liquid,2,,,10.1016/j.jct.2012.07.006,C1CCCCC1,0.2047,0,Solvent,CNc1ccccc1,0.7953,0.0,Solvent,0.972,0.0105
,298.15,101.0,Liquid,2,,,10.1016/j.jct.2012.07.006,C1CCCCC1,0.7066,0,Solvent,CNc1ccccc1,0.2934,0.0,Solvent,1.521,0.0165
,298.15,101.0,Liquid,2,,,10.1016/j.jct.2012.07.006,C1CCCCC1,0.5063,0,Solvent,CNc1ccccc1,0.4937,0.0,Solvent,1.628,0.0175
,298.15,101.0,Liquid,2,0.6707000000000002,0.000165,10.1016/j.fluid.2013.11.026,CCCCC,0.748,0,Solvent,CCOC=O,0.252,0.0,Solvent,,
,298.15,101.0,Liquid,2,0.7333000000000002,0.00024,10.1016/j.fluid.2013.11.026,CCCCC,0.504,0,Solvent,CCOC=O,0.496,0.0,Solvent,,
,298.15,101.0,Liquid,2,0.7971000000000003,0.000345,10.1016/j.fluid.2013.11.026,CCCCC,0.298,0,Solvent,CCOC=O,0.702,0.0,Solvent,,
,298.15,101.0,Liquid,2,,,10.1016/j.fluid.2013.11.026,CCCCC,0.2298,0,Solvent,CCOC=O,0.7702,0.0,Solvent,1.016,0.0045
,298.15,101.0,Liquid,2,,,10.1016/j.fluid.2013.11.026,CCCCC,0.7779,0,Solvent,CCOC=O,0.2221,0.0,Solvent,1.051,0.0045
,298.15,101.0,Liquid,2,,,10.1016/j.fluid.2013.11.026,CCCCC,0.5001,0,Solvent,CCOC=O,0.4999,0.0,Solvent,1.354,0.0055
,291.15,101.0,Liquid,2,0.6740500000000001,0.00013,10.1016/j.fluid.2013.11.026,CCCCC,0.73,0,Solvent,COC=O,0.27,0.0,Solvent,,
,291.15,101.0,Liquid,2,0.7379200000000001,0.00015,10.1016/j.fluid.2013.11.026,CCCCC,0.494,0,Solvent,COC=O,0.506,0.0,Solvent,,
,291.15,101.0,Liquid,2,0.8359400000000002,0.000175,10.1016/j.fluid.2013.11.026,CCCCC,0.241,0,Solvent,COC=O,0.759,0.0,Solvent,,
,291.15,101.0,Liquid,2,,,10.1016/j.fluid.2013.11.026,CCCCC,0.7887,0,Solvent,COC=O,0.2113,0.0,Solvent,1.154,0.005
,291.15,101.0,Liquid,2,,,10.1016/j.fluid.2013.11.026,CCCCC,0.2317,0,Solvent,COC=O,0.7683,0.0,Solvent,1.433,0.006
,291.15,101.0,Liquid,2,,,10.1016/j.fluid.2013.11.026,CCCCC,0.5217,0,Solvent,COC=O,0.4783,0.0,Solvent,1.876,0.0075
,298.15,100.0,Liquid,2,0.7424910000000001,0.00014,10.1021/je400134d,CCCCCCC,0.7405,0,Solvent,CNc1ccccc1,0.2595,0.0,Solvent,,
,298.15,100.0,Liquid,2,0.8106920000000002,0.0001785,10.1021/je400134d,CCCCCCC,0.497,0,Solvent,CNc1ccccc1,0.503,0.0,Solvent,,
,298.15,100.0,Liquid,2,0.8897150000000003,0.0002615,10.1021/je400134d,CCCCCCC,0.2509,0,Solvent,CNc1ccccc1,0.7491,0.0,Solvent,,
,298.15,101.0,Liquid,2,,,10.1016/j.jct.2012.07.006,CCCCCCC,0.2059,0,Solvent,CNc1ccccc1,0.7941,0.0,Solvent,1.126,0.012
,298.15,101.0,Liquid,2,,,10.1016/j.jct.2012.07.006,CCCCCCC,0.7032,0,Solvent,CNc1ccccc1,0.2968,0.0,Solvent,1.539,0.0165
,298.15,101.0,Liquid,2,,,10.1016/j.jct.2012.07.006,CCCCCCC,0.5017,0,Solvent,CNc1ccccc1,0.4983,0.0,Solvent,1.676,0.018
,298.15,101.0,Liquid,2,0.9960300000000002,0.00016,10.1021/je060457+,CNCCO,0.1987,0,Solvent,O,0.8013,0.0,Solvent,,
,298.15,101.0,Liquid,2,0.9688100000000002,0.000235,10.1021/je060457+,CNCCO,0.5041,0,Solvent,O,0.4959,0.0,Solvent,,
,298.15,101.0,Liquid,2,0.9466300000000002,0.00032,10.1021/je060457+,CNCCO,0.8009,0,Solvent,O,0.1991,0.0,Solvent,,
,298.15,101.0,Liquid,2,,,10.1016/j.jct.2007.03.010,CNCCO,0.7988,0,Solvent,O,0.2012,0.0,Solvent,-1.219,0.025
,298.15,101.0,Liquid,2,,,10.1016/j.jct.2007.03.010,CNCCO,0.1992,0,Solvent,O,0.8008,0.0,Solvent,-2.243,0.0455
,298.15,101.0,Liquid,2,,,10.1016/j.jct.2007.03.010,CNCCO,0.5017,0,Solvent,O,0.4983,0.0,Solvent,-2.508,0.051
,298.15,101.0,Liquid,2,0.94503,0.00015,10.1021/je801006q,CCCCO,0.5004,0,Solvent,OC1=NCCC1,0.4996,0.0,Solvent,,
,298.15,101.0,Liquid,2,0.8711500000000002,0.000185,10.1021/je801006q,CCCCO,0.7555,0,Solvent,OC1=NCCC1,0.2445,0.0,Solvent,,
,298.15,101.0,Liquid,2,1.0575900000000005,0.000205,10.1021/je801006q,CCCCO,0.1446,0,Solvent,OC1=NCCC1,0.8554,0.0,Solvent,,
,298.15,101.0,Liquid,2,,,10.1021/je801006q,CCCCO,0.1447,0,Solvent,OC1=NCCC1,0.8553,0.0,Solvent,0.0949,0.0012
,298.15,101.0,Liquid,2,,,10.1021/je801006q,CCCCO,0.4978,0,Solvent,OC1=NCCC1,0.5022,0.0,Solvent,0.2326,0.0026
,298.15,101.0,Liquid,2,,,10.1021/je801006q,CCCCO,0.7548,0,Solvent,OC1=NCCC1,0.2452,0.0,Solvent,0.2356,0.00265
,298.15,101.0,Liquid,2,0.8506500000000001,0.00014,10.1016/j.tca.2014.03.038,CN(C)CCO,0.2962,0,Solvent,CO,0.7038,0.0,Solvent,,
,298.15,101.0,Liquid,2,0.8684000000000002,0.000155,10.1016/j.tca.2014.03.038,CN(C)CCO,0.502,0,Solvent,CO,0.498,0.0,Solvent,,
,298.15,101.0,Liquid,2,0.8766100000000002,0.00017,10.1016/j.tca.2014.03.038,CN(C)CCO,0.7075,0,Solvent,CO,0.2925,0.0,Solvent,,
,298.2,100.0,Liquid,2,,,10.1021/je800334m,CN(C)CCO,0.7506,0,Solvent,CO,0.2494,0.0,Solvent,-0.5322,0.00585
,298.2,100.0,Liquid,2,,,10.1021/je800334m,CN(C)CCO,0.2479,0,Solvent,CO,0.7521,0.0,Solvent,-0.8057,0.0087
,298.2,100.0,Liquid,2,,,10.1021/je800334m,CN(C)CCO,0.4972,0,Solvent,CO,0.5028,0.0,Solvent,-0.8673,0.00935
,298.15,101.0,Liquid,2,0.7392000000000002,0.00065,10.1007/s10765-005-5572-8,C1CCCCC1,0.7543,0,Solvent,CCCCCC,0.2457,0.0,Solvent,,
,298.15,101.0,Liquid,2,0.7105500000000001,0.001555,10.1016/j.jct.2005.02.006,C1CCCCC1,0.4793,0,Solvent,CCCCCC,0.5207,0.0,Solvent,,
,298.15,101.0,Liquid,2,0.6838300000000002,0.001655,10.1016/j.jct.2005.02.006,C1CCCCC1,0.2343,0,Solvent,CCCCCC,0.7657,0.0,Solvent,,
,298.15,101.0,Liquid,2,,,10.1016/j.jct.2008.12.004,C1CCCCC1,0.219,0,Solvent,CCCCCC,0.781,0.0,Solvent,0.1264,0.00105
,298.15,101.0,Liquid,2,,,10.1016/j.jct.2008.12.004,C1CCCCC1,0.7255,0,Solvent,CCCCCC,0.2745,0.0,Solvent,0.199,0.00145
,298.15,101.0,Liquid,2,,,10.1016/j.jct.2008.12.004,C1CCCCC1,0.4832,0,Solvent,CCCCCC,0.5168,0.0,Solvent,0.2144,0.00155
,298.15,101.0,Liquid,2,0.8299700000000002,0.00014,10.1016/j.fluid.2008.06.019,CC(C)OC(C)C,0.2004,0,Solvent,Cc1ccccc1,0.7996,0.0,Solvent,,
,298.15,101.0,Liquid,2,0.7573100000000001,0.000155,10.1016/j.fluid.2008.06.019,CC(C)OC(C)C,0.7004,0,Solvent,Cc1ccccc1,0.2996,0.0,Solvent,,
,298.15,101.0,Liquid,2,0.7849200000000002,0.000155,10.1016/j.fluid.2008.06.019,CC(C)OC(C)C,0.5003,0,Solvent,Cc1ccccc1,0.4997,0.0,Solvent,,
,303.15,101.0,Liquid,2,,,10.1016/j.fluid.2007.03.017,CC(C)OC(C)C,0.752,0,Solvent,Cc1ccccc1,0.248,0.0,Solvent,-0.0091,0.00505
,303.15,101.0,Liquid,2,,,10.1016/j.fluid.2007.03.017,CC(C)OC(C)C,0.455,0,Solvent,Cc1ccccc1,0.545,0.0,Solvent,0.0323,0.0051
,303.15,101.0,Liquid,2,,,10.1016/j.fluid.2007.03.017,CC(C)OC(C)C,0.228,0,Solvent,Cc1ccccc1,0.772,0.0,Solvent,0.0593,0.00515
,298.15,101.0,Liquid,2,0.6792300000000002,0.00018,10.1016/j.fluid.2013.11.026,CCCCC,0.7475,0,Solvent,CCCOC=O,0.2525,0.0,Solvent,,
,298.15,101.0,Liquid,2,0.7417500000000001,0.000275,10.1016/j.fluid.2013.11.026,CCCCC,0.5118,0,Solvent,CCCOC=O,0.4882,0.0,Solvent,,
,291.15,101.0,Liquid,2,0.8484000000000002,0.00055,10.1016/j.fluid.2013.11.026,CCCCC,0.181,0,Solvent,CCCOC=O,0.819,0.0,Solvent,,
,291.15,101.0,Liquid,2,,,10.1016/j.fluid.2013.11.026,CCCCC,0.181,0,Solvent,CCCOC=O,0.819,0.0,Solvent,0.553,0.0025
,298.15,101.0,Liquid,2,,,10.1016/j.fluid.2013.11.026,CCCCC,0.7294,0,Solvent,CCCOC=O,0.2706,0.0,Solvent,0.96,0.004
,298.15,101.0,Liquid,2,,,10.1016/j.fluid.2013.11.026,CCCCC,0.5095,0,Solvent,CCCOC=O,0.4905,0.0,Solvent,1.099,0.0045
,298.15,101.0,Liquid,2,0.9854410000000002,0.000169,10.1016/j.jct.2010.12.028,Cc1ccccc1N,0.7571,0,Solvent,Cc1ccccn1,0.2429,0.0,Solvent,,
,298.15,101.0,Liquid,2,0.9748990000000002,0.0002315,10.1016/j.jct.2010.12.028,Cc1ccccc1N,0.5146,0,Solvent,Cc1ccccn1,0.4854,0.0,Solvent,,
,298.15,101.0,Liquid,2,0.9597930000000002,0.000307,10.1016/j.jct.2010.12.028,Cc1ccccc1N,0.2557,0,Solvent,Cc1ccccn1,0.7443,0.0,Solvent,,
,308.15,101.0,Liquid,2,,,10.1016/j.jct.2010.12.028,Cc1ccccc1N,0.7821,0,Solvent,Cc1ccccn1,0.2179,0.0,Solvent,-0.8656,0.01775
,308.15,101.0,Liquid,2,,,10.1016/j.jct.2010.12.028,Cc1ccccc1N,0.2736,0,Solvent,Cc1ccccn1,0.7264,0.0,Solvent,-1.2462,0.0254
,308.15,101.0,Liquid,2,,,10.1016/j.jct.2010.12.028,Cc1ccccc1N,0.4882,0,Solvent,Cc1ccccn1,0.5118,0.0,Solvent,-1.4976,0.0305
,298.15,101.0,Liquid,2,0.9379600000000002,0.000185,10.1016/j.jct.2007.05.009,C1CCNCC1,0.25,0,Solvent,O,0.75,0.0,Solvent,,
,298.15,101.0,Liquid,2,0.90329,0.000235,10.1016/j.jct.2007.05.009,C1CCNCC1,0.5,0,Solvent,O,0.5,0.0,Solvent,,
,298.15,101.0,Liquid,2,0.8771300000000002,0.000285,10.1016/j.jct.2007.05.009,C1CCNCC1,0.75,0,Solvent,O,0.25,0.0,Solvent,,
,297.15,101.0,Liquid,2,,,10.1016/j.fluid.2009.10.018,C1CCNCC1,0.75,0,Solvent,O,0.25,0.0,Solvent,-1.4628,0.02995
,297.15,101.0,Liquid,2,,,10.1016/j.fluid.2009.10.018,C1CCNCC1,0.25,0,Solvent,O,0.75,0.0,Solvent,-1.9642,0.04065
,297.15,101.0,Liquid,2,,,10.1016/j.fluid.2009.10.018,C1CCNCC1,0.5,0,Solvent,O,0.5,0.0,Solvent,-2.1379,0.04355
,298.15,101.0,Liquid,2,0.9991050000000002,0.000177,10.1016/j.tca.2011.06.020,CNC=O,0.2756,0,Solvent,Cc1ccccc1N,0.7244,0.0,Solvent,,
,298.15,101.0,Liquid,2,1.0015600000000002,0.000245,10.1016/j.tca.2011.06.020,CNC=O,0.5198,0,Solvent,Cc1ccccc1N,0.4802,0.0,Solvent,,
,308.15,101.0,Liquid,2,0.9935880000000002,0.00031,10.1016/j.tca.2011.06.020,CNC=O,0.7211,0,Solvent,Cc1ccccc1N,0.2789,0.0,Solvent,,
,308.15,101.0,Liquid,2,,,10.1016/j.tca.2011.06.020,CNC=O,0.2174,0,Solvent,Cc1ccccc1N,0.7826,0.0,Solvent,-0.4044,0.0044
,308.15,101.0,Liquid,2,,,10.1016/j.tca.2011.06.020,CNC=O,0.7214,0,Solvent,Cc1ccccc1N,0.2786,0.0,Solvent,-0.6685,0.0072
,308.15,101.0,Liquid,2,,,10.1016/j.tca.2011.06.020,CNC=O,0.5189,0,Solvent,Cc1ccccc1N,0.4811,0.0,Solvent,-0.7563,0.00815
,298.15,100.0,Liquid,2,1.0851000000000002,0.0002,10.1021/je7003758,CN1CCCC1=O,0.7037,0,Solvent,ClCCCl,0.2963,0.0,Solvent,,
,298.15,100.0,Liquid,2,1.1283000000000003,0.0002,10.1021/je7003758,CN1CCCC1=O,0.4975,0,Solvent,ClCCCl,0.5025,0.0,Solvent,,
,298.15,100.0,Liquid,2,1.1953000000000005,0.00025,10.1021/je7003758,CN1CCCC1=O,0.2025,0,Solvent,ClCCCl,0.7975,0.0,Solvent,,
,298.15,101.0,Liquid,2,,,10.1016/j.jct.2008.01.024,CN1CCCC1=O,0.5,0,Solvent,ClCCCl,0.5,0.0,Solvent,-1.264,0.0055
,298.15,101.3,Liquid,2,,,10.1021/je020065c,CN1CCCC1=O,0.2531,0,Solvent,ClCCCl,0.7469,0.0,Solvent,-0.8118,0.01525
,298.15,101.3,Liquid,2,,,10.1021/je020065c,CN1CCCC1=O,0.7367,0,Solvent,ClCCCl,0.2633,0.0,Solvent,-0.8587,0.01605
,298.15,101.0,Liquid,2,1.0078300000000002,0.000155,10.1021/je801006q,CC(C)CO,0.2874,0,Solvent,OC1=NCCC1,0.7126,0.0,Solvent,,
,298.15,101.0,Liquid,2,0.9431100000000002,0.00017,10.1021/je801006q,CC(C)CO,0.4894,0,Solvent,OC1=NCCC1,0.5106,0.0,Solvent,,
,298.15,101.0,Liquid,2,0.8623100000000001,0.000205,10.1021/je801006q,CC(C)CO,0.7622,0,Solvent,OC1=NCCC1,0.2378,0.0,Solvent,,
,298.15,101.0,Liquid,2,,,10.1021/je801006q,CC(C)CO,0.2598,0,Solvent,OC1=NCCC1,0.7402,0.0,Solvent,0.1798,0.00205
,298.15,101.0,Liquid,2,,,10.1021/je801006q,CC(C)CO,0.4978,0,Solvent,OC1=NCCC1,0.5022,0.0,Solvent,0.2775,0.0031
,298.15,101.0,Liquid,2,,,10.1021/je801006q,CC(C)CO,0.7549,0,Solvent,OC1=NCCC1,0.2451,0.0,Solvent,0.2989,0.0033
,298.15,100.0,Liquid,2,0.9389000000000002,0.0002,10.1021/je7003758,CCCCCCCl,0.4993,0,Solvent,CN1CCCC1=O,0.5007,0.0,Solvent,,
,298.15,100.0,Liquid,2,0.9715000000000004,0.0002,10.1021/je7003758,CCCCCCCl,0.2984,0,Solvent,CN1CCCC1=O,0.7016,0.0,Solvent,,
,298.15,100.0,Liquid,2,0.8970000000000002,0.0003,10.1021/je7003758,CCCCCCCl,0.8012,0,Solvent,CN1CCCC1=O,0.1988,0.0,Solvent,,
,298.15,101.0,Liquid,2,,,10.1016/j.jct.2008.01.024,CCCCCCCl,0.497,0,Solvent,CN1CCCC1=O,0.503,0.0,Solvent,0.416,0.0025
,298.15,101.0,Liquid,2,,,10.1016/j.jct.2008.01.024,CCCCCCCl,0.79,0,Solvent,CN1CCCC1=O,0.21,0.0,Solvent,0.232,0.0025
,298.15,101.0,Liquid,2,,,10.1016/j.jct.2008.01.024,CCCCCCCl,0.203,0,Solvent,CN1CCCC1=O,0.797,0.0,Solvent,0.319,0.0025
,298.15,101.0,Liquid,2,1.0036300000000002,0.000155,10.1021/je801006q,CC(C)(C)O,0.2764,0,Solvent,OC1=NCCC1,0.7236,0.0,Solvent,,
,298.15,101.0,Liquid,2,0.9282800000000002,0.00018,10.1021/je801006q,CC(C)(C)O,0.4997,0,Solvent,OC1=NCCC1,0.5003,0.0,Solvent,,
,298.15,101.0,Liquid,2,0.8505700000000003,0.000215,10.1021/je801006q,CC(C)(C)O,0.7511,0,Solvent,OC1=NCCC1,0.2489,0.0,Solvent,,
,298.15,101.0,Liquid,2,,,10.1021/je801006q,CC(C)(C)O,0.2578,0,Solvent,OC1=NCCC1,0.7422,0.0,Solvent,0.2874,0.0032
,298.15,101.0,Liquid,2,,,10.1021/je801006q,CC(C)(C)O,0.7449,0,Solvent,OC1=NCCC1,0.2551,0.0,Solvent,0.3774,0.00415
,298.15,101.0,Liquid,2,,,10.1021/je801006q,CC(C)(C)O,0.5057,0,Solvent,OC1=NCCC1,0.4943,0.0,Solvent,0.4323,0.0047
,298.15,101.0,Liquid,2,0.9734540000000002,0.000164,10.1016/j.tca.2011.06.020,C1CCOCC1,0.2297,0,Solvent,Cc1ccccc1N,0.7703,0.0,Solvent,,
,298.15,101.0,Liquid,2,0.9459860000000002,0.0002275,10.1016/j.tca.2011.06.020,C1CCOCC1,0.4986,0,Solvent,Cc1ccccc1N,0.5014,0.0,Solvent,,
,298.15,101.0,Liquid,2,0.91866,0.000285,10.1016/j.tca.2011.06.020,C1CCOCC1,0.7279,0,Solvent,Cc1ccccc1N,0.2721,0.0,Solvent,,
,308.15,101.0,Liquid,2,,,10.1021/je1005196,C1CCOCC1,0.2379,0,Solvent,Cc1ccccc1N,0.7621,0.0,Solvent,-0.3658,0.004
,308.15,101.0,Liquid,2,,,10.1021/je1005196,C1CCOCC1,0.741,0,Solvent,Cc1ccccc1N,0.259,0.0,Solvent,-0.4892,0.0053
,308.15,101.0,Liquid,2,,,10.1021/je1005196,C1CCOCC1,0.4901,0,Solvent,Cc1ccccc1N,0.5099,0.0,Solvent,-0.5715,0.0062
,298.15,101.0,Liquid,2,1.1687800000000002,0.00033,10.1016/j.jct.2006.10.008,CCOC=O,0.2317,0,Solvent,ClCCCl,0.7683,0.0,Solvent,,
,298.15,101.325,Liquid,2,1.06852,0.000525,10.1016/j.jct.2005.03.020,CCOC=O,0.5246,0,Solvent,ClCCCl,0.4754,0.0,Solvent,,
,298.15,101.325,Liquid,2,0.9922300000000004,0.00062,10.1016/j.jct.2005.03.020,CCOC=O,0.758,0,Solvent,ClCCCl,0.242,0.0,Solvent,,
,298.15,101.0,Liquid,2,,,10.1016/j.jct.2006.10.008,CCOC=O,0.2551,0,Solvent,ClCCCl,0.7449,0.0,Solvent,-0.1475,0.00095
,298.15,101.0,Liquid,2,,,10.1016/j.jct.2006.10.008,CCOC=O,0.7374,0,Solvent,ClCCCl,0.2626,0.0,Solvent,-0.2029,0.0012
,298.15,101.0,Liquid,2,,,10.1016/j.jct.2006.10.008,CCOC=O,0.5094,0,Solvent,ClCCCl,0.4906,0.0,Solvent,-0.2501,0.00135
,298.15,101.0,Liquid,2,0.9329390000000002,0.0002125,10.1016/j.tca.2011.02.002,C1CCOCC1,0.2536,0,Solvent,Cc1ccncc1,0.7464,0.0,Solvent,,
,298.15,101.0,Liquid,2,0.9162950000000002,0.0002825,10.1016/j.tca.2011.02.002,C1CCOCC1,0.4913,0,Solvent,Cc1ccncc1,0.5087,0.0,Solvent,,
,308.15,101.0,Liquid,2,0.8827950000000002,0.000387,10.1016/j.tca.2011.02.002,C1CCOCC1,0.8263,0,Solvent,Cc1ccncc1,0.1737,0.0,Solvent,,
,308.15,101.0,Liquid,2,,,10.1016/j.tca.2011.02.002,C1CCOCC1,0.8262,0,Solvent,Cc1ccncc1,0.1738,0.0,Solvent,0.0948,0.001
,308.15,101.0,Liquid,2,,,10.1016/j.tca.2011.02.002,C1CCOCC1,0.2416,0,Solvent,Cc1ccncc1,0.7584,0.0,Solvent,0.0975,0.001
,308.15,101.0,Liquid,2,,,10.1016/j.tca.2011.02.002,C1CCOCC1,0.4834,0,Solvent,Cc1ccncc1,0.5166,0.0,Solvent,0.1741,0.00135
,298.15,101.0,Liquid,2,1.0461600000000004,0.000205,10.1016/j.jct.2006.10.008,COC=O,0.753,0,Solvent,ClCCCl,0.247,0.0,Solvent,,
,298.15,101.0,Liquid,2,1.1269600000000004,0.000285,10.1016/j.jct.2006.10.008,COC=O,0.4725,0,Solvent,ClCCCl,0.5275,0.0,Solvent,,
,298.15,101.0,Liquid,2,1.1777100000000005,0.00034,10.1016/j.jct.2006.10.008,COC=O,0.2795,0,Solvent,ClCCCl,0.7205,0.0,Solvent,,
,298.15,101.0,Liquid,2,,,10.1016/j.jct.2006.10.008,COC=O,0.7322,0,Solvent,ClCCCl,0.2678,0.0,Solvent,0.0733,0.00065
,298.15,101.0,Liquid,2,,,10.1016/j.jct.2006.10.008,COC=O,0.2508,0,Solvent,ClCCCl,0.7492,0.0,Solvent,0.0793,0.0007
,298.15,101.0,Liquid,2,,,10.1016/j.jct.2006.10.008,COC=O,0.4874,0,Solvent,ClCCCl,0.5126,0.0,Solvent,0.1028,0.0008
,298.15,101.0,Liquid,2,0.9823500000000004,0.000175,10.1021/je9005823,CC(=O)c1ccccc1,0.7561,0,Solvent,CC(C)O,0.2439,0.0,Solvent,,
,298.15,101.0,Liquid,2,0.9375600000000002,0.0002,10.1021/je9005823,CC(=O)c1ccccc1,0.5345,0,Solvent,CC(C)O,0.4655,0.0,Solvent,,
,298.15,101.0,Liquid,2,0.8654400000000002,0.000245,10.1021/je9005823,CC(=O)c1ccccc1,0.2517,0,Solvent,CC(C)O,0.7483,0.0,Solvent,,
,298.15,100.0,Liquid,2,,,10.1021/je7006633,CC(=O)c1ccccc1,0.2001,0,Solvent,CC(C)O,0.7999,0.0,Solvent,1.1352,0.0124
,298.15,100.0,Liquid,2,,,10.1021/je7006633,CC(=O)c1ccccc1,0.7006,0,Solvent,CC(C)O,0.2994,0.0,Solvent,1.3758,0.01485
,298.15,100.0,Liquid,2,,,10.1021/je7006633,CC(=O)c1ccccc1,0.4996,0,Solvent,CC(C)O,0.5004,0.0,Solvent,1.5703,0.0169
,298.15,101.0,Liquid,2,1.03754,0.0002,10.1016/j.jct.2006.10.008,COC=O,0.7384,0,Solvent,ClCCCCl,0.2616,0.0,Solvent,,
,298.15,101.0,Liquid,2,1.08831,0.00025,10.1016/j.jct.2006.10.008,COC=O,0.5138,0,Solvent,ClCCCCl,0.4862,0.0,Solvent,,
,298.15,101.0,Liquid,2,1.1395000000000002,0.0003,10.1016/j.jct.2006.10.008,COC=O,0.244,0,Solvent,ClCCCCl,0.756,0.0,Solvent,,
,298.15,101.0,Liquid,2,,,10.1016/j.jct.2006.10.008,COC=O,0.2024,0,Solvent,ClCCCCl,0.7976,0.0,Solvent,0.2064,0.0012
,298.15,101.0,Liquid,2,,,10.1016/j.jct.2006.10.008,COC=O,0.7674,0,Solvent,ClCCCCl,0.2326,0.0,Solvent,0.2841,0.0015
,298.15,101.0,Liquid,2,,,10.1016/j.jct.2006.10.008,COC=O,0.5024,0,Solvent,ClCCCCl,0.4976,0.0,Solvent,0.3503,0.00175
,298.15,101.0,Liquid,2,1.1070700000000002,0.00026,10.1021/je700672f,O,0.4994,0,Solvent,OCCOCCO,0.5006,0.0,Solvent,,
,298.15,101.0,Liquid,2,1.1111900000000003,0.000285,10.1021/je700672f,O,0.2997,0,Solvent,OCCOCCO,0.7003,0.0,Solvent,,
,298.15,101.0,Liquid,2,1.0958900000000005,0.000305,10.1021/je700672f,O,0.699,0,Solvent,OCCOCCO,0.301,0.0,Solvent,,
,298.15,101.0,Liquid,2,,,10.1016/j.tca.2009.06.004,O,0.2094,0,Solvent,OCCOCCO,0.7906,0.0,Solvent,-0.521,0.003
,298.15,101.0,Liquid,2,,,10.1021/je400158p,O,0.499,0,Solvent,OCCOCCO,0.501,0.0,Solvent,-1.149,0.0065
,298.15,101.0,Liquid,2,,,10.1016/j.tca.2009.06.004,O,0.6996,0,Solvent,OCCOCCO,0.3004,0.0,Solvent,-1.245,0.0065
,298.15,101.0,Liquid,2,0.9525650000000004,0.000212,10.1016/j.tca.2011.02.002,C1CCOCC1,0.2415,0,Solvent,c1ccncc1,0.7585,0.0,Solvent,,
,308.15,101.0,Liquid,2,0.9124250000000002,0.0002965,10.1016/j.tca.2011.02.002,C1CCOCC1,0.5364,0,Solvent,c1ccncc1,0.4636,0.0,Solvent,,
,308.15,101.0,Liquid,2,0.8933350000000002,0.000358,10.1016/j.tca.2011.02.002,C1CCOCC1,0.7336,0,Solvent,c1ccncc1,0.2664,0.0,Solvent,,
,308.15,101.0,Liquid,2,,,10.1016/j.tca.2011.02.002,C1CCOCC1,0.2915,0,Solvent,c1ccncc1,0.7085,0.0,Solvent,0.0898,0.00095
,308.15,101.0,Liquid,2,,,10.1016/j.tca.2011.02.002,C1CCOCC1,0.5363,0,Solvent,c1ccncc1,0.4637,0.0,Solvent,0.1573,0.0013
,308.15,101.0,Liquid,2,,,10.1016/j.tca.2011.02.002,C1CCOCC1,0.7344,0,Solvent,c1ccncc1,0.2656,0.0,Solvent,0.1564,0.0013
,298.15,101.0,Liquid,2,0.7704980000000002,0.0001845,10.1021/je100595s,C=CCCCC,0.1503,0,Solvent,CCCO,0.8497,0.0,Solvent,,
,298.15,101.0,Liquid,2,0.7176450000000002,0.0002145,10.1021/je100595s,C=CCCCC,0.4991,0,Solvent,CCCO,0.5009,0.0,Solvent,,
,298.15,101.0,Liquid,2,0.6899770000000002,0.0002305,10.1021/je100595s,C=CCCCC,0.7456,0,Solvent,CCCO,0.2544,0.0,Solvent,,
,298.15,101.0,Liquid,2,,,10.1021/je5004912,C=CCCCC,0.1501,0,Solvent,CCCO,0.8499,0.0,Solvent,0.192,0.005
,298.15,101.0,Liquid,2,,,10.1021/je5004912,C=CCCCC,0.5001,0,Solvent,CCCO,0.4999,0.0,Solvent,0.595,0.0055
,298.15,101.0,Liquid,2,,,10.1021/je5004912,C=CCCCC,0.75,0,Solvent,CCCO,0.25,0.0,Solvent,0.682,0.006
,298.15,101.0,Liquid,2,0.7987300000000002,0.00018,10.1021/je300678r,CC(=O)CC(C)C,0.5008,0,Solvent,CCC(C)(C)O,0.4992,0.0,Solvent,,
,298.15,101.0,Liquid,2,0.7968700000000002,0.00018,10.1021/je300678r,CC(=O)CC(C)C,0.7009,0,Solvent,CCC(C)(C)O,0.2991,0.0,Solvent,,
,298.15,101.0,Liquid,2,0.8030000000000002,0.00019,10.1021/je300678r,CC(=O)CC(C)C,0.2017,0,Solvent,CCC(C)(C)O,0.7983,0.0,Solvent,,
,298.15,101.0,Liquid,2,,,10.1021/je300678r,CC(=O)CC(C)C,0.2017,0,Solvent,CCC(C)(C)O,0.7983,0.0,Solvent,0.8181,0.01135
,298.15,101.0,Liquid,2,,,10.1021/je300678r,CC(=O)CC(C)C,0.7009,0,Solvent,CCC(C)(C)O,0.2991,0.0,Solvent,1.2068,0.0164
,298.15,101.0,Liquid,2,,,10.1021/je300678r,CC(=O)CC(C)C,0.5008,0,Solvent,CCC(C)(C)O,0.4992,0.0,Solvent,1.3674,0.0185
,298.15,101.325,Liquid,2,1.1428600000000002,0.00024,10.1016/j.jct.2005.02.011,COC(F)(F)C(F)(F)C(F)(F)C(F)(F)F,0.19989,0,Solvent,COCCOCCO,0.80011,0.0,Solvent,,
,298.15,101.325,Liquid,2,1.2547200000000005,0.000355,10.1016/j.jct.2005.02.011,COC(F)(F)C(F)(F)C(F)(F)C(F)(F)F,0.39955,0,Solvent,COCCOCCO,0.60045,0.0,Solvent,,
,298.15,101.325,Liquid,2,1.4380900000000003,0.000525,10.1016/j.jct.2005.02.011,COC(F)(F)C(F)(F)C(F)(F)C(F)(F)F,0.79984,0,Solvent,COCCOCCO,0.20016,0.0,Solvent,,
,298.15,101.325,Liquid,2,,,10.1016/j.jct.2005.02.011,COC(F)(F)C(F)(F)C(F)(F)C(F)(F)F,0.20021,0,Solvent,COCCOCCO,0.79979,0.0,Solvent,0.3652,0.0036
,298.15,101.325,Liquid,2,,,10.1016/j.jct.2005.02.011,COC(F)(F)C(F)(F)C(F)(F)C(F)(F)F,0.80021,0,Solvent,COCCOCCO,0.19979,0.0,Solvent,0.3987,0.00385
,298.15,101.325,Liquid,2,,,10.1016/j.jct.2005.02.011,COC(F)(F)C(F)(F)C(F)(F)C(F)(F)F,0.40032,0,Solvent,COCCOCCO,0.59968,0.0,Solvent,0.4251,0.00405
,298.15,101.3,Liquid,2,0.8675700000000003,0.00018,10.1016/j.jct.2006.08.011,CCCOC(=O)CC,0.2747,0,Solvent,Cc1ccccc1,0.7253,0.0,Solvent,,
,298.15,101.3,Liquid,2,0.8707300000000002,0.00019,10.1016/j.jct.2006.08.011,CCCOC(=O)CC,0.4907,0,Solvent,Cc1ccccc1,0.5093,0.0,Solvent,,
,298.15,101.3,Liquid,2,0.8734100000000001,0.00021,10.1016/j.jct.2006.08.011,CCCOC(=O)CC,0.7346,0,Solvent,Cc1ccccc1,0.2654,0.0,Solvent,,
,298.15,101.0,Liquid,2,,,10.1016/j.jct.2006.08.011,CCCOC(=O)CC,0.7394,0,Solvent,Cc1ccccc1,0.2606,0.0,Solvent,-0.1135,0.0033
,298.15,101.0,Liquid,2,,,10.1016/j.jct.2006.08.011,CCCOC(=O)CC,0.2389,0,Solvent,Cc1ccccc1,0.7611,0.0,Solvent,-0.1404,0.0037
,298.15,101.0,Liquid,2,,,10.1016/j.jct.2006.08.011,CCCOC(=O)CC,0.5486,0,Solvent,Cc1ccccc1,0.4514,0.0,Solvent,-0.1583,0.004
,298.15,101.31,Liquid,2,0.8736600000000002,0.00021,10.1021/je800915d,CCCCOC(C)=O,0.2934,0,Solvent,c1ccccc1,0.7066,0.0,Solvent,,
,298.15,101.31,Liquid,2,0.8744300000000002,0.000265,10.1021/je800915d,CCCCOC(C)=O,0.5044,0,Solvent,c1ccccc1,0.4956,0.0,Solvent,,
,298.15,101.31,Liquid,2,0.8751500000000002,0.000335,10.1021/je800915d,CCCCOC(C)=O,0.7105,0,Solvent,c1ccccc1,0.2895,0.0,Solvent,,
,308.15,101.3,Liquid,2,,,10.1016/j.fluid.2005.06.011,CCCCOC(C)=O,0.2523,0,Solvent,c1ccccc1,0.7477,0.0,Solvent,-0.014,0.0009
,308.15,101.3,Liquid,2,,,10.1016/j.fluid.2005.06.011,CCCCOC(C)=O,0.4958,0,Solvent,c1ccccc1,0.5042,0.0,Solvent,-0.0245,0.001
,308.15,101.3,Liquid,2,,,10.1016/j.fluid.2005.06.011,CCCCOC(C)=O,0.7714,0,Solvent,c1ccccc1,0.2286,0.0,Solvent,-0.0245,0.001
,298.15,101.3,Liquid,2,1.0747210000000005,0.000194,10.1021/je050463q,O,0.892217,0,Solvent,OCCN(CCO)CCO,0.107783,0.0,Solvent,,
,303.15,100.0,Liquid,2,,,10.1016/j.jct.2015.04.030,O,0.29,0,Solvent,OCCN(CCO)CCO,0.71,0.0,Solvent,-0.839,0.009
,303.15,100.0,Liquid,2,,,10.1016/j.jct.2015.04.030,O,0.5098,0,Solvent,OCCN(CCO)CCO,0.4902,0.0,Solvent,-1.221,0.013
,303.15,100.0,Liquid,2,,,10.1016/j.jct.2015.04.030,O,0.7937,0,Solvent,OCCN(CCO)CCO,0.2063,0.0,Solvent,-1.289,0.014
,298.15,101.0,Liquid,2,0.9220400000000002,0.00019,10.1021/je100526j,c1cc[nH]c1,0.503,0,Solvent,c1ccccc1,0.497,0.0,Solvent,,
,298.15,101.0,Liquid,2,0.9043500000000002,0.000195,10.1021/je100526j,c1cc[nH]c1,0.3142,0,Solvent,c1ccccc1,0.6858,0.0,Solvent,,
,298.15,101.0,Liquid,2,0.9503300000000002,0.000195,10.1021/je100526j,c1cc[nH]c1,0.8207,0,Solvent,c1ccccc1,0.1793,0.0,Solvent,,
,298.15,101.0,Liquid,2,,,10.1016/j.fluid.2013.10.029,c1cc[nH]c1,0.8208,0,Solvent,c1ccccc1,0.1792,0.0,Solvent,0.3441,0.00245
,298.15,101.0,Liquid,2,,,10.1016/j.fluid.2013.10.029,c1cc[nH]c1,0.314,0,Solvent,c1ccccc1,0.686,0.0,Solvent,0.5893,0.00385
,298.15,101.0,Liquid,2,,,10.1016/j.fluid.2013.10.029,c1cc[nH]c1,0.494,0,Solvent,c1ccccc1,0.506,0.0,Solvent,0.609,0.00395
,298.15,101.0,Liquid,2,0.9416300000000002,0.00041,10.1016/j.jct.2008.10.007,CCCOC(=O)CC,0.7316,0,Solvent,ClCCCl,0.2684,0.0,Solvent,,
,298.15,101.0,Liquid,2,1.0064000000000002,0.000905,10.1016/j.jct.2008.10.007,CCCOC(=O)CC,0.5188,0,Solvent,ClCCCl,0.4812,0.0,Solvent,,
,298.15,101.0,Liquid,2,1.11431,0.002155,10.1016/j.jct.2008.10.007,CCCOC(=O)CC,0.2437,0,Solvent,ClCCCl,0.7563,0.0,Solvent,,
,298.15,101.0,Liquid,2,,,10.1016/j.jct.2008.10.007,CCCOC(=O)CC,0.2376,0,Solvent,ClCCCl,0.7624,0.0,Solvent,-0.317,0.0035
,298.15,101.0,Liquid,2,,,10.1016/j.jct.2008.10.007,CCCOC(=O)CC,0.7874,0,Solvent,ClCCCl,0.2126,0.0,Solvent,-0.357,0.004
,298.15,101.0,Liquid,2,,,10.1016/j.jct.2008.10.007,CCCOC(=O)CC,0.5177,0,Solvent,ClCCCl,0.4823,0.0,Solvent,-0.557,0.006
,298.15,101.3,Liquid,2,1.0465000000000002,0.0002,10.1021/je030130y,Clc1ccccc1,0.7358,0,Solvent,c1ccccc1,0.2642,0.0,Solvent,,
,298.15,101.3,Liquid,2,0.9468000000000002,0.00025,10.1021/je030130y,Clc1ccccc1,0.2931,0,Solvent,c1ccccc1,0.7069,0.0,Solvent,,
,298.15,101.3,Liquid,2,0.9877000000000002,0.00025,10.1021/je030130y,Clc1ccccc1,0.4679,0,Solvent,c1ccccc1,0.5321,0.0,Solvent,,
,298.15,101.3,Liquid,2,,,10.1021/je7002447,Clc1ccccc1,0.7777,0,Solvent,c1ccccc1,0.2223,0.0,Solvent,-0.0036,0.0004
,298.15,101.3,Liquid,2,,,10.1021/je7002447,Clc1ccccc1,0.4666,0,Solvent,c1ccccc1,0.5334,0.0,Solvent,-0.0057,0.0004
,298.15,101.3,Liquid,2,,,10.1021/je7002447,Clc1ccccc1,0.2258,0,Solvent,c1ccccc1,0.7742,0.0,Solvent,-0.0046,0.0004
,293.15,101.0,Liquid,2,0.8238000000000002,0.0002,10.1016/j.fluid.2010.03.001,C=C(C)[C@H]1CC=C(C)CC1,0.2635,0,Solvent,CCCCCO,0.7365,0.0,Solvent,,
,293.15,101.0,Liquid,2,0.8312000000000003,0.0003,10.1016/j.fluid.2010.03.001,C=C(C)[C@H]1CC=C(C)CC1,0.5435,0,Solvent,CCCCCO,0.4565,0.0,Solvent,,
,293.15,101.0,Liquid,2,0.8354000000000001,0.00035,10.1016/j.fluid.2010.03.001,C=C(C)[C@H]1CC=C(C)CC1,0.7252,0,Solvent,CCCCCO,0.2748,0.0,Solvent,,
,303.0,101.0,Liquid,2,,,10.1016/j.fluid.2010.03.001,C=C(C)[C@H]1CC=C(C)CC1,0.272,0,Solvent,CCCCCO,0.728,0.0,Solvent,0.532,0.0215
,303.0,101.0,Liquid,2,,,10.1016/j.fluid.2010.03.001,C=C(C)[C@H]1CC=C(C)CC1,0.766,0,Solvent,CCCCCO,0.234,0.0,Solvent,0.782,0.0315
,303.0,101.0,Liquid,2,,,10.1016/j.fluid.2010.03.001,C=C(C)[C@H]1CC=C(C)CC1,0.54,0,Solvent,CCCCCO,0.46,0.0,Solvent,0.858,0.0345
,298.15,100.0,Liquid,2,0.9598000000000002,0.00025,10.1021/je7003758,CCCCCCCCCl,0.2995,0,Solvent,CN1CCCC1=O,0.7005,0.0,Solvent,,
,298.15,100.0,Liquid,2,0.9269000000000002,0.00035,10.1021/je7003758,CCCCCCCCCl,0.4979,0,Solvent,CN1CCCC1=O,0.5021,0.0,Solvent,,
,298.15,100.0,Liquid,2,0.8888000000000001,0.00055,10.1021/je7003758,CCCCCCCCCl,0.7986,0,Solvent,CN1CCCC1=O,0.2014,0.0,Solvent,,
,298.15,101.0,Liquid,2,,,10.1016/j.jct.2008.01.024,CCCCCCCCCl,0.783,0,Solvent,CN1CCCC1=O,0.217,0.0,Solvent,0.371,0.003
,298.15,101.0,Liquid,2,,,10.1016/j.jct.2008.01.024,CCCCCCCCCl,0.202,0,Solvent,CN1CCCC1=O,0.798,0.0,Solvent,0.5,0.0035
,298.15,101.0,Liquid,2,,,10.1016/j.jct.2008.01.024,CCCCCCCCCl,0.493,0,Solvent,CN1CCCC1=O,0.507,0.0,Solvent,0.638,0.0035
,298.0,101.0,Liquid,2,0.8889000000000001,0.0002,10.1021/je400036b,CCCCOC(C)=O,0.2012,0,Solvent,CCOC(C)=O,0.7988,0.0,Solvent,,
,298.0,101.0,Liquid,2,0.8829000000000002,0.0002,10.1021/je400036b,CCCCOC(C)=O,0.5018,0,Solvent,CCOC(C)=O,0.4982,0.0,Solvent,,
,298.0,101.0,Liquid,2,0.8797000000000003,0.0002,10.1021/je400036b,CCCCOC(C)=O,0.7007,0,Solvent,CCOC(C)=O,0.2993,0.0,Solvent,,
,298.15,101.0,Liquid,2,,,10.1021/je400036b,CCCCOC(C)=O,0.2012,0,Solvent,CCOC(C)=O,0.7988,0.0,Solvent,0.0524,0.0009
,298.15,101.0,Liquid,2,,,10.1021/je400036b,CCCCOC(C)=O,0.7007,0,Solvent,CCOC(C)=O,0.2993,0.0,Solvent,0.0594,0.001
,298.15,101.0,Liquid,2,,,10.1021/je400036b,CCCCOC(C)=O,0.5018,0,Solvent,CCOC(C)=O,0.4982,0.0,Solvent,0.076,0.0012
,298.15,101.0,Liquid,2,0.9345100000000002,0.000445,10.1016/j.jct.2008.10.007,CCCOC(=O)CCC,0.7087,0,Solvent,ClCCCl,0.2913,0.0,Solvent,,
,298.15,101.0,Liquid,2,1.0001900000000004,0.000965,10.1016/j.jct.2008.10.007,CCCOC(=O)CCC,0.4904,0,Solvent,ClCCCl,0.5096,0.0,Solvent,,
,298.15,101.0,Liquid,2,1.0877700000000003,0.00194,10.1016/j.jct.2008.10.007,CCCOC(=O)CCC,0.2703,0,Solvent,ClCCCl,0.7297,0.0,Solvent,,
,298.15,101.0,Liquid,2,,,10.1016/j.jct.2008.10.007,CCCOC(=O)CCC,0.281,0,Solvent,ClCCCl,0.719,0.0,Solvent,-0.286,0.003
,298.15,101.0,Liquid,2,,,10.1016/j.jct.2008.10.007,CCCOC(=O)CCC,0.7616,0,Solvent,ClCCCl,0.2384,0.0,Solvent,-0.312,0.0035
,298.15,101.0,Liquid,2,,,10.1016/j.jct.2008.10.007,CCCOC(=O)CCC,0.5266,0,Solvent,ClCCCl,0.4734,0.0,Solvent,-0.456,0.005
,308.15,101.325,Liquid,2,0.8962800000000002,0.00021,10.1021/je0501235,CC(C)CO,0.7937,0,Solvent,CCCCBr,0.2063,0.0,Solvent,,
,308.15,101.325,Liquid,2,1.0366800000000005,0.000225,10.1021/je0501235,CC(C)CO,0.4989,0,Solvent,CCCCBr,0.5011,0.0,Solvent,,
,308.15,101.325,Liquid,2,1.1339800000000002,0.000305,10.1021/je0501235,CC(C)CO,0.2793,0,Solvent,CCCCBr,0.7207,0.0,Solvent,,
,298.15,101.3,Liquid,2,,,10.1021/je020110g,CC(C)CO,0.7021,0,Solvent,CCCCBr,0.2979,0.0,Solvent,0.891,0.0095
,298.15,101.3,Liquid,2,,,10.1021/je020110g,CC(C)CO,0.499,0,Solvent,CCCCBr,0.501,0.0,Solvent,1.207,0.013
,298.15,101.3,Liquid,2,,,10.1021/je020110g,CC(C)CO,0.2938,0,Solvent,CCCCBr,0.7062,0.0,Solvent,1.248,0.0135
,297.71,101.0,Liquid,2,0.7709000000000001,0.0002,10.1021/je300670n,CCC(C)(C)O,0.2997,0,Solvent,CCOC(C)(C)CC,0.7003,0.0,Solvent,,
,297.71,101.0,Liquid,2,0.7789000000000001,0.0002,10.1021/je300670n,CCC(C)(C)O,0.4987,0,Solvent,CCOC(C)(C)CC,0.5013,0.0,Solvent,,
,297.71,101.0,Liquid,2,0.7932000000000002,0.00025,10.1021/je300670n,CCC(C)(C)O,0.7994,0,Solvent,CCOC(C)(C)CC,0.2006,0.0,Solvent,,
,298.15,101.0,Liquid,2,,,10.1021/je300670n,CCC(C)(C)O,0.7994,0,Solvent,CCOC(C)(C)CC,0.2006,0.0,Solvent,0.448,0.0073
,298.15,101.0,Liquid,2,,,10.1021/je300670n,CCC(C)(C)O,0.4987,0,Solvent,CCOC(C)(C)CC,0.5013,0.0,Solvent,0.8937,0.01225
,298.15,101.0,Liquid,2,,,10.1021/je300670n,CCC(C)(C)O,0.2997,0,Solvent,CCOC(C)(C)CC,0.7003,0.0,Solvent,0.9727,0.0132
,298.14,101.325,Liquid,2,1.0522550000000004,0.000221,10.1021/je030120x,CN(CCO)CCO,0.2571,0,Solvent,O,0.7429,0.0,Solvent,,
,298.15,101.325,Liquid,2,1.048636,0.0002475,10.1021/je030120x,CN(CCO)CCO,0.4849,0,Solvent,O,0.5151,0.0,Solvent,,
,298.15,101.325,Liquid,2,1.0405100000000005,0.000286,10.1021/je030120x,CN(CCO)CCO,0.743,0,Solvent,O,0.257,0.0,Solvent,,
,313.15,101.0,Liquid,2,,,10.1016/j.jct.2015.06.006,CN(CCO)CCO,0.7411,0,Solvent,O,0.2589,0.0,Solvent,-1.154,0.0125
,313.15,101.0,Liquid,2,,,10.1016/j.jct.2007.03.010,CN(CCO)CCO,0.4941,0,Solvent,O,0.5059,0.0,Solvent,-2.072,0.042
,313.15,101.0,Liquid,2,,,10.1016/j.jct.2007.03.010,CN(CCO)CCO,0.2593,0,Solvent,O,0.7407,0.0,Solvent,-2.271,0.046
,298.15,101.3,Liquid,2,0.8687200000000003,0.00022,10.1021/je034223r,C1COCO1,0.3499,0,Solvent,CCCC(C)=O,0.6501,0.0,Solvent,,
,298.15,101.3,Liquid,2,0.9078200000000004,0.00023,10.1021/je034223r,C1COCO1,0.5169,0,Solvent,CCCC(C)=O,0.4831,0.0,Solvent,,
,298.15,101.3,Liquid,2,0.9625500000000002,0.000245,10.1021/je034223r,C1COCO1,0.7174,0,Solvent,CCCC(C)=O,0.2826,0.0,Solvent,,
,298.15,101.3,Liquid,2,,,10.1021/je034223r,C1COCO1,0.75,0,Solvent,CCCC(C)=O,0.25,0.0,Solvent,0.17046,0.00107
,298.15,101.3,Liquid,2,,,10.1021/je034223r,C1COCO1,0.35,0,Solvent,CCCC(C)=O,0.65,0.0,Solvent,0.17755,0.001095
,298.15,101.3,Liquid,2,,,10.1021/je034223r,C1COCO1,0.5,0,Solvent,CCCC(C)=O,0.5,0.0,Solvent,0.21077,0.00122
,298.15,101.0,Liquid,2,0.8183900000000002,0.000215,10.1021/je025649t,C1CCOCC1,0.2361,0,Solvent,CCCC(C)=O,0.7639,0.0,Solvent,,
,298.15,101.0,Liquid,2,0.8386000000000002,0.00022,10.1021/je025649t,C1CCOCC1,0.5046,0,Solvent,CCCC(C)=O,0.4954,0.0,Solvent,,
,298.15,101.0,Liquid,2,0.8602600000000002,0.000225,10.1021/je025649t,C1CCOCC1,0.7776,0,Solvent,CCCC(C)=O,0.2224,0.0,Solvent,,
,298.15,101.0,Liquid,2,,,10.1021/je025649t,C1CCOCC1,0.25,0,Solvent,CCCC(C)=O,0.75,0.0,Solvent,0.06014,0.00063
,298.15,101.0,Liquid,2,,,10.1021/je025649t,C1CCOCC1,0.75,0,Solvent,CCCC(C)=O,0.25,0.0,Solvent,0.08245,0.000715
,298.15,101.0,Liquid,2,,,10.1021/je025649t,C1CCOCC1,0.5,0,Solvent,CCCC(C)=O,0.5,0.0,Solvent,0.09128,0.000745
,298.15,101.3,Liquid,2,0.8442800000000001,0.00022,10.1021/je034037l,C1COCCO1,0.2254,0,Solvent,CCCC(C)=O,0.7746,0.0,Solvent,,
,298.15,101.3,Liquid,2,0.90478,0.00023,10.1021/je034037l,C1COCCO1,0.5122,0,Solvent,CCCC(C)=O,0.4878,0.0,Solvent,,
,298.15,101.3,Liquid,2,0.9692000000000004,0.000245,10.1021/je034037l,C1COCCO1,0.7823,0,Solvent,CCCC(C)=O,0.2177,0.0,Solvent,,
,298.15,101.3,Liquid,2,,,10.1021/je034037l,C1COCCO1,0.25,0,Solvent,CCCC(C)=O,0.75,0.0,Solvent,0.1704,0.001085
,298.15,101.3,Liquid,2,,,10.1021/je034037l,C1COCCO1,0.75,0,Solvent,CCCC(C)=O,0.25,0.0,Solvent,0.23761,0.00135
,298.15,101.3,Liquid,2,,,10.1021/je034037l,C1COCCO1,0.5,0,Solvent,CCCC(C)=O,0.5,0.0,Solvent,0.26523,0.001455
,303.15,101.0,Liquid,2,0.9415400000000002,0.00028,10.1016/j.jct.2006.06.005,CN1CCCC1=O,0.4815,0,Solvent,Cc1ccccc1,0.5185,0.0,Solvent,,
,303.15,101.0,Liquid,2,0.9854500000000004,0.00034,10.1016/j.jct.2006.05.006,CN1CCCC1=O,0.7564,0,Solvent,Cc1ccccc1,0.2436,0.0,Solvent,,
,293.15,101.0,Liquid,2,0.9061600000000002,0.00076,10.1016/j.jct.2006.05.006,CN1CCCC1=O,0.2216,0,Solvent,Cc1ccccc1,0.7784,0.0,Solvent,,
,308.15,101.0,Liquid,2,,,10.1016/j.jct.2010.12.016,CN1CCCC1=O,0.2231,0,Solvent,Cc1ccccc1,0.7769,0.0,Solvent,-0.1889,0.00215
,308.15,101.0,Liquid,2,,,10.1016/j.jct.2010.12.016,CN1CCCC1=O,0.7418,0,Solvent,Cc1ccccc1,0.2582,0.0,Solvent,-0.2141,0.0024
,308.15,101.0,Liquid,2,,,10.1016/j.jct.2010.12.016,CN1CCCC1=O,0.4821,0,Solvent,Cc1ccccc1,0.5179,0.0,Solvent,-0.2985,0.0033
,298.15,101.0,Liquid,2,0.9082800000000002,0.00023,10.1021/je100526j,C1CCCCC1,0.2817,0,Solvent,c1cc[nH]c1,0.7183,0.0,Solvent,,
,298.15,101.0,Liquid,2,0.8661300000000002,0.000235,10.1021/je100526j,C1CCCCC1,0.4942,0,Solvent,c1cc[nH]c1,0.5058,0.0,Solvent,,
,298.15,101.0,Liquid,2,0.7860300000000001,0.00026,10.1021/je100526j,C1CCCCC1,0.9251,0,Solvent,c1cc[nH]c1,0.0749,0.0,Solvent,,
,298.15,101.0,Liquid,2,,,10.1016/j.fluid.2013.10.029,C1CCCCC1,0.9248,0,Solvent,c1cc[nH]c1,0.0752,0.0,Solvent,0.7315,0.00535
,298.15,101.0,Liquid,2,,,10.1016/j.fluid.2013.10.029,C1CCCCC1,0.2818,0,Solvent,c1cc[nH]c1,0.7182,0.0,Solvent,1.245,0.00795
,298.15,101.0,Liquid,2,,,10.1016/j.fluid.2013.10.029,C1CCCCC1,0.495,0,Solvent,c1cc[nH]c1,0.505,0.0,Solvent,1.4275,0.00895
,303.15,101.0,Liquid,2,0.9583800000000002,0.000245,10.1016/j.jct.2006.06.005,C1CCCCC1,0.2275,0,Solvent,CN1CCCC1=O,0.7725,0.0,Solvent,,
,303.15,101.0,Liquid,2,0.8757100000000002,0.000335,10.1016/j.jct.2006.06.005,C1CCCCC1,0.5409,0,Solvent,CN1CCCC1=O,0.4591,0.0,Solvent,,
,303.15,101.0,Liquid,2,0.8287300000000002,0.0004,10.1016/j.jct.2006.06.005,C1CCCCC1,0.7332,0,Solvent,CN1CCCC1=O,0.2668,0.0,Solvent,,
,308.15,101.0,Liquid,2,,,10.1016/j.jct.2010.12.016,C1CCCCC1,0.7518,0,Solvent,CN1CCCC1=O,0.2482,0.0,Solvent,1.1998,0.01285
,308.15,101.0,Liquid,2,,,10.1016/j.jct.2010.12.016,C1CCCCC1,0.2789,0,Solvent,CN1CCCC1=O,0.7211,0.0,Solvent,1.2061,0.0129
,308.15,101.0,Liquid,2,,,10.1016/j.jct.2010.12.016,C1CCCCC1,0.4734,0,Solvent,CN1CCCC1=O,0.5266,0.0,Solvent,1.4691,0.0157
,298.15,101.0,Liquid,2,0.8083340000000001,0.000228,10.1021/je800831d,C1CCCC1,0.1965,0,Solvent,CCCCCCCO,0.8035,0.0,Solvent,,
,298.15,101.0,Liquid,2,0.7865310000000001,0.0002445,10.1021/je800831d,C1CCCC1,0.5084,0,Solvent,CCCCCCCO,0.4916,0.0,Solvent,,
,298.15,101.0,Liquid,2,0.7621850000000001,0.0002625,10.1021/je800831d,C1CCCC1,0.7675,0,Solvent,CCCCCCCO,0.2325,0.0,Solvent,,
,298.15,101.0,Liquid,2,,,10.1021/je700308j,C1CCCC1,0.273,0,Solvent,CCCCCCCO,0.727,0.0,Solvent,0.2316,0.002
,298.15,101.0,Liquid,2,,,10.1021/je700308j,C1CCCC1,0.5,0,Solvent,CCCCCCCO,0.5,0.0,Solvent,0.392,0.0029
,298.15,101.0,Liquid,2,,,10.1021/je700308j,C1CCCC1,0.778,0,Solvent,CCCCCCCO,0.222,0.0,Solvent,0.4261,0.00315
,298.15,101.0,Liquid,2,0.8972200000000002,0.00023,10.1021/je025649t,C1CCOCC1,0.708,0,Solvent,O=C1CCCC1,0.292,0.0,Solvent,,
,298.15,101.0,Liquid,2,0.9073000000000002,0.000235,10.1021/je025649t,C1CCOCC1,0.5498,0,Solvent,O=C1CCCC1,0.4502,0.0,Solvent,,
,298.15,101.0,Liquid,2,0.9281000000000004,0.00024,10.1021/je025649t,C1CCOCC1,0.2354,0,Solvent,O=C1CCCC1,0.7646,0.0,Solvent,,
,298.15,101.0,Liquid,2,,,10.1021/je025649t,C1CCOCC1,0.25,0,Solvent,O=C1CCCC1,0.75,0.0,Solvent,0.11325,0.00084
,298.15,101.0,Liquid,2,,,10.1021/je025649t,C1CCOCC1,0.75,0,Solvent,O=C1CCCC1,0.25,0.0,Solvent,0.12811,0.000895
,298.15,101.0,Liquid,2,,,10.1021/je025649t,C1CCOCC1,0.55,0,Solvent,O=C1CCCC1,0.45,0.0,Solvent,0.15813,0.001
,298.15,101.0,Liquid,2,0.8565010000000002,0.000231,10.1021/je900874z,CC(C)=O,0.7506,0,Solvent,CNc1ccccc1,0.2494,0.0,Solvent,,
,298.15,101.0,Liquid,2,0.9107940000000002,0.000263,10.1021/je900874z,CC(C)=O,0.4948,0,Solvent,CNc1ccccc1,0.5052,0.0,Solvent,,
,298.15,101.0,Liquid,2,0.9502900000000002,0.0003395,10.1021/je900874z,CC(C)=O,0.2503,0,Solvent,CNc1ccccc1,0.7497,0.0,Solvent,,
,298.15,101.0,Liquid,2,,,10.1021/je200333p,CC(C)=O,0.7097,0,Solvent,CNc1ccccc1,0.2903,0.0,Solvent,-0.525,0.0055
,298.15,101.0,Liquid,2,,,10.1021/je200333p,CC(C)=O,0.2316,0,Solvent,CNc1ccccc1,0.7684,0.0,Solvent,-0.5,0.0055
,298.15,101.0,Liquid,2,,,10.1021/je200333p,CC(C)=O,0.5086,0,Solvent,CNc1ccccc1,0.4914,0.0,Solvent,-0.672,0.0075
,298.15,101.0,Liquid,2,0.7711100000000002,0.000245,10.1021/je050540h,C1CCCCC1,0.7058,0,Solvent,CC(C)O,0.2942,0.0,Solvent,,
,298.15,101.0,Liquid,2,0.7719000000000001,0.0003,10.1016/j.jct.2007.02.008,C1CCCCC1,0.5039,0,Solvent,CC(C)O,0.4961,0.0,Solvent,,
,298.15,101.0,Liquid,2,0.7761000000000002,0.0003,10.1016/j.jct.2007.02.008,C1CCCCC1,0.2,0,Solvent,CC(C)O,0.8,0.0,Solvent,,
,298.15,101.0,Liquid,2,,,10.1016/j.jct.2015.01.013,C1CCCCC1,0.1995,0,Solvent,CC(C)O,0.8005,0.0,Solvent,0.438,0.011
,298.15,101.0,Liquid,2,,,10.1016/j.jct.2015.01.013,C1CCCCC1,0.7991,0,Solvent,CC(C)O,0.2009,0.0,Solvent,0.702,0.017
,298.15,101.0,Liquid,2,,,10.1016/j.jct.2015.01.013,C1CCCCC1,0.4984,0,Solvent,CC(C)O,0.5016,0.0,Solvent,0.801,0.0195
,298.15,101.3,Liquid,2,0.9633500000000004,0.000245,10.1021/je034037l,C1COCCO1,0.2436,0,Solvent,O=C1CCCC1,0.7564,0.0,Solvent,,
,298.15,101.3,Liquid,2,0.9849200000000002,0.00025,10.1021/je034037l,C1COCCO1,0.5063,0,Solvent,O=C1CCCC1,0.4937,0.0,Solvent,,
,298.15,101.3,Liquid,2,1.0081000000000002,0.000255,10.1021/je034037l,C1COCCO1,0.7778,0,Solvent,O=C1CCCC1,0.2222,0.0,Solvent,,
,298.15,101.3,Liquid,2,,,10.1021/je034037l,C1COCCO1,0.25,0,Solvent,O=C1CCCC1,0.75,0.0,Solvent,0.04589,0.00057
,298.15,101.3,Liquid,2,,,10.1021/je034037l,C1COCCO1,0.75,0,Solvent,O=C1CCCC1,0.25,0.0,Solvent,0.07097,0.000665
,298.15,101.3,Liquid,2,,,10.1021/je034037l,C1COCCO1,0.5,0,Solvent,O=C1CCCC1,0.5,0.0,Solvent,0.07457,0.00068
,298.15,101.3,Liquid,2,0.9652800000000002,0.000245,10.1021/je034223r,C1COCO1,0.2251,0,Solvent,O=C1CCCC1,0.7749,0.0,Solvent,,
,298.15,101.3,Liquid,2,0.9954700000000004,0.000255,10.1021/je034223r,C1COCO1,0.509,0,Solvent,O=C1CCCC1,0.491,0.0,Solvent,,
,298.15,101.3,Liquid,2,1.02957,0.00026,10.1021/je034223r,C1COCO1,0.7891,0,Solvent,O=C1CCCC1,0.2109,0.0,Solvent,,
,298.15,101.3,Liquid,2,,,10.1021/je034223r,C1COCO1,0.2,0,Solvent,O=C1CCCC1,0.8,0.0,Solvent,-0.00853,0.000425
,298.15,101.3,Liquid,2,,,10.1021/je034223r,C1COCO1,0.5,0,Solvent,O=C1CCCC1,0.5,0.0,Solvent,-0.02181,0.000475
,298.15,101.3,Liquid,2,,,10.1021/je034223r,C1COCO1,0.7,0,Solvent,O=C1CCCC1,0.3,0.0,Solvent,-0.02292,0.00048
,298.15,101.0,Liquid,2,0.8534200000000002,0.000285,10.1021/je025649t,C1CCOCC1,0.7101,0,Solvent,CCCCCC(C)=O,0.2899,0.0,Solvent,,
,298.15,101.0,Liquid,2,0.8396100000000002,0.00032,10.1021/je025649t,C1CCOCC1,0.5166,0,Solvent,CCCCCC(C)=O,0.4834,0.0,Solvent,,
,298.15,101.0,Liquid,2,0.8221200000000002,0.000375,10.1021/je025649t,C1CCOCC1,0.2235,0,Solvent,CCCCCC(C)=O,0.7765,0.0,Solvent,,
,298.15,101.0,Liquid,2,,,10.1021/je025649t,C1CCOCC1,0.25,0,Solvent,CCCCCC(C)=O,0.75,0.0,Solvent,0.03429,0.00053
,298.15,101.0,Liquid,2,,,10.1021/je025649t,C1CCOCC1,0.75,0,Solvent,CCCCCC(C)=O,0.25,0.0,Solvent,0.05587,0.00061
,298.15,101.0,Liquid,2,,,10.1021/je025649t,C1CCOCC1,0.5,0,Solvent,CCCCCC(C)=O,0.5,0.0,Solvent,0.05773,0.000615
,298.15,100.0,Liquid,2,1.0416,0.0003,10.1021/je7003758,CN1CCCC1=O,0.7023,0,Solvent,ClCCCCCCCl,0.2977,0.0,Solvent,,
,298.15,100.0,Liquid,2,1.0490000000000002,0.00035,10.1021/je7003758,CN1CCCC1=O,0.5049,0,Solvent,ClCCCCCCCl,0.4951,0.0,Solvent,,
,298.15,100.0,Liquid,2,1.0584000000000005,0.00055,10.1021/je7003758,CN1CCCC1=O,0.2016,0,Solvent,ClCCCCCCCl,0.7984,0.0,Solvent,,
,298.15,101.0,Liquid,2,,,10.1016/j.jct.2008.01.024,CN1CCCC1=O,0.797,0,Solvent,ClCCCCCCCl,0.203,0.0,Solvent,-0.123,0.002
,298.15,101.0,Liquid,2,,,10.1016/j.jct.2008.01.024,CN1CCCC1=O,0.212,0,Solvent,ClCCCCCCCl,0.788,0.0,Solvent,-0.13,0.002
,298.15,101.0,Liquid,2,,,10.1016/j.jct.2008.01.024,CN1CCCC1=O,0.503,0,Solvent,ClCCCCCCCl,0.497,0.0,Solvent,-0.2,0.0025
,298.15,101.0,Liquid,2,0.9848000000000002,0.0004,10.1021/je8008182,Cc1ccncc1,0.225,0,Solvent,O,0.775,0.0,Solvent,,
,298.15,101.0,Liquid,2,0.9614000000000004,0.0004,10.1021/je8008182,Cc1ccncc1,0.75,0,Solvent,O,0.25,0.0,Solvent,,
,298.15,101.0,Liquid,2,0.9704000000000004,0.0005,10.1021/je8008182,Cc1ccncc1,0.5,0,Solvent,O,0.5,0.0,Solvent,,
,308.15,101.0,Liquid,2,0.9943600000000002,0.00026,10.1021/je050085p,COc1ccccc1,0.5245,0,Solvent,OCCc1ccccc1,0.4755,0.0,Solvent,,
,308.15,101.0,Liquid,2,1.0032600000000005,0.00026,10.1021/je050085p,COc1ccccc1,0.2121,0,Solvent,OCCc1ccccc1,0.7879,0.0,Solvent,,
,308.15,101.0,Liquid,2,0.9869000000000002,0.00026,10.1021/je050085p,COc1ccccc1,0.7673,0,Solvent,OCCc1ccccc1,0.2327,0.0,Solvent,,
,308.15,101.0,Liquid,2,,,10.1021/je050085p,COc1ccccc1,0.2678,0,Solvent,OCCc1ccccc1,0.7322,0.0,Solvent,0.688,0.00745
,308.15,101.0,Liquid,2,,,10.1021/je050085p,COc1ccccc1,0.5232,0,Solvent,OCCc1ccccc1,0.4768,0.0,Solvent,1.0457,0.0112
,308.15,101.0,Liquid,2,,,10.1021/je050085p,COc1ccccc1,0.767,0,Solvent,OCCc1ccccc1,0.233,0.0,Solvent,1.1154,0.01195
,298.15,101.0,Liquid,2,0.9614000000000004,0.00025,10.1016/j.jct.2012.05.005,C1COCCO1,0.272,0,Solvent,O=C1CCCCC1,0.728,0.0,Solvent,,
,298.15,101.0,Liquid,2,0.9762000000000004,0.00025,10.1016/j.jct.2012.05.005,C1COCCO1,0.4594,0,Solvent,O=C1CCCCC1,0.5406,0.0,Solvent,,
,298.15,101.0,Liquid,2,1.0062000000000002,0.00025,10.1016/j.jct.2012.05.005,C1COCCO1,0.7978,0,Solvent,O=C1CCCCC1,0.2022,0.0,Solvent,,
,298.15,101.3,Liquid,2,,,10.1021/je034037l,C1COCCO1,0.25,0,Solvent,O=C1CCCCC1,0.75,0.0,Solvent,0.20076,0.00121
,298.15,101.3,Liquid,2,,,10.1021/je034037l,C1COCCO1,0.75,0,Solvent,O=C1CCCCC1,0.25,0.0,Solvent,0.23662,0.001355
,298.15,101.3,Liquid,2,,,10.1021/je034037l,C1COCCO1,0.5,0,Solvent,O=C1CCCCC1,0.5,0.0,Solvent,0.28584,0.00154
,308.15,101.0,Liquid,2,0.9634300000000002,0.00026,10.1021/je050085p,CCOc1ccccc1,0.7074,0,Solvent,OCCCc1ccccc1,0.2926,0.0,Solvent,,
,308.15,101.0,Liquid,2,0.9832000000000004,0.00026,10.1021/je050085p,CCOc1ccccc1,0.2164,0,Solvent,OCCCc1ccccc1,0.7836,0.0,Solvent,,
,308.15,101.0,Liquid,2,0.9715100000000002,0.00026,10.1021/je050085p,CCOc1ccccc1,0.515,0,Solvent,OCCCc1ccccc1,0.485,0.0,Solvent,,
,308.15,101.0,Liquid,2,,,10.1021/je050085p,CCOc1ccccc1,0.2629,0,Solvent,OCCCc1ccccc1,0.7371,0.0,Solvent,0.7,0.00755
,308.15,101.0,Liquid,2,,,10.1021/je050085p,CCOc1ccccc1,0.5169,0,Solvent,OCCCc1ccccc1,0.4831,0.0,Solvent,0.989,0.0106
,308.15,101.0,Liquid,2,,,10.1021/je050085p,CCOc1ccccc1,0.7625,0,Solvent,OCCCc1ccccc1,0.2375,0.0,Solvent,1.1164,0.01195
,308.15,101.0,Liquid,2,0.9885500000000002,0.00026,10.1021/je050085p,COc1ccccc1,0.2636,0,Solvent,OCCCc1ccccc1,0.7364,0.0,Solvent,,
,308.15,101.0,Liquid,2,0.9827800000000002,0.00026,10.1021/je050085p,COc1ccccc1,0.7477,0,Solvent,OCCCc1ccccc1,0.2523,0.0,Solvent,,
,308.15,101.0,Liquid,2,0.9852700000000002,0.00026,10.1021/je050085p,COc1ccccc1,0.5551,0,Solvent,OCCCc1ccccc1,0.4449,0.0,Solvent,,
,308.15,101.0,Liquid,2,,,10.1021/je050085p,COc1ccccc1,0.2374,0,Solvent,OCCCc1ccccc1,0.7626,0.0,Solvent,0.6076,0.0066
,308.15,101.0,Liquid,2,,,10.1021/je050085p,COc1ccccc1,0.5547,0,Solvent,OCCCc1ccccc1,0.4453,0.0,Solvent,1.0293,0.01105
,308.15,101.0,Liquid,2,,,10.1021/je050085p,COc1ccccc1,0.7136,0,Solvent,OCCCc1ccccc1,0.2864,0.0,Solvent,1.1088,0.0119
,308.15,101.0,Liquid,2,0.9624400000000004,0.00026,10.1021/je050085p,CCOc1ccccc1,0.7929,0,Solvent,OCCc1ccccc1,0.2071,0.0,Solvent,,
,308.15,101.0,Liquid,2,0.9803700000000002,0.00026,10.1021/je050085p,CCOc1ccccc1,0.4826,0,Solvent,OCCc1ccccc1,0.5174,0.0,Solvent,,
,308.15,101.0,Liquid,2,0.9909900000000004,0.00026,10.1021/je050085p,CCOc1ccccc1,0.3041,0,Solvent,OCCc1ccccc1,0.6959,0.0,Solvent,,
,308.15,101.0,Liquid,2,,,10.1021/je050085p,CCOc1ccccc1,0.2391,0,Solvent,OCCc1ccccc1,0.7609,0.0,Solvent,0.6669,0.0072
,308.15,101.0,Liquid,2,,,10.1021/je050085p,CCOc1ccccc1,0.4852,0,Solvent,OCCc1ccccc1,0.5148,0.0,Solvent,1.0249,0.011
,308.15,101.0,Liquid,2,,,10.1021/je050085p,CCOc1ccccc1,0.7388,0,Solvent,OCCc1ccccc1,0.2612,0.0,Solvent,1.1427,0.01225
,308.15,101.32,Liquid,2,1.0497600000000002,0.000265,10.1021/je0342062,OCCOCCO,0.2285,0,Solvent,OCc1ccccc1,0.7715,0.0,Solvent,,
,308.15,101.32,Liquid,2,1.07136,0.00027,10.1021/je0342062,OCCOCCO,0.5312,0,Solvent,OCc1ccccc1,0.4688,0.0,Solvent,,
,308.15,101.32,Liquid,2,1.0857000000000003,0.000275,10.1021/je0342062,OCCOCCO,0.7277,0,Solvent,OCc1ccccc1,0.2723,0.0,Solvent,,
,308.15,101.32,Liquid,2,,,10.1021/je0342062,OCCOCCO,0.7658,0,Solvent,OCc1ccccc1,0.2342,0.0,Solvent,-0.3712,0.0073
,308.15,101.32,Liquid,2,,,10.1021/je0342062,OCCOCCO,0.2665,0,Solvent,OCc1ccccc1,0.7335,0.0,Solvent,-0.4216,0.0081
,308.15,101.32,Liquid,2,,,10.1021/je0342062,OCCOCCO,0.5216,0,Solvent,OCc1ccccc1,0.4784,0.0,Solvent,-0.4574,0.00865
,308.15,101.32,Liquid,2,1.0442900000000002,0.000265,10.1021/je0342062,OCCO,0.2622,0,Solvent,OCc1ccccc1,0.7378,0.0,Solvent,,
,308.15,101.32,Liquid,2,1.0579000000000005,0.00027,10.1021/je0342062,OCCO,0.5057,0,Solvent,OCc1ccccc1,0.4943,0.0,Solvent,,
,308.15,101.32,Liquid,2,1.0753200000000005,0.000275,10.1021/je0342062,OCCO,0.7371,0,Solvent,OCc1ccccc1,0.2629,0.0,Solvent,,
,308.15,101.32,Liquid,2,,,10.1021/je0342062,OCCO,0.7361,0,Solvent,OCc1ccccc1,0.2639,0.0,Solvent,0.1383,0.0037
,308.15,101.32,Liquid,2,,,10.1021/je0342062,OCCO,0.4817,0,Solvent,OCc1ccccc1,0.5183,0.0,Solvent,0.201,0.00465
,308.15,101.32,Liquid,2,,,10.1021/je0342062,OCCO,0.2365,0,Solvent,OCc1ccccc1,0.7635,0.0,Solvent,0.209,0.0048
,298.15,101.0,Liquid,2,0.7281100000000001,0.000285,10.1021/je700428f,CCCCCCCCC,0.1995,0,Solvent,COC(C)(C)C,0.8005,0.0,Solvent,,
,298.15,101.0,Liquid,2,0.7207300000000002,0.00029,10.1021/je700428f,CCCCCCCCC,0.4992,0,Solvent,COC(C)(C)C,0.5008,0.0,Solvent,,
,298.15,101.0,Liquid,2,0.7173600000000002,0.000295,10.1021/je700428f,CCCCCCCCC,0.6963,0,Solvent,COC(C)(C)C,0.3037,0.0,Solvent,,
,298.15,101.3,Liquid,2,,,10.1016/j.fluid.2004.12.013,CCCCCCCCC,0.7596,0,Solvent,COC(C)(C)C,0.2404,0.0,Solvent,0.345,0.007
,298.15,101.3,Liquid,2,,,10.1016/j.fluid.2004.12.013,CCCCCCCCC,0.2601,0,Solvent,COC(C)(C)C,0.7399,0.0,Solvent,0.371,0.0075
,298.15,101.3,Liquid,2,,,10.1016/j.fluid.2004.12.013,CCCCCCCCC,0.5133,0,Solvent,COC(C)(C)C,0.4867,0.0,Solvent,0.486,0.0095
,298.15,101.3,Liquid,2,0.9576500000000002,0.0003,10.1021/je034037l,C1COCCO1,0.7803,0,Solvent,CCCCCC(C)=O,0.2197,0.0,Solvent,,
,298.15,101.3,Liquid,2,0.8916700000000002,0.000345,10.1021/je034037l,C1COCCO1,0.5006,0,Solvent,CCCCCC(C)=O,0.4994,0.0,Solvent,,
,298.15,101.3,Liquid,2,0.8420800000000003,0.000385,10.1021/je034037l,C1COCCO1,0.2203,0,Solvent,CCCCCC(C)=O,0.7797,0.0,Solvent,,
,298.15,101.3,Liquid,2,,,10.1021/je034037l,C1COCCO1,0.25,0,Solvent,CCCCCC(C)=O,0.75,0.0,Solvent,0.2911,0.00164
,298.15,101.3,Liquid,2,,,10.1021/je034037l,C1COCCO1,0.75,0,Solvent,CCCCCC(C)=O,0.25,0.0,Solvent,0.4064,0.00209
,298.15,101.3,Liquid,2,,,10.1021/je034037l,C1COCCO1,0.5,0,Solvent,CCCCCC(C)=O,0.5,0.0,Solvent,0.4509,0.002255
,298.15,101.3,Liquid,2,0.9696500000000002,0.0003,10.1021/je034223r,C1COCO1,0.785,0,Solvent,CCCCCC(C)=O,0.215,0.0,Solvent,,
,298.15,101.3,Liquid,2,0.8936300000000003,0.00034,10.1021/je034223r,C1COCO1,0.5071,0,Solvent,CCCCCC(C)=O,0.4929,0.0,Solvent,,
,298.15,101.3,Liquid,2,0.8445200000000002,0.00038,10.1021/je034223r,C1COCO1,0.244,0,Solvent,CCCCCC(C)=O,0.756,0.0,Solvent,,
,298.15,101.3,Liquid,2,,,10.1021/je034223r,C1COCO1,0.25,0,Solvent,CCCCCC(C)=O,0.75,0.0,Solvent,0.2754,0.00155
,298.15,101.3,Liquid,2,,,10.1021/je034223r,C1COCO1,0.75,0,Solvent,CCCCCC(C)=O,0.25,0.0,Solvent,0.37402,0.001955
,298.15,101.3,Liquid,2,,,10.1021/je034223r,C1COCO1,0.5,0,Solvent,CCCCCC(C)=O,0.5,0.0,Solvent,0.43148,0.00217
,293.15,101.325,Liquid,2,0.9921000000000002,0.0003,10.1016/j.jct.2004.11.009,Cc1cccnc1,0.225,0,Solvent,O,0.775,0.0,Solvent,,
,293.15,101.325,Liquid,2,0.9690000000000002,0.0003,10.1016/j.jct.2004.11.009,Cc1cccnc1,0.7,0,Solvent,O,0.3,0.0,Solvent,,
,293.15,101.325,Liquid,2,0.9797000000000002,0.0003,10.1016/j.jct.2004.11.009,Cc1cccnc1,0.5,0,Solvent,O,0.5,0.0,Solvent,,
,298.15,101.3,Liquid,2,1.077068,0.0004905,10.1021/je0340809,O,0.7532,0,Solvent,OC1=NCCC1,0.2468,0.0,Solvent,,
,298.15,101.3,Liquid,2,1.0977070000000004,0.0005555,10.1021/je0340809,O,0.5,0,Solvent,OC1=NCCC1,0.5,0.0,Solvent,,
,298.15,101.3,Liquid,2,1.1044310000000004,0.000577,10.1021/je0340809,O,0.2552,0,Solvent,OC1=NCCC1,0.7448,0.0,Solvent,,
,298.15,101.0,Liquid,2,,,10.1016/j.jct.2013.09.015,O,0.7681,0,Solvent,OC1=NCCC1,0.2319,0.0,Solvent,-0.5238,0.13095
,298.15,101.0,Liquid,2,,,10.1016/j.jct.2013.09.015,O,0.2307,0,Solvent,OC1=NCCC1,0.7693,0.0,Solvent,-0.678,0.1695
,298.15,101.0,Liquid,2,,,10.1016/j.jct.2013.09.015,O,0.5217,0,Solvent,OC1=NCCC1,0.4783,0.0,Solvent,-0.8384,0.20965
,298.15,101.3,Liquid,2,0.8263210000000002,0.000365,10.1007/s10765-010-0737-5,CC(C)OC(C)C,0.2846,0,Solvent,CCCCCl,0.7154,0.0,Solvent,,
,298.15,101.3,Liquid,2,0.7925060000000002,0.0004005,10.1007/s10765-010-0737-5,CC(C)OC(C)C,0.484,0,Solvent,CCCCCl,0.516,0.0,Solvent,,
,298.15,101.3,Liquid,2,0.7440910000000002,0.000448,10.1007/s10765-010-0737-5,CC(C)OC(C)C,0.8082,0,Solvent,CCCCCl,0.1918,0.0,Solvent,,
,298.15,101.0,Liquid,2,,,10.1016/j.fluid.2011.06.001,CC(C)OC(C)C,0.7274,0,Solvent,CCCCCl,0.2726,0.0,Solvent,-0.0732,0.00095
,298.15,101.0,Liquid,2,,,10.1016/j.fluid.2011.06.001,CC(C)OC(C)C,0.2727,0,Solvent,CCCCCl,0.7273,0.0,Solvent,-0.0785,0.001
,298.15,101.0,Liquid,2,,,10.1016/j.fluid.2011.06.001,CC(C)OC(C)C,0.4547,0,Solvent,CCCCCl,0.5453,0.0,Solvent,-0.0954,0.0012
,298.15,101.3,Liquid,2,0.8355300000000002,0.0003555,10.1007/s10765-010-0737-5,CC(C)CCl,0.8059,0,Solvent,CC(C)OC(C)C,0.1941,0.0,Solvent,,
,298.15,101.3,Liquid,2,0.7878250000000002,0.000405,10.1007/s10765-010-0737-5,CC(C)CCl,0.5137,0,Solvent,CC(C)OC(C)C,0.4863,0.0,Solvent,,
,298.15,101.0,Liquid,2,0.7293950000000001,0.000464,10.1021/je100765j,CC(C)CCl,0.091,0,Solvent,CC(C)OC(C)C,0.909,0.0,Solvent,,
,298.15,101.0,Liquid,2,,,10.1016/j.fluid.2011.06.001,CC(C)CCl,0.0907,0,Solvent,CC(C)OC(C)C,0.9093,0.0,Solvent,-0.0302,0.00055
,298.15,101.0,Liquid,2,,,10.1016/j.fluid.2011.06.001,CC(C)CCl,0.727,0,Solvent,CC(C)OC(C)C,0.273,0.0,Solvent,-0.0791,0.001
,298.15,101.0,Liquid,2,,,10.1016/j.fluid.2011.06.001,CC(C)CCl,0.5453,0,Solvent,CC(C)OC(C)C,0.4547,0.0,Solvent,-0.0957,0.0012
,293.15,100.0,Liquid,2,0.7340000000000002,0.00035,10.1021/je301301j,C=CCCCC,0.5018,0,Solvent,CCCCO,0.4982,0.0,Solvent,,
,293.15,100.0,Liquid,2,0.7924000000000002,0.00035,10.1021/je301301j,C=CCCCC,0.1001,0,Solvent,CCCCO,0.8999,0.0,Solvent,,
,293.15,100.0,Liquid,2,0.6818000000000001,0.00035,10.1021/je301301j,C=CCCCC,0.9,0,Solvent,CCCCO,0.1,0.0,Solvent,,
,298.15,101.0,Liquid,2,,,10.1016/j.fluid.2011.11.005,C=CCCCC,0.25,0,Solvent,CCCCO,0.75,0.0,Solvent,0.2829,0.00333
,298.15,101.0,Liquid,2,,,10.1016/j.fluid.2011.11.005,C=CCCCC,0.5003,0,Solvent,CCCCO,0.4997,0.0,Solvent,0.56098,0.00616
,298.15,101.0,Liquid,2,,,10.1016/j.fluid.2011.11.005,C=CCCCC,0.7499,0,Solvent,CCCCO,0.2501,0.0,Solvent,0.63978,0.00696
,298.15,100.0,Liquid,2,1.0627000000000002,0.0005,10.1021/je7003758,CN1CCCC1=O,0.7003,0,Solvent,ClCCCCCl,0.2997,0.0,Solvent,,
,298.15,100.0,Liquid,2,1.0840000000000003,0.00075,10.1021/je7003758,CN1CCCC1=O,0.5025,0,Solvent,ClCCCCCl,0.4975,0.0,Solvent,,
,298.15,100.0,Liquid,2,1.1142000000000003,0.00125,10.1021/je7003758,CN1CCCC1=O,0.2034,0,Solvent,ClCCCCCl,0.7966,0.0,Solvent,,
,298.15,101.0,Liquid,2,,,10.1016/j.jct.2008.01.024,CN1CCCC1=O,0.21,0,Solvent,ClCCCCCl,0.79,0.0,Solvent,-0.406,0.003
,298.15,101.0,Liquid,2,,,10.1016/j.jct.2008.01.024,CN1CCCC1=O,0.703,0,Solvent,ClCCCCCl,0.297,0.0,Solvent,-0.583,0.0035
,298.15,101.0,Liquid,2,,,10.1016/j.jct.2008.01.024,CN1CCCC1=O,0.505,0,Solvent,ClCCCCCl,0.495,0.0,Solvent,-0.678,0.0035
,298.15,101.0,Liquid,2,0.9023610000000002,0.000363,10.1016/j.tca.2011.06.020,C1CCOCC1,0.7315,0,Solvent,CNC=O,0.2685,0.0,Solvent,,
,298.15,101.0,Liquid,2,0.9250360000000002,0.0003755,10.1016/j.tca.2011.06.020,C1CCOCC1,0.5122,0,Solvent,CNC=O,0.4878,0.0,Solvent,,
,298.15,101.0,Liquid,2,0.9563590000000004,0.000393,10.1016/j.tca.2011.06.020,C1CCOCC1,0.2633,0,Solvent,CNC=O,0.7367,0.0,Solvent,,
,308.15,101.0,Liquid,2,,,10.1016/j.tca.2011.06.020,C1CCOCC1,0.2254,0,Solvent,CNC=O,0.7746,0.0,Solvent,0.1556,0.0018
,308.15,101.0,Liquid,2,,,10.1016/j.tca.2011.06.020,C1CCOCC1,0.7576,0,Solvent,CNC=O,0.2424,0.0,Solvent,0.2521,0.0028
,308.15,101.0,Liquid,2,,,10.1016/j.tca.2011.06.020,C1CCOCC1,0.5114,0,Solvent,CNC=O,0.4886,0.0,Solvent,0.3231,0.00355
,298.15,101.3,Liquid,2,0.7971450000000002,0.0003945,10.1007/s10765-010-0737-5,CC(C)(C)Cl,0.7152,0,Solvent,CC(C)OC(C)C,0.2848,0.0,Solvent,,
,298.15,101.3,Liquid,2,0.7723510000000002,0.00042,10.1007/s10765-010-0737-5,CC(C)(C)Cl,0.5148,0,Solvent,CC(C)OC(C)C,0.4852,0.0,Solvent,,
,298.15,101.3,Liquid,2,0.7376660000000003,0.0004545,10.1007/s10765-010-0737-5,CC(C)(C)Cl,0.1991,0,Solvent,CC(C)OC(C)C,0.8009,0.0,Solvent,,
,298.15,101.0,Liquid,2,,,10.1016/j.fluid.2011.06.001,CC(C)(C)Cl,0.7747,0,Solvent,CC(C)OC(C)C,0.2253,0.0,Solvent,0.0035,0.0004
,298.15,101.0,Liquid,2,,,10.1016/j.fluid.2011.06.001,CC(C)(C)Cl,0.5512,0,Solvent,CC(C)OC(C)C,0.4488,0.0,Solvent,0.0071,0.0004
,298.15,101.0,Liquid,2,,,10.1016/j.fluid.2011.06.001,CC(C)(C)Cl,0.2192,0,Solvent,CC(C)OC(C)C,0.7808,0.0,Solvent,0.007,0.0004
,298.15,101.3,Liquid,2,0.8314450000000002,0.000411,10.1016/j.jct.2007.05.005,CCOC(C)(C)C,0.217,0,Solvent,Cc1ccccc1,0.783,0.0,Solvent,,
,298.15,101.3,Liquid,2,0.7937390000000002,0.000467,10.1016/j.jct.2007.05.005,CCOC(C)(C)C,0.505,0,Solvent,Cc1ccccc1,0.495,0.0,Solvent,,
,298.15,101.3,Liquid,2,0.7696300000000001,0.000503,10.1016/j.jct.2007.05.005,CCOC(C)(C)C,0.701,0,Solvent,Cc1ccccc1,0.299,0.0,Solvent,,
,298.15,101.0,Liquid,2,,,10.1016/j.jct.2008.12.004,CCOC(C)(C)C,0.7495,0,Solvent,Cc1ccccc1,0.2505,0.0,Solvent,-0.0348,0.0005
,298.15,101.0,Liquid,2,,,10.1016/j.jct.2008.12.004,CCOC(C)(C)C,0.2489,0,Solvent,Cc1ccccc1,0.7511,0.0,Solvent,-0.0324,0.0005
,298.15,101.0,Liquid,2,,,10.1016/j.jct.2008.12.004,CCOC(C)(C)C,0.5019,0,Solvent,Cc1ccccc1,0.4981,0.0,Solvent,-0.046,0.00055
,298.15,101.0,Liquid,2,1.2862400000000005,0.001125,10.1016/j.jct.2006.05.004,BrCCBr,0.2752,0,Solvent,COC(C)=O,0.7248,0.0,Solvent,,
,298.15,101.0,Liquid,2,1.5834900000000005,0.0021,10.1016/j.jct.2006.05.004,BrCCBr,0.5121,0,Solvent,COC(C)=O,0.4879,0.0,Solvent,,
,298.15,101.0,Liquid,2,1.8774400000000004,0.003355,10.1016/j.jct.2006.05.004,BrCCBr,0.7537,0,Solvent,COC(C)=O,0.2463,0.0,Solvent,,
,298.15,101.0,Liquid,2,,,10.1016/j.jct.2006.05.004,BrCCBr,0.2508,0,Solvent,COC(C)=O,0.7492,0.0,Solvent,0.1202,0.0017
,298.15,101.0,Liquid,2,,,10.1016/j.jct.2006.05.004,BrCCBr,0.4855,0,Solvent,COC(C)=O,0.5145,0.0,Solvent,0.2577,0.00275
,298.15,101.0,Liquid,2,,,10.1016/j.jct.2006.05.004,BrCCBr,0.7209,0,Solvent,COC(C)=O,0.2791,0.0,Solvent,0.2594,0.0028
,298.15,101.0,Liquid,2,1.2059400000000002,0.000915,10.1016/j.jct.2006.05.004,BrCCBr,0.257,0,Solvent,CCC(=O)OC,0.743,0.0,Solvent,,
,298.15,101.0,Liquid,2,1.4941800000000005,0.001825,10.1016/j.jct.2006.05.004,BrCCBr,0.4944,0,Solvent,CCC(=O)OC,0.5056,0.0,Solvent,,
,298.15,101.0,Liquid,2,1.7949900000000003,0.00303,10.1016/j.jct.2006.05.004,BrCCBr,0.7286,0,Solvent,CCC(=O)OC,0.2714,0.0,Solvent,,
,298.15,101.0,Liquid,2,,,10.1016/j.jct.2006.05.004,BrCCBr,0.5086,0,Solvent,CCC(=O)OC,0.4914,0.0,Solvent,0.0195,0.00185
,298.15,101.0,Liquid,2,,,10.1016/j.jct.2006.05.004,BrCCBr,0.7852,0,Solvent,CCC(=O)OC,0.2148,0.0,Solvent,-0.0281,0.002
,298.15,101.0,Liquid,2,,,10.1016/j.jct.2006.05.004,BrCCBr,0.2446,0,Solvent,CCC(=O)OC,0.7554,0.0,Solvent,0.09,0.00295
,308.15,101.0,Liquid,2,0.8802920000000002,0.000454,10.1016/j.tca.2011.02.002,C1CCOCC1,0.8219,0,Solvent,Cc1ccccn1,0.1781,0.0,Solvent,,
,298.15,101.0,Liquid,2,0.910915,0.000475,10.1016/j.tca.2011.02.002,C1CCOCC1,0.4916,0,Solvent,Cc1ccccn1,0.5084,0.0,Solvent,,
,298.15,101.0,Liquid,2,0.9261620000000004,0.0004855,10.1016/j.tca.2011.02.002,C1CCOCC1,0.2373,0,Solvent,Cc1ccccn1,0.7627,0.0,Solvent,,
,308.15,101.0,Liquid,2,,,10.1016/j.tca.2011.02.002,C1CCOCC1,0.2683,0,Solvent,Cc1ccccn1,0.7317,0.0,Solvent,0.1057,0.00105
,308.15,101.0,Liquid,2,,,10.1016/j.tca.2011.02.002,C1CCOCC1,0.8216,0,Solvent,Cc1ccccn1,0.1784,0.0,Solvent,0.1352,0.0012
,308.15,101.0,Liquid,2,,,10.1016/j.tca.2011.02.002,C1CCOCC1,0.4822,0,Solvent,Cc1ccccn1,0.5178,0.0,Solvent,0.1728,0.00135
,298.15,101.0,Liquid,2,0.8976640000000002,0.0004655,10.1016/j.tca.2011.02.002,C1CCOCC1,0.7568,0,Solvent,Cc1cccnc1,0.2432,0.0,Solvent,,
,298.15,101.0,Liquid,2,0.9179640000000002,0.00048,10.1016/j.tca.2011.02.002,C1CCOCC1,0.4827,0,Solvent,Cc1cccnc1,0.5173,0.0,Solvent,,
,298.15,101.0,Liquid,2,0.9348570000000002,0.0004915,10.1016/j.tca.2011.02.002,C1CCOCC1,0.2461,0,Solvent,Cc1cccnc1,0.7539,0.0,Solvent,,
,308.15,101.0,Liquid,2,,,10.1016/j.tca.2011.02.002,C1CCOCC1,0.7355,0,Solvent,Cc1cccnc1,0.2645,0.0,Solvent,0.0924,0.00095
,308.15,101.0,Liquid,2,,,10.1016/j.tca.2011.02.002,C1CCOCC1,0.2732,0,Solvent,Cc1cccnc1,0.7268,0.0,Solvent,0.1036,0.001
,308.15,101.0,Liquid,2,,,10.1016/j.tca.2011.02.002,C1CCOCC1,0.4803,0,Solvent,Cc1cccnc1,0.5197,0.0,Solvent,0.1271,0.00115
,298.15,100.0,Liquid,2,1.0661000000000005,0.0005,10.1016/j.jct.2013.12.006,CNC=O,0.2395,0,Solvent,Cc1ccccc1Cl,0.7605,0.0,Solvent,,
,298.15,100.0,Liquid,2,1.0502000000000002,0.0005,10.1016/j.jct.2013.12.006,CNC=O,0.4987,0,Solvent,Cc1ccccc1Cl,0.5013,0.0,Solvent,,
,298.15,100.0,Liquid,2,1.0297000000000005,0.0005,10.1016/j.jct.2013.12.006,CNC=O,0.7463,0,Solvent,Cc1ccccc1Cl,0.2537,0.0,Solvent,,
,308.15,100.0,Liquid,2,,,10.1016/j.jct.2013.12.006,CNC=O,0.2656,0,Solvent,Cc1ccccc1Cl,0.7344,0.0,Solvent,0.379,0.004
,308.15,100.0,Liquid,2,,,10.1016/j.jct.2013.12.006,CNC=O,0.7476,0,Solvent,Cc1ccccc1Cl,0.2524,0.0,Solvent,0.374,0.004
,308.15,100.0,Liquid,2,,,10.1016/j.jct.2013.12.006,CNC=O,0.5147,0,Solvent,Cc1ccccc1Cl,0.4853,0.0,Solvent,0.49,0.0055
,298.15,101.0,Liquid,2,1.0674000000000003,0.0005,10.1021/je400722h,C1COCCO1,0.2263,0,Solvent,Cc1ccccc1Cl,0.7737,0.0,Solvent,,
,298.15,101.0,Liquid,2,1.0536,0.0005,10.1021/je400722h,C1COCCO1,0.5136,0,Solvent,Cc1ccccc1Cl,0.4864,0.0,Solvent,,
,308.15,101.0,Liquid,2,1.0256,0.0005,10.1021/je400722h,C1COCCO1,0.8357,0,Solvent,Cc1ccccc1Cl,0.1643,0.0,Solvent,,
,308.15,101.0,Liquid,2,,,10.1021/je400722h,C1COCCO1,0.2462,0,Solvent,Cc1ccccc1Cl,0.7538,0.0,Solvent,0.206,0.001
,308.15,101.0,Liquid,2,,,10.1021/je400722h,C1COCCO1,0.8357,0,Solvent,Cc1ccccc1Cl,0.1643,0.0,Solvent,0.244,0.0015
,308.15,101.0,Liquid,2,,,10.1021/je400722h,C1COCCO1,0.4912,0,Solvent,Cc1ccccc1Cl,0.5088,0.0,Solvent,0.356,0.002
,308.15,101.0,Liquid,2,1.0630000000000002,0.0005,10.1021/je400722h,C1COCO1,0.2685,0,Solvent,Cc1ccccc1Cl,0.7315,0.0,Solvent,,
,298.15,101.0,Liquid,2,1.0694000000000004,0.0005,10.1021/je400722h,C1COCO1,0.5169,0,Solvent,Cc1ccccc1Cl,0.4831,0.0,Solvent,,
,298.15,101.0,Liquid,2,1.0652000000000004,0.0005,10.1021/je400722h,C1COCO1,0.7266,0,Solvent,Cc1ccccc1Cl,0.2734,0.0,Solvent,,
,308.15,101.0,Liquid,2,,,10.1021/je400722h,C1COCO1,0.7604,0,Solvent,Cc1ccccc1Cl,0.2396,0.0,Solvent,0.313,0.0015
,308.15,101.0,Liquid,2,,,10.1021/je400722h,C1COCO1,0.2679,0,Solvent,Cc1ccccc1Cl,0.7321,0.0,Solvent,0.272,0.0015
,308.15,101.0,Liquid,2,,,10.1021/je400722h,C1COCO1,0.5009,0,Solvent,Cc1ccccc1Cl,0.4991,0.0,Solvent,0.393,0.002
,298.15,100.0,Liquid,2,1.0247000000000004,0.0005,10.1016/j.jct.2013.12.006,CN(C)C=O,0.5035,0,Solvent,Cc1ccccc1Cl,0.4965,0.0,Solvent,,
,298.15,100.0,Liquid,2,0.9898800000000002,0.0005,10.1016/j.jct.2013.12.006,CN(C)C=O,0.7512,0,Solvent,Cc1ccccc1Cl,0.2488,0.0,Solvent,,
,308.15,100.0,Liquid,2,1.0415000000000003,0.0005,10.1016/j.jct.2013.12.006,CN(C)C=O,0.2737,0,Solvent,Cc1ccccc1Cl,0.7263,0.0,Solvent,,
,308.15,100.0,Liquid,2,,,10.1016/j.jct.2013.12.006,CN(C)C=O,0.2743,0,Solvent,Cc1ccccc1Cl,0.7257,0.0,Solvent,0.373,0.004
,308.15,100.0,Liquid,2,,,10.1016/j.jct.2013.12.006,CN(C)C=O,0.7679,0,Solvent,Cc1ccccc1Cl,0.2321,0.0,Solvent,0.436,0.005
,308.15,100.0,Liquid,2,,,10.1016/j.jct.2013.12.006,CN(C)C=O,0.5118,0,Solvent,Cc1ccccc1Cl,0.4882,0.0,Solvent,0.545,0.006
,298.15,101.0,Liquid,2,1.0396,0.0005,10.1021/je400722h,C1CCOCC1,0.2263,0,Solvent,Cc1ccccc1Cl,0.7737,0.0,Solvent,,
,298.15,101.0,Liquid,2,0.9336500000000002,0.000505,10.1021/je400722h,C1CCOCC1,0.7658,0,Solvent,Cc1ccccc1Cl,0.2342,0.0,Solvent,,
,298.15,101.0,Liquid,2,0.9931600000000002,0.00051,10.1021/je400722h,C1CCOCC1,0.4784,0,Solvent,Cc1ccccc1Cl,0.5216,0.0,Solvent,,
,308.15,101.0,Liquid,2,,,10.1021/je400722h,C1CCOCC1,0.2632,0,Solvent,Cc1ccccc1Cl,0.7368,0.0,Solvent,-0.175,0.001
,308.15,101.0,Liquid,2,,,10.1021/je400722h,C1CCOCC1,0.7533,0,Solvent,Cc1ccccc1Cl,0.2467,0.0,Solvent,-0.154,0.001
,308.15,101.0,Liquid,2,,,10.1021/je400722h,C1CCOCC1,0.5175,0,Solvent,Cc1ccccc1Cl,0.4825,0.0,Solvent,-0.22,0.0015
,298.15,100.0,Liquid,2,0.9994100000000002,0.00051,10.1021/acs.jced.6b00606,C1COCCO1,0.7489,0,Solvent,O=C1CCCCCC1,0.2511,0.0,Solvent,,
,308.15,100.0,Liquid,2,0.9737000000000002,0.00051,10.1021/acs.jced.6b00606,C1COCCO1,0.5723,0,Solvent,O=C1CCCCCC1,0.4277,0.0,Solvent,,
,298.15,100.0,Liquid,2,0.9616800000000002,0.000515,10.1021/acs.jced.6b00606,C1COCCO1,0.2555,0,Solvent,O=C1CCCCCC1,0.7445,0.0,Solvent,,
,308.15,100.0,Liquid,2,,,10.1021/acs.jced.6b00606,C1COCCO1,0.7716,0,Solvent,O=C1CCCCCC1,0.2284,0.0,Solvent,0.0694,0.0009
,308.15,100.0,Liquid,2,,,10.1021/acs.jced.6b00606,C1COCCO1,0.2252,0,Solvent,O=C1CCCCCC1,0.7748,0.0,Solvent,0.0783,0.001
,308.15,100.0,Liquid,2,,,10.1021/acs.jced.6b00606,C1COCCO1,0.5725,0,Solvent,O=C1CCCCCC1,0.4275,0.0,Solvent,0.1032,0.00125
,298.15,101.0,Liquid,2,0.8048000000000002,0.0005,10.1021/je050416y,CCC(C)(C)O,0.6765,0,Solvent,CCO,0.3235,0.0,Solvent,,
,298.15,101.0,Liquid,2,0.8018000000000002,0.0005,10.1021/je050416y,CCC(C)(C)O,0.5495,0,Solvent,CCO,0.4505,0.0,Solvent,,
,298.15,101.0,Liquid,2,0.7933000000000001,0.0005,10.1021/je050416y,CCC(C)(C)O,0.2584,0,Solvent,CCO,0.7416,0.0,Solvent,,
,298.15,101.3,Liquid,2,,,10.1021/je101031j,CCC(C)(C)O,0.2807,0,Solvent,CCO,0.7193,0.0,Solvent,-0.7056,0.0031
,298.15,101.3,Liquid,2,,,10.1021/je101031j,CCC(C)(C)O,0.7306,0,Solvent,CCO,0.2694,0.0,Solvent,-0.7709,0.00335
,298.15,101.3,Liquid,2,,,10.1021/je101031j,CCC(C)(C)O,0.4607,0,Solvent,CCO,0.5393,0.0,Solvent,-0.95,0.00405
,298.15,101.0,Liquid,2,0.8779900000000003,0.0005,10.1021/je5004719,C1CCOCC1,0.5187,0,Solvent,Cc1ccccc1C,0.4813,0.0,Solvent,,
,298.15,101.0,Liquid,2,0.8770400000000002,0.0005,10.1021/je5004719,C1CCOCC1,0.2318,0,Solvent,Cc1ccccc1C,0.7682,0.0,Solvent,,
,298.15,101.0,Liquid,2,0.8787800000000002,0.000505,10.1021/je5004719,C1CCOCC1,0.7729,0,Solvent,Cc1ccccc1C,0.2271,0.0,Solvent,,
,308.15,101.0,Liquid,2,,,10.1016/j.jct.2010.07.016,C1CCOCC1,0.4425,0,Solvent,Cc1ccccc1C,0.5575,0.0,Solvent,-0.0342,0.0006
,308.15,101.0,Liquid,2,,,10.1016/j.jct.2010.07.016,C1CCOCC1,0.7443,0,Solvent,Cc1ccccc1C,0.2557,0.0,Solvent,0.0421,0.00065
,308.15,101.0,Liquid,2,,,10.1016/j.jct.2010.07.016,C1CCOCC1,0.2454,0,Solvent,Cc1ccccc1C,0.7546,0.0,Solvent,-0.0613,0.00085
,293.15,101.0,Liquid,2,0.9718000000000002,0.0005,10.1016/j.jct.2008.11.012,NCCNCCN,0.6988,0,Solvent,O,0.3012,0.0,Solvent,,
,293.15,101.0,Liquid,2,1.0275000000000003,0.0005,10.1016/j.jct.2008.11.012,NCCNCCN,0.2449,0,Solvent,O,0.7551,0.0,Solvent,,
,293.15,101.0,Liquid,2,0.9928000000000002,0.0005,10.1016/j.jct.2008.11.012,NCCNCCN,0.4974,0,Solvent,O,0.5026,0.0,Solvent,,
,303.15,100.0,Liquid,2,,,10.1016/j.jct.2015.04.030,NCCNCCN,0.702,0,Solvent,O,0.298,0.0,Solvent,-3.393,0.036
,303.15,100.0,Liquid,2,,,10.1016/j.jct.2015.04.030,NCCNCCN,0.501,0,Solvent,O,0.499,0.0,Solvent,-5.417,0.0575
,303.15,100.0,Liquid,2,,,10.1016/j.jct.2015.04.030,NCCNCCN,0.2416,0,Solvent,O,0.7584,0.0,Solvent,-6.523,0.0695
,298.15,101.0,Liquid,2,0.8761000000000002,0.0005,10.1021/je5004719,C1CCOCC1,0.2239,0,Solvent,c1ccccc1,0.7761,0.0,Solvent,,
,298.15,101.0,Liquid,2,0.8789500000000002,0.000505,10.1021/je5004719,C1CCOCC1,0.7432,0,Solvent,c1ccccc1,0.2568,0.0,Solvent,,
,298.15,101.0,Liquid,2,0.8778700000000003,0.000505,10.1021/je5004719,C1CCOCC1,0.4794,0,Solvent,c1ccccc1,0.5206,0.0,Solvent,,
,308.15,101.0,Liquid,2,,,10.1016/j.jct.2010.07.016,C1CCOCC1,0.7832,0,Solvent,c1ccccc1,0.2168,0.0,Solvent,-0.1399,0.00165
,308.15,101.0,Liquid,2,,,10.1016/j.jct.2010.07.016,C1CCOCC1,0.2425,0,Solvent,c1ccccc1,0.7575,0.0,Solvent,-0.1608,0.00185
,308.15,101.0,Liquid,2,,,10.1016/j.jct.2010.07.016,C1CCOCC1,0.4982,0,Solvent,c1ccccc1,0.5018,0.0,Solvent,-0.2365,0.00265
,298.0,101.0,Liquid,2,0.9560000000000002,0.0005,10.1016/j.fluid.2013.07.060,CCCCCC,0.75,0,Solvent,FC(F)(F)C(F)(F)C(F)(F)C(F)(F)C(F)(F)C(F)(F)F,0.25,0.0,Solvent,,
,298.0,101.0,Liquid,2,1.2070000000000003,0.0005,10.1016/j.fluid.2013.07.060,CCCCCC,0.5,0,Solvent,FC(F)(F)C(F)(F)C(F)(F)C(F)(F)C(F)(F)C(F)(F)F,0.5,0.0,Solvent,,
,298.0,101.0,Liquid,2,1.4570000000000003,0.0005,10.1016/j.fluid.2013.07.060,CCCCCC,0.25,0,Solvent,FC(F)(F)C(F)(F)C(F)(F)C(F)(F)C(F)(F)C(F)(F)F,0.75,0.0,Solvent,,
,298.15,101.0,Liquid,2,,,10.1016/j.jct.2007.04.002,CCCCCC,0.75,0,Solvent,FC(F)(F)C(F)(F)C(F)(F)C(F)(F)C(F)(F)C(F)(F)F,0.25,0.0,Solvent,1.742,0.021
,298.15,101.0,Liquid,2,,,10.1016/j.jct.2007.04.002,CCCCCC,0.25,0,Solvent,FC(F)(F)C(F)(F)C(F)(F)C(F)(F)C(F)(F)C(F)(F)F,0.75,0.0,Solvent,1.679,0.021
,298.15,101.0,Liquid,2,,,10.1016/j.jct.2007.04.002,CCCCCC,0.5,0,Solvent,FC(F)(F)C(F)(F)C(F)(F)C(F)(F)C(F)(F)C(F)(F)F,0.5,0.0,Solvent,2.104,0.0215
,298.15,100.0,Liquid,2,0.8996200000000002,0.000505,10.1021/acs.jced.5b00813,CCCCC(=O)OC,0.4935,0,Solvent,COC(C)=O,0.5065,0.0,Solvent,,
,298.15,100.0,Liquid,2,0.8914700000000002,0.000505,10.1021/acs.jced.5b00813,CCCCC(=O)OC,0.7383,0,Solvent,COC(C)=O,0.2617,0.0,Solvent,,
,298.15,100.0,Liquid,2,0.9105300000000002,0.000505,10.1021/acs.jced.5b00813,CCCCC(=O)OC,0.2511,0,Solvent,COC(C)=O,0.7489,0.0,Solvent,,
,298.15,100.0,Liquid,2,,,10.1021/acs.jced.5b00813,CCCCC(=O)OC,0.2347,0,Solvent,COC(C)=O,0.7653,0.0,Solvent,0.173,0.002
,298.15,100.0,Liquid,2,,,10.1021/acs.jced.5b00813,CCCCC(=O)OC,0.7339,0,Solvent,COC(C)=O,0.2661,0.0,Solvent,0.178,0.002
,298.15,100.0,Liquid,2,,,10.1021/acs.jced.5b00813,CCCCC(=O)OC,0.5055,0,Solvent,COC(C)=O,0.4945,0.0,Solvent,0.238,0.0025
,298.15,100.0,Liquid,2,0.9041900000000004,0.000505,10.1021/acs.jced.5b00813,CCCC(=O)OC,0.5456,0,Solvent,COC(C)=O,0.4544,0.0,Solvent,,
,298.15,100.0,Liquid,2,0.8997600000000002,0.000505,10.1021/acs.jced.5b00813,CCCC(=O)OC,0.6958,0,Solvent,COC(C)=O,0.3042,0.0,Solvent,,
,298.15,100.0,Liquid,2,0.9147400000000002,0.000505,10.1021/acs.jced.5b00813,CCCC(=O)OC,0.2536,0,Solvent,COC(C)=O,0.7464,0.0,Solvent,,
,298.15,100.0,Liquid,2,,,10.1021/acs.jced.5b00813,CCCC(=O)OC,0.226,0,Solvent,COC(C)=O,0.774,0.0,Solvent,0.102,0.0015
,298.15,100.0,Liquid,2,,,10.1021/acs.jced.5b00813,CCCC(=O)OC,0.6958,0,Solvent,COC(C)=O,0.3042,0.0,Solvent,0.122,0.0015
,298.15,100.0,Liquid,2,,,10.1021/acs.jced.5b00813,CCCC(=O)OC,0.4822,0,Solvent,COC(C)=O,0.5178,0.0,Solvent,0.151,0.002
,298.15,100.0,Liquid,2,0.9000800000000002,0.000505,10.1021/acs.jced.6b00606,C1CCOCC1,0.7389,0,Solvent,O=C1CCCCC1,0.2611,0.0,Solvent,,
,298.15,100.0,Liquid,2,0.9305900000000004,0.000505,10.1021/acs.jced.6b00606,C1CCOCC1,0.2471,0,Solvent,O=C1CCCCC1,0.7529,0.0,Solvent,,
,298.15,100.0,Liquid,2,0.9160300000000002,0.000505,10.1021/acs.jced.6b00606,C1CCOCC1,0.5009,0,Solvent,O=C1CCCCC1,0.4991,0.0,Solvent,,
,298.15,101.0,Liquid,2,,,10.1021/je025649t,C1CCOCC1,0.25,0,Solvent,O=C1CCCCC1,0.75,0.0,Solvent,0.05827,0.00062
,298.15,101.0,Liquid,2,,,10.1021/je025649t,C1CCOCC1,0.75,0,Solvent,O=C1CCCCC1,0.25,0.0,Solvent,0.07698,0.00069
,298.15,101.0,Liquid,2,,,10.1021/je025649t,C1CCOCC1,0.5,0,Solvent,O=C1CCCCC1,0.5,0.0,Solvent,0.08658,0.000725
,298.15,100.0,Liquid,2,0.8211500000000002,0.000505,10.1016/j.jct.2014.06.030,C1CCCCC1,0.5018,0,Solvent,C1CCOCC1,0.4982,0.0,Solvent,,
,298.15,100.0,Liquid,2,0.7952000000000002,0.000505,10.1016/j.jct.2014.06.030,C1CCCCC1,0.7622,0,Solvent,C1CCOCC1,0.2378,0.0,Solvent,,
,298.15,100.0,Liquid,2,0.8470300000000002,0.000505,10.1016/j.jct.2014.06.030,C1CCCCC1,0.2659,0,Solvent,C1CCOCC1,0.7341,0.0,Solvent,,
,308.15,101.0,Liquid,2,,,10.1016/j.tca.2010.03.028,C1CCCCC1,0.2471,0,Solvent,C1CCOCC1,0.7529,0.0,Solvent,0.3613,0.00395
,308.15,101.0,Liquid,2,,,10.1016/j.tca.2010.03.028,C1CCCCC1,0.7266,0,Solvent,C1CCOCC1,0.2734,0.0,Solvent,0.4424,0.00485
,308.15,101.0,Liquid,2,,,10.1021/je900077g,C1CCCCC1,0.499,0,Solvent,C1CCOCC1,0.501,0.0,Solvent,0.526,0.0055
,298.15,101.0,Liquid,2,0.8669900000000003,0.000505,10.1021/je5004719,C1CCOCC1,0.2387,0,Solvent,Cc1ccccc1,0.7613,0.0,Solvent,,
,298.15,101.0,Liquid,2,0.8715100000000002,0.000505,10.1021/je5004719,C1CCOCC1,0.4915,0,Solvent,Cc1ccccc1,0.5085,0.0,Solvent,,
,298.15,101.0,Liquid,2,0.8754100000000001,0.000505,10.1021/je5004719,C1CCOCC1,0.7321,0,Solvent,Cc1ccccc1,0.2679,0.0,Solvent,,
,308.15,101.0,Liquid,2,,,10.1016/j.jct.2010.07.016,C1CCOCC1,0.7413,0,Solvent,Cc1ccccc1,0.2587,0.0,Solvent,-0.1629,0.0019
,308.15,101.0,Liquid,2,,,10.1016/j.jct.2010.07.016,C1CCOCC1,0.2806,0,Solvent,Cc1ccccc1,0.7194,0.0,Solvent,-0.1687,0.00195
,308.15,101.0,Liquid,2,,,10.1016/j.jct.2010.07.016,C1CCOCC1,0.5319,0,Solvent,Cc1ccccc1,0.4681,0.0,Solvent,-0.2225,0.0025
,298.15,100.0,Liquid,2,0.8119000000000002,0.000505,10.1021/acs.jced.5b00813,CC(C)CC(C)(C)C,0.2981,0,Solvent,CCCC(=O)OC,0.7019,0.0,Solvent,,
,298.15,100.0,Liquid,2,0.7279000000000001,0.000505,10.1021/acs.jced.5b00813,CC(C)CC(C)(C)C,0.7243,0,Solvent,CCCC(=O)OC,0.2757,0.0,Solvent,,
,298.15,100.0,Liquid,2,0.7803000000000001,0.000505,10.1021/acs.jced.5b00813,CC(C)CC(C)(C)C,0.441,0,Solvent,CCCC(=O)OC,0.559,0.0,Solvent,,
,298.15,100.0,Liquid,2,,,10.1021/acs.jced.5b00813,CC(C)CC(C)(C)C,0.7629,0,Solvent,CCCC(=O)OC,0.2371,0.0,Solvent,0.789,0.0085
,298.15,100.0,Liquid,2,,,10.1021/acs.jced.5b00813,CC(C)CC(C)(C)C,0.2982,0,Solvent,CCCC(=O)OC,0.7018,0.0,Solvent,0.884,0.0095
,298.15,100.0,Liquid,2,,,10.1021/acs.jced.5b00813,CC(C)CC(C)(C)C,0.4407,0,Solvent,CCCC(=O)OC,0.5593,0.0,Solvent,1.053,0.0115
,298.15,101.0,Liquid,2,1.0158200000000004,0.00051,10.1021/je301353z,CN1CCCC1=O,0.5215,0,Solvent,c1ccncc1,0.4785,0.0,Solvent,,
,298.15,101.0,Liquid,2,0.9983500000000004,0.00051,10.1021/je301353z,CN1CCCC1=O,0.2348,0,Solvent,c1ccncc1,0.7652,0.0,Solvent,,
,298.15,101.0,Liquid,2,1.0207400000000002,0.00051,10.1021/je301353z,CN1CCCC1=O,0.6364,0,Solvent,c1ccncc1,0.3636,0.0,Solvent,,
,298.15,101.0,Liquid,2,,,10.1016/j.jct.2013.09.015,CN1CCCC1=O,0.2312,0,Solvent,c1ccncc1,0.7688,0.0,Solvent,-0.3157,0.07895
,298.15,101.0,Liquid,2,,,10.1016/j.jct.2013.09.015,CN1CCCC1=O,0.6359,0,Solvent,c1ccncc1,0.3641,0.0,Solvent,-0.4013,0.10035
,298.15,101.0,Liquid,2,,,10.1016/j.jct.2013.09.015,CN1CCCC1=O,0.4995,0,Solvent,c1ccncc1,0.5005,0.0,Solvent,-0.4356,0.1089
,298.15,101.0,Liquid,2,1.0106200000000003,0.00051,10.1021/je301353z,OC1=NCCC1,0.2312,0,Solvent,c1ccncc1,0.7688,0.0,Solvent,,
,298.15,101.0,Liquid,2,1.0431300000000003,0.000515,10.1021/je301353z,OC1=NCCC1,0.4752,0,Solvent,c1ccncc1,0.5248,0.0,Solvent,,
,298.15,101.0,Liquid,2,1.0872000000000004,0.00052,10.1021/je301353z,OC1=NCCC1,0.8312,0,Solvent,c1ccncc1,0.1688,0.0,Solvent,,
,298.15,101.0,Liquid,2,,,10.1016/j.jct.2013.09.015,OC1=NCCC1,0.8311,0,Solvent,c1ccncc1,0.1689,0.0,Solvent,0.0972,0.0243
,298.15,101.0,Liquid,2,,,10.1016/j.jct.2013.09.015,OC1=NCCC1,0.2615,0,Solvent,c1ccncc1,0.7385,0.0,Solvent,0.165,0.04125
,298.15,101.0,Liquid,2,,,10.1016/j.jct.2013.09.015,OC1=NCCC1,0.5256,0,Solvent,c1ccncc1,0.4744,0.0,Solvent,0.2031,0.0508
,298.15,101.0,Liquid,2,1.2277600000000002,0.00096,10.1016/j.jct.2006.05.004,BrCCCBr,0.2435,0,Solvent,COC(C)=O,0.7565,0.0,Solvent,,
,298.15,101.0,Liquid,2,1.5338800000000006,0.001965,10.1016/j.jct.2006.05.004,BrCCCBr,0.5256,0,Solvent,COC(C)=O,0.4744,0.0,Solvent,,
,298.15,101.0,Liquid,2,1.7174300000000005,0.002745,10.1016/j.jct.2006.05.004,BrCCCBr,0.7138,0,Solvent,COC(C)=O,0.2862,0.0,Solvent,,
,298.15,101.0,Liquid,2,,,10.1016/j.jct.2006.05.004,BrCCCBr,0.2313,0,Solvent,COC(C)=O,0.7687,0.0,Solvent,0.2115,0.0024
,298.15,101.0,Liquid,2,,,10.1016/j.jct.2006.05.004,BrCCCBr,0.7594,0,Solvent,COC(C)=O,0.2406,0.0,Solvent,0.313,0.0032
,298.15,101.0,Liquid,2,,,10.1016/j.jct.2006.05.004,BrCCCBr,0.5042,0,Solvent,COC(C)=O,0.4958,0.0,Solvent,0.3912,0.0038
,293.15,101.0,Liquid,2,0.9918800000000002,0.00059,10.1021/je800197t,CN1CCOCC1,0.2538,0,Solvent,O,0.7462,0.0,Solvent,,
,293.15,101.0,Liquid,2,0.9627600000000002,0.00084,10.1021/je800197t,CN1CCOCC1,0.4983,0,Solvent,O,0.5017,0.0,Solvent,,
,293.15,101.0,Liquid,2,0.9345300000000002,0.00112,10.1021/je800197t,CN1CCOCC1,0.7587,0,Solvent,O,0.2413,0.0,Solvent,,
,298.15,101.0,Liquid,2,0.7509700000000002,0.00055,10.1016/j.jct.2005.02.006,C1CCCCC1,0.7961,0,Solvent,CCCCCCCC,0.2039,0.0,Solvent,,
,298.15,101.0,Liquid,2,0.7250300000000002,0.000585,10.1016/j.jct.2005.02.006,C1CCCCC1,0.4777,0,Solvent,CCCCCCCC,0.5223,0.0,Solvent,,
,298.15,101.0,Liquid,2,0.7110900000000002,0.000605,10.1016/j.jct.2005.02.006,C1CCCCC1,0.2498,0,Solvent,CCCCCCCC,0.7502,0.0,Solvent,,
,303.15,101.0,Liquid,2,,,10.1016/j.fluid.2006.03.020,C1CCCCC1,0.2744,0,Solvent,CCCCCCCC,0.7256,0.0,Solvent,0.18,0.005
,303.15,101.0,Liquid,2,,,10.1016/j.fluid.2006.03.020,C1CCCCC1,0.5324,0,Solvent,CCCCCCCC,0.4676,0.0,Solvent,0.258,0.005
,303.15,101.0,Liquid,2,,,10.1016/j.fluid.2006.03.020,C1CCCCC1,0.7513,0,Solvent,CCCCCCCC,0.2487,0.0,Solvent,0.23,0.005
,298.15,101.0,Liquid,2,1.06428,0.00056,10.1016/j.jct.2006.05.004,BrCCBr,0.0598,0,Solvent,COC=O,0.9402,0.0,Solvent,,
,298.15,101.0,Liquid,2,1.6620300000000003,0.00232,10.1016/j.jct.2006.05.004,BrCCBr,0.5015,0,Solvent,COC=O,0.4985,0.0,Solvent,,
,298.15,101.0,Liquid,2,1.9319600000000008,0.003535,10.1016/j.jct.2006.05.004,BrCCBr,0.749,0,Solvent,COC=O,0.251,0.0,Solvent,,
,298.15,101.0,Liquid,2,,,10.1016/j.jct.2006.05.004,BrCCBr,0.0595,0,Solvent,COC=O,0.9405,0.0,Solvent,0.1715,0.00215
,298.15,101.0,Liquid,2,,,10.1016/j.jct.2006.05.004,BrCCBr,0.7574,0,Solvent,COC=O,0.2426,0.0,Solvent,0.653,0.00585
,298.15,101.0,Liquid,2,,,10.1016/j.jct.2006.05.004,BrCCBr,0.5281,0,Solvent,COC=O,0.4719,0.0,Solvent,0.8123,0.00705
,303.15,100.0,Liquid,2,0.9948200000000004,0.0006,10.1016/j.jct.2018.12.039,CCO,0.2617,0,Solvent,Cc1ccccc1O,0.7383,0.0,Solvent,,
,303.15,100.0,Liquid,2,0.9524700000000004,0.0006,10.1016/j.jct.2018.12.039,CCO,0.4698,0,Solvent,Cc1ccccc1O,0.5302,0.0,Solvent,,
,303.15,100.0,Liquid,2,0.8671900000000002,0.000605,10.1016/j.jct.2018.12.039,CCO,0.7799,0,Solvent,Cc1ccccc1O,0.2201,0.0,Solvent,,
,298.15,101.0,Liquid,2,,,10.1016/j.fluid.2017.09.008,CCO,0.5873,0,Solvent,Cc1ccccc1O,0.4127,0.0,Solvent,-1.62073,0.017555
,298.15,101.0,Liquid,2,,,10.1016/j.fluid.2017.09.008,CCO,0.8046,0,Solvent,Cc1ccccc1O,0.1954,0.0,Solvent,-1.11203,0.019505
,298.15,101.0,Liquid,2,,,10.1016/j.fluid.2017.09.008,CCO,0.1987,0,Solvent,Cc1ccccc1O,0.8013,0.0,Solvent,-0.94358,0.023465
,298.15,101.0,Liquid,2,1.8698300000000003,0.000995,10.1016/j.jct.2005.07.009,BrCCBr,0.7506,0,Solvent,CCOC=O,0.2494,0.0,Solvent,,
,298.15,101.0,Liquid,2,1.5742900000000004,0.00125,10.1016/j.jct.2005.07.009,BrCCBr,0.5107,0,Solvent,CCOC=O,0.4893,0.0,Solvent,,
,298.15,101.0,Liquid,2,1.2851500000000005,0.00131,10.1016/j.jct.2005.07.009,BrCCBr,0.2825,0,Solvent,CCOC=O,0.7175,0.0,Solvent,,
,298.15,101.0,Liquid,2,,,10.1016/j.jct.2005.07.009,BrCCBr,0.2475,0,Solvent,CCOC=O,0.7525,0.0,Solvent,0.2492,0.0035
,298.15,101.0,Liquid,2,,,10.1016/j.jct.2005.07.009,BrCCBr,0.7346,0,Solvent,CCOC=O,0.2654,0.0,Solvent,0.3604,0.00485
,298.15,101.0,Liquid,2,,,10.1016/j.jct.2005.07.009,BrCCBr,0.503,0,Solvent,CCOC=O,0.497,0.0,Solvent,0.404,0.0054
,298.15,101.0,Liquid,2,0.8813700000000002,0.00081,10.1021/je034005y,C1CCCCC1,0.2473,0,Solvent,CCOCCO,0.7527,0.0,Solvent,,
,298.15,101.0,Liquid,2,0.8389100000000002,0.000985,10.1021/je034005y,C1CCCCC1,0.5,0,Solvent,CCOCCO,0.5,0.0,Solvent,,
,298.15,101.0,Liquid,2,0.8032400000000002,0.00113,10.1021/je034005y,C1CCCCC1,0.7459,0,Solvent,CCOCCO,0.2541,0.0,Solvent,,
,298.15,101.0,Liquid,2,,,10.1016/j.fluid.2006.04.016,C1CCCCC1,0.2536,0,Solvent,CCOCCO,0.7464,0.0,Solvent,0.7986,0.0102
,298.15,101.0,Liquid,2,,,10.1016/j.fluid.2006.04.016,C1CCCCC1,0.7308,0,Solvent,CCOCCO,0.2692,0.0,Solvent,0.9902,0.01255
,298.15,101.0,Liquid,2,,,10.1016/j.fluid.2006.04.016,C1CCCCC1,0.4751,0,Solvent,CCOCCO,0.5249,0.0,Solvent,1.069,0.0135
,298.15,100.0,Liquid,2,0.7762150000000002,0.000949,10.1021/acs.jced.5b00802,CCCCN,0.7552,0,Solvent,CN(C)C=O,0.2448,0.0,Solvent,,
,298.15,100.0,Liquid,2,0.8277360000000001,0.001011,10.1021/acs.jced.5b00802,CCCCN,0.4972,0,Solvent,CN(C)C=O,0.5028,0.0,Solvent,,
,298.15,100.0,Liquid,2,0.8845160000000002,0.0010795,10.1021/acs.jced.5b00802,CCCCN,0.2428,0,Solvent,CN(C)C=O,0.7572,0.0,Solvent,,
,298.15,101.0,Liquid,2,,,10.1016/j.fluid.2019.112283,CCCCN,0.2441,0,Solvent,CN(C)C=O,0.7559,0.0,Solvent,0.245,0.008
,298.15,101.0,Liquid,2,,,10.1016/j.fluid.2019.112283,CCCCN,0.7502,0,Solvent,CN(C)C=O,0.2498,0.0,Solvent,0.32,0.01
,298.15,101.0,Liquid,2,,,10.1016/j.fluid.2019.112283,CCCCN,0.4992,0,Solvent,CN(C)C=O,0.5008,0.0,Solvent,0.384,0.0115
,298.15,100.0,Liquid,2,0.7687320000000002,0.0009355,10.1021/acs.jced.5b00802,CCCNCCC,0.7459,0,Solvent,CN(C)C=O,0.2541,0.0,Solvent,,
,298.15,100.0,Liquid,2,0.8108000000000002,0.0009885,10.1021/acs.jced.5b00802,CCCNCCC,0.5034,0,Solvent,CN(C)C=O,0.4966,0.0,Solvent,,
,298.15,100.0,Liquid,2,0.8674480000000002,0.0010625,10.1021/acs.jced.5b00802,CCCNCCC,0.2523,0,Solvent,CN(C)C=O,0.7477,0.0,Solvent,,
,298.15,101.0,Liquid,2,,,10.1016/j.fluid.2019.112283,CCCNCCC,0.7496,0,Solvent,CN(C)C=O,0.2504,0.0,Solvent,0.529,0.017
,298.15,101.0,Liquid,2,,,10.1016/j.fluid.2019.112283,CCCNCCC,0.2482,0,Solvent,CN(C)C=O,0.7518,0.0,Solvent,0.613,0.0195
,298.15,101.0,Liquid,2,,,10.1016/j.fluid.2019.112283,CCCNCCC,0.4995,0,Solvent,CN(C)C=O,0.5005,0.0,Solvent,0.748,0.0225
,298.15,100.0,Liquid,2,0.7828350000000002,0.0009465,10.1021/acs.jced.5b00802,CCCCNCCCC,0.7266,0,Solvent,CN(C)C=O,0.2734,0.0,Solvent,,
,298.15,100.0,Liquid,2,0.8153440000000003,0.0009895,10.1021/acs.jced.5b00802,CCCCNCCCC,0.4928,0,Solvent,CN(C)C=O,0.5072,0.0,Solvent,,
,298.15,100.0,Liquid,2,0.8609240000000001,0.001053,10.1021/acs.jced.5b00802,CCCCNCCCC,0.2639,0,Solvent,CN(C)C=O,0.7361,0.0,Solvent,,
,298.15,101.0,Liquid,2,,,10.1016/j.fluid.2019.112283,CCCCNCCCC,0.7518,0,Solvent,CN(C)C=O,0.2482,0.0,Solvent,0.782,0.025
,298.15,101.0,Liquid,2,,,10.1016/j.fluid.2019.112283,CCCCNCCCC,0.2494,0,Solvent,CN(C)C=O,0.7506,0.0,Solvent,0.921,0.029
,298.15,101.0,Liquid,2,,,10.1016/j.fluid.2019.112283,CCCCNCCCC,0.5018,0,Solvent,CN(C)C=O,0.4982,0.0,Solvent,1.113,0.0335
,298.15,100.0,Liquid,2,0.7905460000000002,0.0009575,10.1021/acs.jced.5b00802,CCCCCCN,0.7452,0,Solvent,CN(C)C=O,0.2548,0.0,Solvent,,
,298.15,100.0,Liquid,2,0.8367510000000001,0.001016,10.1021/acs.jced.5b00802,CCCCCCN,0.45,0,Solvent,CN(C)C=O,0.55,0.0,Solvent,,
,298.15,100.0,Liquid,2,0.8676880000000002,0.001057,10.1021/acs.jced.5b00802,CCCCCCN,0.2944,0,Solvent,CN(C)C=O,0.7056,0.0,Solvent,,
,298.15,101.0,Liquid,2,,,10.1016/j.fluid.2019.112283,CCCCCCN,0.7478,0,Solvent,CN(C)C=O,0.2522,0.0,Solvent,0.461,0.015
,298.15,101.0,Liquid,2,,,10.1016/j.fluid.2019.112283,CCCCCCN,0.2497,0,Solvent,CN(C)C=O,0.7503,0.0,Solvent,0.51,0.0165
,298.15,101.0,Liquid,2,,,10.1016/j.fluid.2019.112283,CCCCCCN,0.4997,0,Solvent,CN(C)C=O,0.5003,0.0,Solvent,0.661,0.02
,293.15,101.0,Liquid,2,1.0838100000000002,0.00154,10.1016/j.jct.2008.01.007,O,0.7534,0,Solvent,OCCN1CCOCC1,0.2466,0.0,Solvent,,
,293.15,101.0,Liquid,2,1.08031,0.001565,10.1016/j.jct.2008.01.007,O,0.2561,0,Solvent,OCCN1CCOCC1,0.7439,0.0,Solvent,,
,293.15,101.0,Liquid,2,1.0866900000000004,0.00159,10.1016/j.jct.2008.01.007,O,0.5148,0,Solvent,OCCN1CCOCC1,0.4852,0.0,Solvent,,
,298.15,101.0,Liquid,2,,,10.1016/j.jct.2015.06.006,O,0.3051,0,Solvent,OCCN1CCOCC1,0.6949,0.0,Solvent,-1.7936,0.01915
,298.15,101.0,Liquid,2,,,10.1016/j.jct.2015.06.006,O,0.5011,0,Solvent,OCCN1CCOCC1,0.4989,0.0,Solvent,-2.2633,0.02415
,298.15,101.0,Liquid,2,,,10.1016/j.jct.2015.06.006,O,0.6998,0,Solvent,OCCN1CCOCC1,0.3002,0.0,Solvent,-2.426,0.026
,303.2,101.0,Liquid,2,0.8943440000000002,0.000986,10.1016/j.fluid.2012.07.032,CCCOC(C)=O,0.831128,0,Solvent,O,0.168872,0.0,Solvent,,
,298.15,101.3,Liquid,2,1.0118000000000005,0.0014,10.1021/acs.jced.5b00412,NCCCO,0.272809,0,Solvent,O,0.727191,0.0,Solvent,,
,298.15,101.3,Liquid,2,1.0059000000000002,0.00155,10.1021/acs.jced.5b00412,NCCCO,0.489642,0,Solvent,O,0.510358,0.0,Solvent,,
,298.15,101.3,Liquid,2,0.9975000000000004,0.0018,10.1021/acs.jced.5b00412,NCCCO,0.708044,0,Solvent,O,0.291956,0.0,Solvent,,
,298.15,101.0,Liquid,2,,,10.1016/j.jct.2007.03.010,NCCCO,0.7515,0,Solvent,O,0.2485,0.0,Solvent,-1.531,0.031
,298.15,101.0,Liquid,2,,,10.1016/j.jct.2007.03.010,NCCCO,0.4989,0,Solvent,O,0.5011,0.0,Solvent,-2.462,0.05
,298.15,101.0,Liquid,2,,,10.1016/j.jct.2007.03.010,NCCCO,0.2982,0,Solvent,O,0.7018,0.0,Solvent,-2.501,0.051
,298.0,100.0,Liquid,2,1.0345000000000002,0.0015,10.1021/je700339f,CC(=O)N(C)C,0.3002,0,Solvent,ClCCCCCCCl,0.6998,0.0,Solvent,,
,298.0,100.0,Liquid,2,1.0123000000000002,0.0016,10.1021/je700339f,CC(=O)N(C)C,0.4943,0,Solvent,ClCCCCCCCl,0.5057,0.0,Solvent,,
,298.0,100.0,Liquid,2,0.9853000000000002,0.00175,10.1021/je700339f,CC(=O)N(C)C,0.7006,0,Solvent,ClCCCCCCCl,0.2994,0.0,Solvent,,
,298.15,101.0,Liquid,2,,,10.1016/j.jct.2007.06.017,CC(=O)N(C)C,0.798,0,Solvent,ClCCCCCCCl,0.202,0.0,Solvent,0.067,0.002
,298.15,101.0,Liquid,2,,,10.1016/j.jct.2007.06.017,CC(=O)N(C)C,0.212,0,Solvent,ClCCCCCCCl,0.788,0.0,Solvent,0.04,0.002
,298.15,101.0,Liquid,2,,,10.1016/j.jct.2007.06.017,CC(=O)N(C)C,0.504,0,Solvent,ClCCCCCCCl,0.496,0.0,Solvent,0.09,0.002
,298.0,100.0,Liquid,2,1.0407000000000004,0.00225,10.1021/je700339f,CC(=O)N(C)C,0.5009,0,Solvent,ClCCCCCl,0.4991,0.0,Solvent,,
,298.0,100.0,Liquid,2,1.0978,0.0023,10.1021/je700339f,CC(=O)N(C)C,0.2001,0,Solvent,ClCCCCCl,0.7999,0.0,Solvent,,
,298.0,100.0,Liquid,2,1.0011000000000003,0.0023,10.1021/je700339f,CC(=O)N(C)C,0.6987,0,Solvent,ClCCCCCl,0.3013,0.0,Solvent,,
,298.15,101.0,Liquid,2,,,10.1016/j.jct.2007.06.017,CC(=O)N(C)C,0.506,0,Solvent,ClCCCCCl,0.494,0.0,Solvent,-0.314,0.0025
,298.15,101.0,Liquid,2,,,10.1016/j.jct.2007.06.017,CC(=O)N(C)C,0.705,0,Solvent,ClCCCCCl,0.295,0.0,Solvent,-0.281,0.0025
,298.15,101.0,Liquid,2,,,10.1016/j.jct.2007.06.017,CC(=O)N(C)C,0.211,0,Solvent,ClCCCCCl,0.789,0.0,Solvent,-0.188,0.0025
,298.15,101.0,Liquid,2,1.0128,0.00265,10.1021/je900212d,CCCO,0.1929,0,Solvent,O=Cc1ccccc1,0.8071,0.0,Solvent,,
,298.15,101.0,Liquid,2,0.9470000000000002,0.0035,10.1021/je900212d,CCCO,0.5003,0,Solvent,O=Cc1ccccc1,0.4997,0.0,Solvent,,
,298.15,101.0,Liquid,2,0.8676000000000003,0.0054,10.1021/je900212d,CCCO,0.8025,0,Solvent,O=Cc1ccccc1,0.1975,0.0,Solvent,,
,298.15,101.325,Liquid,2,,,10.1016/j.jct.2011.05.014,CCCO,0.2374,0,Solvent,O=Cc1ccccc1,0.7626,0.0,Solvent,1.2579,0.0055
,298.15,101.325,Liquid,2,,,10.1016/j.jct.2011.05.014,CCCO,0.7302,0,Solvent,O=Cc1ccccc1,0.2698,0.0,Solvent,1.3784,0.00585
,298.15,101.325,Liquid,2,,,10.1016/j.jct.2011.05.014,CCCO,0.5178,0,Solvent,O=Cc1ccccc1,0.4822,0.0,Solvent,1.6361,0.00675
,298.15,101.325,Liquid,2,1.0057000000000005,0.00245,10.1021/je020191g,C1COCCN1,0.793,0,Solvent,O,0.207,0.0,Solvent,,
,298.15,101.325,Liquid,2,1.0255000000000003,0.00255,10.1021/je020191g,C1COCCN1,0.498,0,Solvent,O,0.502,0.0,Solvent,,
,298.15,101.325,Liquid,2,1.0309000000000004,0.00255,10.1021/je020191g,C1COCCN1,0.298,0,Solvent,O,0.702,0.0,Solvent,,
,298.15,101.0,Liquid,2,,,10.1016/j.jct.2015.06.006,C1COCCN1,0.7149,0,Solvent,O,0.2851,0.0,Solvent,-1.753,0.019
,298.15,101.0,Liquid,2,,,10.1016/j.jct.2015.06.006,C1COCCN1,0.201,0,Solvent,O,0.799,0.0,Solvent,-2.758,0.0295
,298.15,101.0,Liquid,2,,,10.1016/j.jct.2015.06.006,C1COCCN1,0.4911,0,Solvent,O,0.5089,0.0,Solvent,-3.131,0.0335
,303.15,101.0,Liquid,2,0.8467600000000002,0.002595,10.1016/j.jct.2009.01.006,CCC(C)=O,0.7793,0,Solvent,CN1CCCC1=O,0.2207,0.0,Solvent,,
,303.15,101.0,Liquid,2,0.9166100000000004,0.00261,10.1016/j.jct.2009.01.006,CCC(C)=O,0.4795,0,Solvent,CN1CCCC1=O,0.5205,0.0,Solvent,,
,303.15,101.0,Liquid,2,0.9591400000000002,0.00262,10.1016/j.jct.2009.01.006,CCC(C)=O,0.2922,0,Solvent,CN1CCCC1=O,0.7078,0.0,Solvent,,
,298.15,101.0,Liquid,2,,,10.1021/je900262t,CCC(C)=O,0.7324,0,Solvent,CN1CCCC1=O,0.2676,0.0,Solvent,-0.0861,0.0029
,298.15,101.0,Liquid,2,,,10.1021/je900262t,CCC(C)=O,0.2461,0,Solvent,CN1CCCC1=O,0.7539,0.0,Solvent,-0.0999,0.0031
,298.15,101.0,Liquid,2,,,10.1021/je900262t,CCC(C)=O,0.4841,0,Solvent,CN1CCCC1=O,0.5159,0.0,Solvent,-0.1675,0.00415
,298.0,100.0,Liquid,2,1.0181000000000002,0.00305,10.1021/je700339f,CC(=O)N(C)C,0.7008,0,Solvent,ClCCCl,0.2992,0.0,Solvent,,
,298.0,100.0,Liquid,2,1.0774000000000004,0.00325,10.1021/je700339f,CC(=O)N(C)C,0.4999,0,Solvent,ClCCCl,0.5001,0.0,Solvent,,
,298.0,100.0,Liquid,2,1.1413000000000002,0.00345,10.1021/je700339f,CC(=O)N(C)C,0.2988,0,Solvent,ClCCCl,0.7012,0.0,Solvent,,
,298.15,101.0,Liquid,2,,,10.1016/j.jct.2007.06.017,CC(=O)N(C)C,0.202,0,Solvent,ClCCCl,0.798,0.0,Solvent,-0.586,0.004
,298.15,101.0,Liquid,2,,,10.1016/j.jct.2007.06.017,CC(=O)N(C)C,0.702,0,Solvent,ClCCCl,0.298,0.0,Solvent,-0.706,0.004
,298.15,101.0,Liquid,2,,,10.1016/j.jct.2007.06.017,CC(=O)N(C)C,0.5,0,Solvent,ClCCCl,0.5,0.0,Solvent,-0.885,0.004
,298.15,100.0,Liquid,2,1.0336,0.003,10.1021/je700339f,CN(C)C=O,0.7054,0,Solvent,ClCCCl,0.2946,0.0,Solvent,,
,298.15,100.0,Liquid,2,1.1862000000000004,0.003,10.1021/je700339f,CN(C)C=O,0.1978,0,Solvent,ClCCCl,0.8022,0.0,Solvent,,
,298.15,100.0,Liquid,2,1.0957000000000003,0.00305,10.1021/je700339f,CN(C)C=O,0.4988,0,Solvent,ClCCCl,0.5012,0.0,Solvent,,
,298.15,101.0,Liquid,2,,,10.1016/j.jct.2007.06.017,CN(C)C=O,0.702,0,Solvent,ClCCCl,0.298,0.0,Solvent,-0.531,0.003
,298.15,101.0,Liquid,2,,,10.1016/j.jct.2007.06.017,CN(C)C=O,0.498,0,Solvent,ClCCCl,0.502,0.0,Solvent,-0.663,0.0035
,298.15,101.0,Liquid,2,,,10.1016/j.jct.2007.06.017,CN(C)C=O,0.299,0,Solvent,ClCCCl,0.701,0.0,Solvent,-0.575,0.0035
,298.15,101.0,Liquid,2,0.7688300000000002,0.003855,10.1016/j.jct.2005.06.011,CC1CCCCC1,0.799,0,Solvent,CCCO,0.201,0.0,Solvent,,
,298.15,101.0,Liquid,2,0.7785600000000001,0.0039,10.1016/j.jct.2005.06.011,CC1CCCCC1,0.5031,0,Solvent,CCCO,0.4969,0.0,Solvent,,
,298.15,101.0,Liquid,2,0.7942000000000002,0.00398,10.1016/j.jct.2005.06.011,CC1CCCCC1,0.2027,0,Solvent,CCCO,0.7973,0.0,Solvent,,
,298.15,100.0,Liquid,2,,,10.1016/j.jct.2016.10.005,CC1CCCCC1,0.2504,0,Solvent,CCCO,0.7496,0.0,Solvent,0.321,0.0055
,298.15,100.0,Liquid,2,,,10.1016/j.jct.2016.10.005,CC1CCCCC1,0.5004,0,Solvent,CCCO,0.4996,0.0,Solvent,0.533,0.0055
,298.15,100.0,Liquid,2,,,10.1016/j.jct.2016.10.005,CC1CCCCC1,0.7505,0,Solvent,CCCO,0.2495,0.0,Solvent,0.574,0.0055
,303.15,100.0,Liquid,2,,,10.1016/j.jct.2015.04.030,NCCCNCCCN,0.8015,0,Solvent,O,0.1985,0.0,Solvent,-2.233,0.024
,303.15,100.0,Liquid,2,,,10.1016/j.jct.2015.04.030,NCCCNCCCN,0.4998,0,Solvent,O,0.5002,0.0,Solvent,-5.544,0.059
,303.15,100.0,Liquid,2,,,10.1016/j.jct.2015.04.030,NCCCNCCCN,0.3005,0,Solvent,O,0.6995,0.0,Solvent,-6.588,0.07
