,Id,Temperature (K),Pressure (kPa),Phase,N Components,Component 1,Role 1,Mole Fraction 1,Exact Amount 1,Component 2,Role 2,Mole Fraction 2,Exact Amount 2,EnthalpyOfMixing Value (kJ / mol),EnthalpyOfMixing Uncertainty (kJ / mol),Density Value (g / ml),Density Uncertainty (g / ml),Source
0,1,298.15,101.325,Liquid,1,CO,Solvent,1.0,,,,,,,,0.14530168355081463,0.02,10.1016/j.fluid.2013.11.008
1,2,298.15,101.325,Liquid,1,COc1ccccc1,Solvent,1.0,,,,,,,,0.024698103515067422,0.001,10.1016/j.jct.2007.03.007
2,3,298.15,101.325,Liquid,1,NCCNCCN,Solvent,1.0,,,,,,,,0.9370368318369913,4.950000000000002e-05,10.1016/j.tca.2011.06.003
3,4,298.15,101.325,Liquid,1,c1ccncc1,Solvent,1.0,,,,,,,,0.03385797571614493,0.000511,10.1021/je4004965
4,5,298.15,101.325,Liquid,1,c1cc[nH]c1,Solvent,1.0,,,,,,,,0.03559509723408813,0.00146,10.1021/je9006234
5,6,298.15,101.325,Liquid,1,CC(=O)C(C)C,Solvent,1.0,,,,,,,,0.020978487334495928,0.00035,10.1021/acs.jced.7b00035
6,7,298.15,101.325,Liquid,1,CN(C)CCO,Solvent,1.0,,,,,,,,0.17465171881691924,0.0002,10.1016/j.tca.2014.03.038
7,8,298.15,101.325,Liquid,1,C1COCO1,Solvent,1.0,,,,,,,,0.02415727192212422,0.002515,10.1016/j.jct.2003.09.001
8,9,298.15,101.325,Liquid,1,CC1(C)C(=O)[C@]2(C)CC[C@H]1C2,Solvent,1.0,,,,,,,,0.0222315958974596,7.000000000000002e-05,10.1016/j.jct.2015.04.034
9,10,298.15,101.325,Liquid,1,CN1CCNCC1,Solvent,1.0,,,,,,,,0.04980566171386084,0.000185,10.1016/j.fluid.2005.05.012
10,11,298.15,101.325,Liquid,1,Cc1ccccc1Cl,Solvent,1.0,,,,,,,,0.02078071563653833,0.0005,10.1021/je400408w
11,12,298.15,101.325,Liquid,1,CC1CCCCC1,Solvent,1.0,,,,,,,,0.010287161351566182,0.008,10.1021/acs.jced.6b00019
12,13,298.15,101.325,Liquid,1,c1ccccc1,Solvent,1.0,,,,,,,,0.023529583901112035,0.01,10.1021/acs.jced.5b00542
13,14,298.15,101.325,Liquid,1,C1CCCCC1,Solvent,1.0,,,,,,,,0.00821261655114611,0.01,10.1016/j.jct.2012.07.006
14,15,298.15,101.325,Liquid,1,CC(C)(C)O,Solvent,1.0,,,,,,,,0.031051916360836453,0.008,10.1021/acs.jced.6b00019
15,16,298.15,101.325,Liquid,1,C=CCCCC,Solvent,1.0,,,,,,,,0.011974271587545235,0.00069,10.1016/j.jct.2006.03.020
16,17,298.15,101.325,Liquid,1,OCc1ccccc1,Solvent,1.0,,,,,,,,0.0708044363497793,0.00055,10.1021/je050159x
17,18,298.15,101.325,Liquid,1,COC=O,Solvent,1.0,,,,,,,,0.03761974712484791,0.000515,10.1021/je200974r
18,19,298.15,101.325,Liquid,1,CC(=O)N(C)C,Solvent,1.0,,,,,,,,0.028773195398266362,0.00645,10.1007/s10765-016-2096-3
19,20,298.15,101.325,Liquid,1,CC(C)CC(C)(C)C,Solvent,1.0,,,,,,,,0.011155941570992497,0.008,10.1021/acs.jced.6b00019
20,21,298.15,101.325,Liquid,1,O=C1CCCO1,Solvent,1.0,,,,,,,,0.6643718915157742,0.005,10.1021/acs.jced.6b00088
21,22,298.15,101.325,Liquid,1,CCN(CC)CC,Solvent,1.0,,,,,,,,0.026680808162184197,0.00035,10.1021/je030147g
22,23,298.15,101.325,Liquid,1,ClCCCl,Solvent,1.0,,,,,,,,0.01822336948344612,0.0043,10.1021/je900212d
23,24,303.15,100.0,Liquid,1,CCOC(=O)C(C)C,Solvent,1.0,,,,,,,,0.0191256668968168,0.00011,10.1016/j.jct.2019.105884
24,25,298.15,101.325,Liquid,1,CCCCC,Solvent,1.0,,,,,,,,0.0035444082171489353,0.000495,10.1021/je0501944
25,26,298.15,101.325,Liquid,1,NCCO,Solvent,1.0,,,,,,,,1.0606980281374099,0.002005,10.1016/j.jct.2019.01.025
26,27,298.15,101.325,Liquid,1,Cc1ccccc1N,Solvent,1.0,,,,,,,,0.050532283673560045,0.00358,10.1021/je800100m
27,28,298.15,101.325,Liquid,1,CC(C)CCl,Solvent,1.0,,,,,,,,0.012061245343226442,0.000525,10.1016/j.jct.2006.10.003
28,29,298.15,101.325,Liquid,1,CNC=O,Solvent,1.0,,,,,,,,0.2228290923894577,0.1,10.1021/je8006265
29,30,298.15,101.325,Liquid,1,CC(C)(C)Cl,Solvent,1.0,,,,,,,,0.012448662480254655,0.000585,10.1016/j.jct.2006.10.003
30,31,298.15,101.325,Liquid,1,CN1CCCC1=O,Solvent,1.0,,,,,,,,0.026150003771159693,0.0011,10.1016/j.fluid.2008.02.023
31,32,298.15,101.325,Liquid,1,CC(C)OC(C)C,Solvent,1.0,,,,,,,,0.018890324292611452,0.003005,10.1021/acs.jced.5b00527
32,33,298.15,101.325,Liquid,1,O=Cc1ccccc1,Solvent,1.0,,,,,,,,0.03413106594539482,0.0036,10.1021/je900212d
33,34,298.15,101.325,Liquid,1,CC(=O)C(C)=O,Solvent,1.0,,,,,,,,0.984187195297976,0.000135,10.1021/je300280s
34,35,298.15,101.325,Liquid,1,Nc1ccccc1,Solvent,1.0,,,,,,,,0.10752291553965332,0.00305,10.1016/j.fluid.2010.08.010
35,36,298.15,101.325,Liquid,1,COC(C)(C)C,Solvent,1.0,,,,,,,,0.019131908524096398,0.001,10.1021/je060025z
36,37,298.15,101.325,Liquid,1,OCCNCCO,Solvent,1.0,,,,,,,,0.9709894525299418,0.000622,10.1021/je050463q
37,38,298.15,101.325,Liquid,1,CC(=O)c1ccccc1,Solvent,1.0,,,,,,,,0.029983939699656473,0.0015,10.1016/j.fluid.2008.07.018
38,39,298.15,101.325,Liquid,1,CN(C)C=O,Solvent,1.0,,,,,,,,0.03570458660282463,0.0064,10.1007/s10765-016-2096-3
39,40,298.15,101.325,Liquid,1,Cn1ccnc1,Solvent,1.0,,,,,,,,0.02976583240043774,0.0008,10.1016/j.fluid.2009.02.011
40,41,298.15,101.325,Liquid,1,CCOC(C)(C)CC,Solvent,1.0,,,,,,,,0.018813366096534345,0.00033,10.1016/j.fluid.2005.04.003
41,42,298.15,101.325,Liquid,1,O=C1CCCCC1,Solvent,1.0,,,,,,,,0.019844254295125104,0.0006,10.1016/j.fluid.2008.02.018
42,43,298.15,101.325,Liquid,1,Cc1ccncc1,Solvent,1.0,,,,,,,,0.022874412500669364,0.000511,10.1021/je4004965
43,44,298.15,101.325,Liquid,1,Clc1ccccc1,Solvent,1.0,,,,,,,,0.02239919164695757,0.0057,10.1016/j.jct.2005.12.009
44,45,298.15,101.325,Liquid,1,COC(C)=O,Solvent,1.0,,,,,,,,0.023231350232223717,0.001,10.1021/je900906j
45,46,298.15,101.325,Liquid,1,CNc1ccccc1,Solvent,1.0,,,,,,,,0.03696313862742241,0.010011,10.1016/j.jct.2012.07.006
46,47,298.15,101.325,Liquid,1,Cc1cccc(C)n1,Solvent,1.0,,,,,,,,0.02371974442130768,0.000225,10.1021/je200093f
47,48,298.15,101.325,Liquid,1,CN1CCCCC1,Solvent,1.0,,,,,,,,0.026258312793188122,0.00023,10.1021/je200093f
48,49,298.15,101.325,Liquid,1,C1CCCC1,Solvent,1.0,,,,,,,,0.003207991894967733,0.0008,10.1016/j.fluid.2013.10.057
49,50,298.15,101.325,Liquid,1,OC1=NCCC1,Solvent,1.0,,,,,,,,0.03211750368500954,0.00118,10.1021/je0340809
50,51,298.15,101.325,Liquid,1,CNCCO,Solvent,1.0,,,,,,,,0.7438577117325607,0.000635,10.1021/je1002626
51,52,298.15,101.325,Liquid,1,Cc1cccnc1,Solvent,1.0,,,,,,,,0.02153254766253216,0.000511,10.1021/je4004965
52,53,298.15,101.325,Liquid,1,CCOC=O,Solvent,1.0,,,,,,,,0.02647747329645096,0.001425,10.1021/je050001c
53,54,298.15,101.325,Liquid,1,OCC(F)(F)F,Solvent,1.0,,,,,,,,0.07108027628945887,0.0008,10.1021/je700741x
54,55,298.15,101.325,Liquid,1,C1CCNCC1,Solvent,1.0,,,,,,,,0.029955867085909065,0.0009,10.1016/j.fluid.2009.10.018
55,56,298.15,101.325,Liquid,1,CC/C=C\CCO,Solvent,1.0,,,,,,,,0.0669611466226523,0.000335,10.1021/je300280s
56,57,298.15,100.0,Liquid,1,CC1=CCC(=O)O1,Solvent,1.0,,,,,,,,0.028359212446725394,0.0003475,10.1021/acs.jced.8b01146
57,58,298.15,101.325,Liquid,1,CN1CCOCC1,Solvent,1.0,,,,,,,,0.03151480780413478,0.00077,10.1021/je7005055
58,59,298.15,101.0,Liquid,1,BrCCBr,Solvent,1.0,,,,,,,,0.022839130593562466,0.001445,10.1021/je0603325
59,60,298.15,101.325,Liquid,1,ClCCCCCl,Solvent,1.0,,,,,,,,0.02026872889776788,0.002405,10.1016/j.jct.2008.01.024
60,61,298.15,101.325,Liquid,1,CCCCBr,Solvent,1.0,,,,,,,,0.015666746956495167,0.0007,10.1021/je200350a
61,62,298.15,101.325,Liquid,1,ClCCCCl,Solvent,1.0,,,,,,,,0.017257901081768588,0.0012,10.1016/j.jct.2016.12.016
62,63,298.15,101.325,Liquid,1,OCCN1CCOCC1,Solvent,1.0,,,,,,,,0.25074563035243014,0.00047,10.1016/j.jct.2007.11.010
63,64,298.15,101.325,Liquid,1,FC(F)(F)C(F)(F)C(F)(F)C(F)(F)C(F)(F)C(F)(F)F,Solvent,1.0,,,,,,,,0.05293542733284203,0.0035,10.1016/j.fluid.2018.12.005
64,65,298.15,101.325,Liquid,1,Cc1ccccn1,Solvent,1.0,,,,,,,,0.021542560311766892,0.0013,10.1021/je020148t
65,66,298.15,101.325,Liquid,1,C=C(C)[C@H]1CC=C(C)CC1,Solvent,1.0,,,,,,,,0.02261863701984357,0.0009,10.1016/j.fluid.2013.10.036
66,67,295.15,101.325,Liquid,1,BrCCCCBr,Solvent,1.0,,,,,,,,0.02445743595756234,0.000515,10.1016/j.jct.2005.07.009
67,68,297.98,101.325,Liquid,1,BrCCCBr,Solvent,1.0,,,,,,,,0.02163911088314144,0.0006,10.1007/s10765-009-0610-6
68,69,298.15,101.325,Liquid,1,COC(F)(F)C(F)(F)C(F)(F)C(F)(F)F,Solvent,1.0,,,,,,,,0.04401099605437383,0.000605,10.1016/j.jct.2005.02.011
69,70,298.15,101.325,Liquid,1,OCCN(CCO)CCO,Solvent,1.0,,,,,,,,0.9250167585253491,0.001065,10.1021/je900064e
70,71,295.15,101.325,Liquid,1,BrCCCCCCBr,Solvent,1.0,,,,,,,,0.024619412183834913,0.00125,10.1016/j.jct.2005.07.009
71,72,298.0,101.325,Liquid,1,NCCCNCCCN,Solvent,1.0,,,,,,,,0.8658980192503228,0.002095,10.1021/acs.jced.5b00922
72,73,298.15,101.325,Liquid,1,C1COCCN1,Solvent,1.0,,,,,,,,0.047034839091718426,0.00245,10.1021/je020191g
73,74,298.15,101.0,Liquid,2,CN1CCNCC1,Solvent,0.2091,,O,Solvent,0.7909,,,,1.0192523023920657,4.000000000000001e-05,10.1016/j.jct.2011.06.020
74,75,298.15,101.0,Liquid,2,CN1CCNCC1,Solvent,0.5109,,O,Solvent,0.4891,,,,0.8914174350689894,7.000000000000002e-05,10.1016/j.jct.2011.06.020
75,76,298.15,101.0,Liquid,2,CN1CCNCC1,Solvent,0.7065,,O,Solvent,0.2935,,,,0.6154283239405424,8.500000000000002e-05,10.1016/j.jct.2011.06.020
76,77,298.15,101.0,Liquid,2,CN1CCNCC1,Solvent,0.7926,,O,Solvent,0.2074,,-9.337449476029661,0.019,,,10.1016/j.jct.2015.06.006
77,78,298.15,101.0,Liquid,2,CN1CCNCC1,Solvent,0.55,,O,Solvent,0.45,,-18.425496271049468,0.038,,,10.1016/j.jct.2015.06.006
78,79,298.15,101.0,Liquid,2,CN1CCNCC1,Solvent,0.1998,,O,Solvent,0.8002,,-11.498167597990712,0.048,,,10.1016/j.jct.2015.06.006
79,80,293.15,101.0,Liquid,2,O,Solvent,0.299958,,OCCNCCO,Solvent,0.700042,,,,0.9854527648315965,0.000162,10.1016/j.tca.2012.01.007
80,81,298.15,100.0,Liquid,2,O,Solvent,0.7144,,OCCNCCO,Solvent,0.2856,,,,1.1849604376438627,0.00175,10.1021/je300345m
81,82,298.15,100.0,Liquid,2,O,Solvent,0.5933,,OCCNCCO,Solvent,0.4067,,,,1.1040295186444962,0.00175,10.1021/je300345m
82,83,298.15,101.0,Liquid,2,O,Solvent,0.2579,,OCCNCCO,Solvent,0.7421,,-5.976022416396752,0.022,,,10.1016/j.jct.2007.03.010
83,84,298.15,101.0,Liquid,2,O,Solvent,0.5031,,OCCNCCO,Solvent,0.4969,,-9.259321830231595,0.039,,,10.1016/j.jct.2007.03.010
84,85,298.15,101.0,Liquid,2,O,Solvent,0.7057,,OCCNCCO,Solvent,0.2943,,-10.770107253731753,0.0425,,,10.1016/j.jct.2007.03.010
85,86,298.15,101.0,Liquid,2,C1CCCCC1,Solvent,0.2498,,c1ccccc1,Solvent,0.7502,,,,0.02750476355890807,7.05e-05,10.1016/j.tca.2012.04.002
86,87,298.15,101.0,Liquid,2,C1CCCCC1,Solvent,0.7323,,c1ccccc1,Solvent,0.2677,,,,0.013687685578551349,7.450000000000001e-05,10.1016/j.tca.2012.04.002
87,88,298.15,101.0,Liquid,2,C1CCCCC1,Solvent,0.4996,,c1ccccc1,Solvent,0.5004,,,,0.025382635979607684,0.0002,10.1021/je900468u
88,89,298.2,100.0,Liquid,2,C1CCCCC1,Solvent,0.5012,,c1ccccc1,Solvent,0.4988,,-0.5584887542070476,0.00655,,,10.1016/j.jct.2014.05.020
89,90,298.2,100.0,Liquid,2,C1CCCCC1,Solvent,0.2606,,c1ccccc1,Solvent,0.7394,,-0.4576416604354705,0.00695,,,10.1016/j.jct.2014.05.020
90,91,298.2,100.0,Liquid,2,C1CCCCC1,Solvent,0.7668,,c1ccccc1,Solvent,0.2332,,-0.26221086989484377,0.00725,,,10.1016/j.jct.2014.05.020
91,92,298.15,101.0,Liquid,2,CN1CCCC1=O,Solvent,0.937492,,c1ccccc1,Solvent,0.062508,,,,0.02516047052276862,3.500000000000001e-05,10.1016/j.fluid.2008.11.006
92,93,293.15,101.0,Liquid,2,CN1CCCC1=O,Solvent,0.5135,,c1ccccc1,Solvent,0.4865,,,,0.024948784539394663,0.00018,10.1016/j.jct.2006.05.006
93,94,303.15,101.0,Liquid,2,CN1CCCC1=O,Solvent,0.2524,,c1ccccc1,Solvent,0.7476,,,,0.022331048579005447,0.00029,10.1016/j.jct.2006.06.005
94,95,308.15,101.0,Liquid,2,CN1CCCC1=O,Solvent,0.2356,,c1ccccc1,Solvent,0.7644,,0.36561718614683514,0.00405,,,10.1016/j.jct.2010.12.016
95,96,308.15,101.0,Liquid,2,CN1CCCC1=O,Solvent,0.7411,,c1ccccc1,Solvent,0.2589,,0.4054117539638753,0.0042,,,10.1016/j.jct.2010.12.016
96,97,308.15,101.0,Liquid,2,CN1CCCC1=O,Solvent,0.5467,,c1ccccc1,Solvent,0.4533,,0.45786392104925255,0.00535,,,10.1016/j.jct.2010.12.016
97,98,298.15,101.0,Liquid,2,CCC(C)=O,Solvent,0.2563,,Nc1ccccc1,Solvent,0.7437,,,,0.07479256486511535,4.900000000000001e-05,10.1021/je100472t
98,99,298.15,101.0,Liquid,2,CCC(C)=O,Solvent,0.5026,,Nc1ccccc1,Solvent,0.4974,,,,0.033745902032711196,5.650000000000002e-05,10.1021/je100472t
99,100,298.15,101.0,Liquid,2,CCC(C)=O,Solvent,0.9019,,Nc1ccccc1,Solvent,0.0981,,,,0.022724923350616794,7.200000000000002e-05,10.1021/je100472t
100,101,298.15,101.0,Liquid,2,CCC(C)=O,Solvent,0.9018,,Nc1ccccc1,Solvent,0.0982,,-0.6546136703356424,0.005,,,10.1021/je200333p
101,102,298.15,101.0,Liquid,2,CCC(C)=O,Solvent,0.2099,,Nc1ccccc1,Solvent,0.7901,,-4.7010017811637965,0.007,,,10.1021/je200333p
102,103,298.15,101.0,Liquid,2,CCC(C)=O,Solvent,0.5106,,Nc1ccccc1,Solvent,0.4894,,-4.4133485616094745,0.0125,,,10.1021/je200333p
103,104,298.15,101.0,Liquid,2,O,Solvent,0.7,,O=C1CCCO1,Solvent,0.3,,,,1.0125120122092306,0.0001,10.1021/je100803e
104,105,298.15,101.0,Liquid,2,O,Solvent,0.2,,O=C1CCCO1,Solvent,0.8,,,,0.8034561346171197,0.0001,10.1021/je100803e
105,106,298.15,101.0,Liquid,2,O,Solvent,0.5,,O=C1CCCO1,Solvent,0.5,,,,0.9532285617106775,0.0001,10.1021/je100803e
106,107,298.15,101.0,Liquid,2,CCN(CC)CCO,Solvent,0.19329,,O,Solvent,0.80671,,,,0.8738467633718189,0.000144,10.1021/je301371p
107,108,293.15,101.0,Liquid,2,CCN(CC)CCO,Solvent,0.4997,,O,Solvent,0.5003,,,,0.6385648209152656,0.005,10.1016/j.jct.2019.06.032
108,109,293.15,101.0,Liquid,2,CCN(CC)CCO,Solvent,0.7997,,O,Solvent,0.2003,,,,0.1971711479384936,0.005,10.1016/j.jct.2019.06.032
109,110,303.15,100.0,Liquid,2,CCN(CC)CCO,Solvent,0.7003,,O,Solvent,0.2997,,-8.874837274716391,0.019,,,10.1016/j.jct.2015.04.030
110,111,303.15,100.0,Liquid,2,CCN(CC)CCO,Solvent,0.2008,,O,Solvent,0.7992,,-7.124668428208402,0.0235,,,10.1016/j.jct.2015.04.030
111,112,303.15,100.0,Liquid,2,CCN(CC)CCO,Solvent,0.5002,,O,Solvent,0.4998,,-13.000511321235706,0.027,,,10.1016/j.jct.2015.04.030
112,113,298.15,101.3,Liquid,2,CN(C)CCO,Solvent,0.5077,,O,Solvent,0.4923,,,,0.8141297316025823,0.000504,10.1016/j.jct.2004.11.016
113,114,298.15,101.3,Liquid,2,CN(C)CCO,Solvent,0.7652,,O,Solvent,0.2348,,,,0.6131464087025702,0.0005805,10.1016/j.jct.2004.11.016
114,115,298.15,101.3,Liquid,2,CN(C)CCO,Solvent,0.26433,,O,Solvent,0.73567,,,,0.9479904315156797,0.0029,10.1021/acs.jced.6b00888
115,116,298.15,101.0,Liquid,2,CN(C)CCO,Solvent,0.7996,,O,Solvent,0.2004,,-7.610678944971042,0.0255,,,10.1016/j.jct.2007.03.010
116,117,298.15,101.0,Liquid,2,CN(C)CCO,Solvent,0.5365,,O,Solvent,0.4635,,-13.881074210121469,0.0525,,,10.1016/j.jct.2007.03.010
117,118,298.15,101.0,Liquid,2,CN(C)CCO,Solvent,0.2052,,O,Solvent,0.7948,,-8.199864955640741,0.0525,,,10.1016/j.jct.2007.03.010
118,119,298.15,101.0,Liquid,2,CC1(C)C(=O)[C@]2(C)CC[C@H]1C2,Solvent,0.5012,,CCO,Solvent,0.4988,,,,0.02549632403921464,5.5000000000000016e-05,10.1016/j.jct.2013.09.024
119,120,298.15,101.0,Liquid,2,CC1(C)C(=O)[C@]2(C)CC[C@H]1C2,Solvent,0.7897,,CCO,Solvent,0.2103,,,,0.02300963593395076,6.0000000000000015e-05,10.1016/j.jct.2013.09.024
120,121,298.15,101.0,Liquid,2,CC1(C)C(=O)[C@]2(C)CC[C@H]1C2,Solvent,0.2002,,CCO,Solvent,0.7998,,,,0.031199363418473458,6.500000000000002e-05,10.1016/j.jct.2013.09.024
121,122,298.15,101.0,Liquid,2,CC1(C)C(=O)[C@]2(C)CC[C@H]1C2,Solvent,0.286,,CCO,Solvent,0.714,,2.3068736543338417,0.0265,,,10.1016/j.jct.2013.09.024
122,123,298.15,101.0,Liquid,2,CC1(C)C(=O)[C@]2(C)CC[C@H]1C2,Solvent,0.701,,CCO,Solvent,0.299,,2.439649993070759,0.0305,,,10.1016/j.jct.2013.09.024
123,124,298.15,101.0,Liquid,2,CC1(C)C(=O)[C@]2(C)CC[C@H]1C2,Solvent,0.488,,CCO,Solvent,0.512,,2.929022471022705,0.0335,,,10.1016/j.jct.2013.09.024
124,125,298.15,101.0,Liquid,2,CN(C)CCCO,Solvent,0.5013,,O,Solvent,0.4987,,,,0.7931282989031007,8.000000000000002e-05,10.1016/j.tca.2012.05.025
125,126,298.15,101.0,Liquid,2,CN(C)CCCO,Solvent,0.8006,,O,Solvent,0.1994,,,,0.48411344965451325,9.500000000000002e-05,10.1016/j.tca.2012.05.025
126,127,298.15,101.3,Liquid,2,CN(C)CCCO,Solvent,0.289504,,O,Solvent,0.710496,,,,0.9177815722084294,0.00285,10.1016/j.jct.2016.02.007
127,128,303.15,100.0,Liquid,2,CN(C)CCCO,Solvent,0.8001,,O,Solvent,0.1999,,-6.7498613461177825,0.0135,,,10.1016/j.jct.2015.04.030
128,129,303.15,100.0,Liquid,2,CN(C)CCCO,Solvent,0.1998,,O,Solvent,0.8002,,-7.343164067877126,0.027,,,10.1016/j.jct.2015.04.030
129,130,303.15,100.0,Liquid,2,CN(C)CCCO,Solvent,0.5019,,O,Solvent,0.4981,,-13.080043103252507,0.029,,,10.1016/j.jct.2015.04.030
130,131,298.15,101.33,Liquid,2,c1cc[nH]c1,Solvent,0.2273,,c1ccncc1,Solvent,0.7727,,,,0.02805825083719277,5.5000000000000016e-05,10.1016/j.fluid.2013.10.029
131,132,298.15,101.33,Liquid,2,c1cc[nH]c1,Solvent,0.5426,,c1ccncc1,Solvent,0.4574,,,,0.03169458288833579,5.5000000000000016e-05,10.1016/j.fluid.2013.10.029
132,133,298.15,101.33,Liquid,2,c1cc[nH]c1,Solvent,0.7554,,c1ccncc1,Solvent,0.2446,,,,0.034956905887067166,5.5000000000000016e-05,10.1016/j.fluid.2013.10.029
133,134,298.15,101.0,Liquid,2,c1cc[nH]c1,Solvent,0.7602,,c1ccncc1,Solvent,0.2398,,-1.7285204709070854,0.01075,,,10.1016/j.fluid.2013.10.029
134,135,298.15,101.0,Liquid,2,c1cc[nH]c1,Solvent,0.2395,,c1ccncc1,Solvent,0.7605,,-1.8379055814537821,0.01145,,,10.1016/j.fluid.2013.10.029
135,136,298.15,101.0,Liquid,2,c1cc[nH]c1,Solvent,0.5095,,c1ccncc1,Solvent,0.4905,,-3.185075125138347,0.01645,,,10.1016/j.fluid.2013.10.029
136,137,298.15,101.0,Liquid,2,C1CCCCC1,Solvent,0.2972,,C1COCCO1,Solvent,0.7028,,,,0.02320305850570485,7.000000000000002e-05,10.1016/j.jct.2005.09.004
137,138,298.15,101.0,Liquid,2,C1CCCCC1,Solvent,0.4994,,C1COCCO1,Solvent,0.5006,,,,0.0198207172567992,8.500000000000002e-05,10.1016/j.jct.2005.09.004
138,139,298.15,101.0,Liquid,2,C1CCCCC1,Solvent,0.6997,,C1COCCO1,Solvent,0.3003,,,,0.015903638050613934,0.0001,10.1016/j.jct.2005.09.004
139,140,303.15,101.0,Liquid,2,C1CCCCC1,Solvent,0.2394,,C1COCCO1,Solvent,0.7606,,-0.05267775557851451,0.007,,,10.1016/j.fluid.2006.03.020
140,141,303.15,101.0,Liquid,2,C1CCCCC1,Solvent,0.7442,,C1COCCO1,Solvent,0.2558,,-0.25933137968957,0.007,,,10.1016/j.fluid.2006.03.020
141,142,303.15,101.0,Liquid,2,C1CCCCC1,Solvent,0.4928,,C1COCCO1,Solvent,0.5072,,-0.242577216409245,0.008,,,10.1016/j.fluid.2006.03.020
142,143,298.15,101.0,Liquid,2,O,Solvent,0.74401,,OCC(O)CO,Solvent,0.25599,,,,1.319198948240536,8.000000000000002e-05,10.1016/j.tca.2013.07.012
143,144,298.15,101.0,Liquid,2,O,Solvent,0.50929,,OCC(O)CO,Solvent,0.49071,,,,1.0792961165190835,0.000505,10.1016/j.jct.2014.06.031
144,145,298.15,101.0,Liquid,2,O,Solvent,0.25064,,OCC(O)CO,Solvent,0.74936,,,,1.0377658292840672,0.000505,10.1016/j.jct.2014.06.031
145,146,298.15,101.0,Liquid,2,O,Solvent,0.2192,,OCC(O)CO,Solvent,0.7808,,-2.934496102963359,0.002,,,10.1016/j.tca.2009.06.004
146,147,298.15,101.0,Liquid,2,O,Solvent,0.5022,,OCC(O)CO,Solvent,0.4978,,-6.4594022020804225,0.003,,,10.1016/j.tca.2009.06.004
147,148,298.15,101.0,Liquid,2,O,Solvent,0.8005,,OCC(O)CO,Solvent,0.1995,,-6.411489856363083,0.0035,,,10.1016/j.tca.2009.06.004
148,149,298.15,101.0,Liquid,2,CO,Solvent,0.81378,,OCC(F)(F)F,Solvent,0.18622,,,,0.09899882595219629,8.000000000000002e-05,10.1016/j.tca.2007.04.012
149,150,298.15,101.0,Liquid,2,CO,Solvent,0.30945,,OCC(F)(F)F,Solvent,0.69055,,,,0.08468539384452135,0.00011,10.1016/j.tca.2007.04.012
150,151,298.15,101.0,Liquid,2,CO,Solvent,0.51922,,OCC(F)(F)F,Solvent,0.48078,,,,0.09823080218811374,0.00015,10.1016/j.tca.2007.04.012
151,152,298.15,101.0,Liquid,2,CO,Solvent,0.29015,,OCC(F)(F)F,Solvent,0.70985,,-1.8929847546081362,0.00305,,,10.1016/j.tca.2007.04.012
152,153,298.15,101.0,Liquid,2,CO,Solvent,0.70295,,OCC(F)(F)F,Solvent,0.29705,,-1.7921786101872605,0.0034,,,10.1016/j.tca.2007.04.012
153,154,298.15,101.0,Liquid,2,CO,Solvent,0.50289,,OCC(F)(F)F,Solvent,0.49711,,-2.7602756781116113,0.00375,,,10.1016/j.tca.2007.04.012
154,155,298.15,101.0,Liquid,2,CC(C)CC(C)(C)C,Solvent,0.49374,,CCO,Solvent,0.50626,,,,0.021175000051340067,7.500000000000002e-05,10.1016/j.jct.2011.06.021
155,156,298.15,101.0,Liquid,2,CC(C)CC(C)(C)C,Solvent,0.73596,,CCO,Solvent,0.26404,,,,0.012363346670891525,7.500000000000002e-05,10.1016/j.jct.2011.06.021
156,157,303.15,101.0,Liquid,2,CC(C)CC(C)(C)C,Solvent,0.0824,,CCO,Solvent,0.9176,,,,0.026214948216673167,0.000125,10.1021/je9001416
157,158,303.15,101.0,Liquid,2,CC(C)CC(C)(C)C,Solvent,0.0815,,CCO,Solvent,0.9185,,0.1546106166284833,0.0022405,,,10.1021/je7005743
158,159,303.15,101.0,Liquid,2,CC(C)CC(C)(C)C,Solvent,0.7617,,CCO,Solvent,0.2383,,1.6217907389122814,0.006851,,,10.1021/je7005743
159,160,303.15,101.0,Liquid,2,CC(C)CC(C)(C)C,Solvent,0.5158,,CCO,Solvent,0.4842,,1.3767804155700532,0.006903,,,10.1021/je7005743
160,161,298.15,101.0,Liquid,2,O,Solvent,0.80151,,OCC(F)(F)F,Solvent,0.19849,,,,1.056139739645972,9.500000000000002e-05,10.1016/j.tca.2007.04.012
161,162,298.15,101.0,Liquid,2,O,Solvent,0.26966,,OCC(F)(F)F,Solvent,0.73034,,,,0.18270771107713107,0.00011,10.1016/j.tca.2007.04.012
162,163,298.15,101.0,Liquid,2,O,Solvent,0.5035,,OCC(F)(F)F,Solvent,0.4965,,,,0.8033573519102553,0.000115,10.1016/j.tca.2007.04.012
163,164,298.15,101.0,Liquid,2,O,Solvent,0.80168,,OCC(F)(F)F,Solvent,0.19832,,0.7711670075867345,0.00105,,,10.1016/j.tca.2007.04.012
164,165,298.15,101.0,Liquid,2,O,Solvent,0.50446,,OCC(F)(F)F,Solvent,0.49554,,1.0843837623715018,0.00285,,,10.1016/j.tca.2007.04.012
165,166,298.15,101.0,Liquid,2,O,Solvent,0.29221,,OCC(F)(F)F,Solvent,0.70779,,1.0197124961510724,0.0031,,,10.1016/j.tca.2007.04.012
166,167,298.15,101.0,Liquid,2,CC(C)CC(C)(C)C,Solvent,0.5,,CCCCO,Solvent,0.5,,,,0.014608999473939257,0.000285,10.1016/j.fluid.2012.06.031
167,168,298.15,101.0,Liquid,2,CC(C)CC(C)(C)C,Solvent,0.6999,,CCCCO,Solvent,0.3001,,,,0.013331240318222071,0.000285,10.1016/j.fluid.2012.06.031
168,169,298.15,101.0,Liquid,2,CC(C)CC(C)(C)C,Solvent,0.2,,CCCCO,Solvent,0.8,,,,0.02121098875506519,0.000295,10.1016/j.fluid.2012.06.031
169,170,298.15,101.0,Liquid,2,CC(C)CC(C)(C)C,Solvent,0.4999,,CCCCO,Solvent,0.5001,,1.4397810834513791,0.0027,,,10.1016/j.fluid.2012.06.031
170,171,298.15,101.0,Liquid,2,CC(C)CC(C)(C)C,Solvent,0.7005,,CCCCO,Solvent,0.2995,,1.7999242817123928,0.0028,,,10.1016/j.fluid.2012.06.031
171,172,298.15,101.0,Liquid,2,CC(C)CC(C)(C)C,Solvent,0.2002,,CCCCO,Solvent,0.7998,,0.6096593844501825,0.003235,,,10.1016/j.fluid.2009.11.010
172,173,298.15,100.0,Liquid,2,CO,Solvent,0.5054,,COC=O,Solvent,0.4946,,,,0.027081773600879076,7.500000000000002e-05,10.1016/j.jct.2015.02.019
173,174,298.15,100.0,Liquid,2,CO,Solvent,0.2729,,COC=O,Solvent,0.7271,,,,0.028531400696698628,8.000000000000002e-05,10.1016/j.jct.2015.02.019
174,175,298.15,100.0,Liquid,2,CO,Solvent,0.9167,,COC=O,Solvent,0.0833,,,,0.07798356910022301,9.000000000000002e-05,10.1016/j.jct.2015.02.019
175,176,298.15,100.0,Liquid,2,CO,Solvent,0.9167,,COC=O,Solvent,0.0833,,-0.5686283475422904,0.0035,,,10.1016/j.jct.2015.02.019
176,177,298.15,100.0,Liquid,2,CO,Solvent,0.2822,,COC=O,Solvent,0.7178,,1.8648610358994695,0.012,,,10.1016/j.jct.2015.02.019
177,178,298.15,100.0,Liquid,2,CO,Solvent,0.4873,,COC=O,Solvent,0.5127,,1.7960355857341161,0.0125,,,10.1016/j.jct.2015.02.019
178,179,298.15,101.3,Liquid,2,C1CCOCC1,Solvent,0.701,,CCO,Solvent,0.299,,,,0.020275896212272836,8.500000000000002e-05,10.1021/je201140q
179,180,298.15,101.3,Liquid,2,C1CCOCC1,Solvent,0.504,,CCO,Solvent,0.496,,,,0.018922308071811896,0.0001,10.1021/je201140q
180,181,298.15,101.3,Liquid,2,C1CCOCC1,Solvent,0.284,,CCO,Solvent,0.716,,,,0.02851211659566695,0.00012,10.1021/je201140q
181,182,298.15,101.3,Liquid,2,C1CCOCC1,Solvent,0.25,,CCO,Solvent,0.75,,3.6860351665205373,0.00553,,,10.1021/je049852v
182,183,298.15,101.3,Liquid,2,C1CCOCC1,Solvent,0.75,,CCO,Solvent,0.25,,4.483713771637461,0.007115,,,10.1021/je049852v
183,184,298.15,101.3,Liquid,2,C1CCOCC1,Solvent,0.5,,CCO,Solvent,0.5,,5.596159397906973,0.00794,,,10.1021/je049852v
184,185,298.15,101.0,Liquid,2,CCC(C)=O,Solvent,0.7463,,CNc1ccccc1,Solvent,0.2537,,,,0.03446034355158454,0.000102,10.1021/je100472t
185,186,298.15,101.0,Liquid,2,CCC(C)=O,Solvent,0.495,,CNc1ccccc1,Solvent,0.505,,,,0.03006239042600538,0.000164,10.1021/je100472t
186,187,298.15,101.0,Liquid,2,CCC(C)=O,Solvent,0.2589,,CNc1ccccc1,Solvent,0.7411,,,,0.030678544037568246,0.000259,10.1021/je100472t
187,188,298.15,101.0,Liquid,2,CCC(C)=O,Solvent,0.2283,,CNc1ccccc1,Solvent,0.7717,,1.2025725741311284,0.006,,,10.1021/je200333p
188,189,298.15,101.0,Liquid,2,CCC(C)=O,Solvent,0.7055,,CNc1ccccc1,Solvent,0.2945,,0.3557281566489259,0.0075,,,10.1021/je200333p
189,190,298.15,101.0,Liquid,2,CCC(C)=O,Solvent,0.509,,CNc1ccccc1,Solvent,0.491,,-0.5447728353971399,0.009,,,10.1021/je200333p
190,191,298.15,101.3,Liquid,2,CCCCCC(C)=O,Solvent,0.2097,,CCCCNCCCC,Solvent,0.7903,,,,0.02641553794271159,8.400000000000002e-05,10.1016/j.jct.2011.05.003
191,192,298.15,101.3,Liquid,2,CCCCCC(C)=O,Solvent,0.4499,,CCCCNCCCC,Solvent,0.5501,,,,0.024920728696476394,9.250000000000004e-05,10.1016/j.jct.2011.05.003
192,193,298.15,101.3,Liquid,2,CCCCCC(C)=O,Solvent,0.7509,,CCCCNCCCC,Solvent,0.2491,,,,0.023326375580679834,0.000105,10.1016/j.jct.2011.05.003
193,194,298.15,101.0,Liquid,2,CCCCCC(C)=O,Solvent,0.7811,,CCCCNCCCC,Solvent,0.2189,,0.48753869489453905,0.002,,,10.1016/j.fluid.2013.01.011
194,195,298.15,101.0,Liquid,2,CCCCCC(C)=O,Solvent,0.4913,,CCCCNCCCC,Solvent,0.5087,,0.7502256544274957,0.003,,,10.1016/j.fluid.2013.01.011
195,196,298.15,101.0,Liquid,2,CCCCCC(C)=O,Solvent,0.2947,,CCCCNCCCC,Solvent,0.7053,,0.38228208013597964,0.003,,,10.1016/j.fluid.2013.01.011
196,197,298.15,101.0,Liquid,2,CCC(C)=O,Solvent,0.2069,,CCCCO,Solvent,0.7931,,,,0.02803937100900934,8.200000000000003e-05,10.1021/je5007604
197,198,298.15,101.0,Liquid,2,CCC(C)=O,Solvent,0.5002,,CCCCO,Solvent,0.4998,,,,0.024498550370023697,8.450000000000002e-05,10.1021/je5007604
198,199,298.15,101.0,Liquid,2,CCC(C)=O,Solvent,0.7008,,CCCCO,Solvent,0.2992,,,,0.02224685521068244,8.600000000000002e-05,10.1021/je5007604
199,200,303.0,101.0,Liquid,2,CCC(C)=O,Solvent,0.231,,CCCCO,Solvent,0.769,,0.997112946854628,0.05,,,10.1016/j.jct.2007.06.009
200,201,303.0,101.0,Liquid,2,CCC(C)=O,Solvent,0.711,,CCCCO,Solvent,0.289,,2.0852249842086756,0.052,,,10.1016/j.jct.2007.06.009
201,202,303.0,101.0,Liquid,2,CCC(C)=O,Solvent,0.486,,CCCCO,Solvent,0.514,,1.7541642681058036,0.0625,,,10.1016/j.jct.2007.06.009
202,203,298.15,101.3,Liquid,2,CCCCCC(C)=O,Solvent,0.2598,,CCN(CC)CC,Solvent,0.7402,,,,0.0264826330818117,8.950000000000002e-05,10.1016/j.jct.2011.05.003
203,204,298.15,101.3,Liquid,2,CCCCCC(C)=O,Solvent,0.5032,,CCN(CC)CC,Solvent,0.4968,,,,0.026315123653806883,9.800000000000002e-05,10.1016/j.jct.2011.05.003
204,205,298.15,101.3,Liquid,2,CCCCCC(C)=O,Solvent,0.7484,,CCN(CC)CC,Solvent,0.2516,,,,0.026017042635236992,0.0001055,10.1016/j.jct.2011.05.003
205,206,298.15,100.0,Liquid,2,CCCCCC(C)=O,Solvent,0.7804,,CCN(CC)CC,Solvent,0.2196,,-0.0199760210526847,0.0025,,,10.1016/j.fluid.2013.07.037
206,207,298.15,100.0,Liquid,2,CCCCCC(C)=O,Solvent,0.492,,CCN(CC)CC,Solvent,0.508,,-0.0291814549169942,0.0045,,,10.1016/j.fluid.2013.07.037
207,208,298.15,100.0,Liquid,2,CCCCCC(C)=O,Solvent,0.2939,,CCN(CC)CC,Solvent,0.7061,,0.06819969465034603,0.0045,,,10.1016/j.fluid.2013.07.037
208,209,298.15,101.0,Liquid,2,CC(C)=O,Solvent,0.2484,,Nc1ccccc1,Solvent,0.7516,,,,0.09975763319271642,0.0001055,10.1021/je900874z
209,210,298.15,101.0,Liquid,2,CC(C)=O,Solvent,0.4114,,Nc1ccccc1,Solvent,0.5886,,,,0.056949795289892004,0.0001285,10.1021/je900874z
210,211,298.15,101.0,Liquid,2,CC(C)=O,Solvent,0.6993,,Nc1ccccc1,Solvent,0.3007,,,,0.026943636498305928,0.000178,10.1021/je900874z
211,212,298.15,101.0,Liquid,2,CC(C)=O,Solvent,0.2145,,Nc1ccccc1,Solvent,0.7855,,-5.796953308815262,0.008,,,10.1021/je200333p
212,213,298.15,101.0,Liquid,2,CC(C)=O,Solvent,0.6991,,Nc1ccccc1,Solvent,0.3009,,-2.8192767569051966,0.0115,,,10.1021/je200333p
213,214,298.15,101.0,Liquid,2,CC(C)=O,Solvent,0.4107,,Nc1ccccc1,Solvent,0.5893,,-6.59228661357416,0.0125,,,10.1021/je200333p
214,215,298.15,101.0,Liquid,2,CCOC(=O)CC(=O)OCC,Solvent,0.5004,,CO,Solvent,0.4996,,,,0.03514016064824698,9.150000000000002e-05,10.1021/je100100n
215,216,298.15,101.0,Liquid,2,CCOC(=O)CC(=O)OCC,Solvent,0.7978,,CO,Solvent,0.2022,,,,0.03955208859118464,0.0001155,10.1021/je100100n
216,217,298.15,101.0,Liquid,2,CCOC(=O)CC(=O)OCC,Solvent,0.2501,,CO,Solvent,0.7499,,,,0.03486827855337449,0.0001385,10.1021/je100100n
217,218,298.2,101.3,Liquid,2,CCOC(=O)CC(=O)OCC,Solvent,0.2515,,CO,Solvent,0.7485,,2.9165253032996503,0.0115,,,10.1021/je9003806
218,219,298.2,101.3,Liquid,2,CCOC(=O)CC(=O)OCC,Solvent,0.7453,,CO,Solvent,0.2547,,2.765872224622143,0.013,,,10.1021/je9003806
219,220,298.2,101.3,Liquid,2,CCOC(=O)CC(=O)OCC,Solvent,0.4993,,CO,Solvent,0.5007,,3.6511978323664493,0.0155,,,10.1021/je9003806
220,221,298.15,101.0,Liquid,2,CC(C)O,Solvent,0.2,,CCOC(=O)CC(=O)OCC,Solvent,0.8,,,,0.03880185975582635,0.000103,10.1021/je100100n
221,222,298.15,101.0,Liquid,2,CC(C)O,Solvent,0.5001,,CCOC(=O)CC(=O)OCC,Solvent,0.4999,,,,0.03719120875693494,0.0001215,10.1021/je100100n
222,223,298.15,101.0,Liquid,2,CC(C)O,Solvent,0.7,,CCOC(=O)CC(=O)OCC,Solvent,0.3,,,,0.038654933237321915,0.000163,10.1021/je100100n
223,224,298.2,101.3,Liquid,2,CC(C)O,Solvent,0.2492,,CCOC(=O)CC(=O)OCC,Solvent,0.7508,,2.6917106170957084,0.0195,,,10.1021/je9003806
224,225,298.2,101.3,Liquid,2,CC(C)O,Solvent,0.7506,,CCOC(=O)CC(=O)OCC,Solvent,0.2494,,2.751041704911259,0.021,,,10.1021/je9003806
225,226,298.2,101.3,Liquid,2,CC(C)O,Solvent,0.4997,,CCOC(=O)CC(=O)OCC,Solvent,0.5003,,4.021810138472432,0.0255,,,10.1021/je9003806
226,227,298.15,101.0,Liquid,2,CC(C)CO,Solvent,0.1997,,CCOC(=O)CC(=O)OCC,Solvent,0.8003,,,,0.039382407681819935,0.000101,10.1021/je100100n
227,228,298.15,101.0,Liquid,2,CC(C)CO,Solvent,0.4999,,CCOC(=O)CC(=O)OCC,Solvent,0.5001,,,,0.0351842676691553,0.000125,10.1021/je100100n
228,229,298.15,101.0,Liquid,2,CC(C)CO,Solvent,0.7,,CCOC(=O)CC(=O)OCC,Solvent,0.3,,,,0.03649315538510492,0.000164,10.1021/je100100n
229,230,298.15,101.3,Liquid,2,CC(C)CO,Solvent,0.2492,,CCOC(=O)CC(=O)OCC,Solvent,0.7508,,2.3608916937469644,0.008,,,10.1016/j.fluid.2009.11.030
230,231,298.15,101.3,Liquid,2,CC(C)CO,Solvent,0.7516,,CCOC(=O)CC(=O)OCC,Solvent,0.2484,,2.3417173307014068,0.009,,,10.1016/j.fluid.2009.11.030
231,232,298.15,101.3,Liquid,2,CC(C)CO,Solvent,0.5019,,CCOC(=O)CC(=O)OCC,Solvent,0.4981,,3.36086786995358,0.0105,,,10.1016/j.fluid.2009.11.030
232,233,298.15,101.325,Liquid,2,COC(F)(F)C(F)(F)C(F)(F)C(F)(F)F,Solvent,0.24956,,COCCOCCOC,Solvent,0.75044,,,,0.04325951033250249,0.00019,10.1016/j.jct.2005.02.011
233,234,298.15,101.325,Liquid,2,COC(F)(F)C(F)(F)C(F)(F)C(F)(F)F,Solvent,0.49977,,COCCOCCOC,Solvent,0.50023,,,,0.041232769161746154,0.000355,10.1016/j.jct.2005.02.011
234,235,298.15,101.325,Liquid,2,COC(F)(F)C(F)(F)C(F)(F)C(F)(F)F,Solvent,0.79956,,COCCOCCOC,Solvent,0.20044,,,,0.03890951764571612,0.000495,10.1016/j.jct.2005.02.011
235,236,298.15,101.325,Liquid,2,COC(F)(F)C(F)(F)C(F)(F)C(F)(F)F,Solvent,0.80004,,COCCOCCOC,Solvent,0.19996,,-0.02069992401132481,0.0015,,,10.1016/j.jct.2005.02.011
236,237,298.15,101.325,Liquid,2,COC(F)(F)C(F)(F)C(F)(F)C(F)(F)F,Solvent,0.50006,,COCCOCCOC,Solvent,0.49994,,-0.01998654450520121,0.00305,,,10.1016/j.jct.2005.02.011
237,238,298.15,101.325,Liquid,2,COC(F)(F)C(F)(F)C(F)(F)C(F)(F)F,Solvent,0.25005,,COCCOCCOC,Solvent,0.74995,,-0.291936258413358,0.00375,,,10.1016/j.jct.2005.02.011
238,239,298.15,101.0,Liquid,2,CCC(C)=O,Solvent,0.7604,,CCN(CC)CC,Solvent,0.2396,,,,0.03175301882819598,9.900000000000003e-05,10.1016/j.tca.2010.09.004
239,240,298.15,101.0,Liquid,2,CCC(C)=O,Solvent,0.5106,,CCN(CC)CC,Solvent,0.4894,,,,0.024356809646045113,0.0001045,10.1016/j.tca.2010.09.004
240,241,298.15,101.0,Liquid,2,CCC(C)=O,Solvent,0.261,,CCN(CC)CC,Solvent,0.739,,,,0.023603847926671608,0.000106,10.1016/j.tca.2010.09.004
241,242,298.15,100.0,Liquid,2,CCC(C)=O,Solvent,0.7893,,CCN(CC)CC,Solvent,0.2107,,-0.4265031273261499,0.005,,,10.1016/j.fluid.2013.07.037
242,243,298.15,100.0,Liquid,2,CCC(C)=O,Solvent,0.2124,,CCN(CC)CC,Solvent,0.7876,,0.22379186363424708,0.006,,,10.1016/j.fluid.2013.07.037
243,244,298.15,100.0,Liquid,2,CCC(C)=O,Solvent,0.4967,,CCN(CC)CC,Solvent,0.5033,,0.13341644872588887,0.008,,,10.1016/j.fluid.2013.07.037
244,245,298.15,101.0,Liquid,2,CN1CCCCC1,Solvent,0.505,,O,Solvent,0.495,,,,0.0387800915105374,9.450000000000002e-05,10.1016/j.fluid.2010.05.001
245,246,298.15,101.0,Liquid,2,CN1CCCCC1,Solvent,0.2452,,O,Solvent,0.7548,,,,0.545752570973435,9.700000000000004e-05,10.1016/j.fluid.2010.05.001
246,247,298.15,101.0,Liquid,2,CN1CCCCC1,Solvent,0.7907,,O,Solvent,0.2093,,,,0.027007390700635774,0.000108,10.1016/j.fluid.2010.05.001
247,248,298.15,101.0,Liquid,2,CCC(C)=O,Solvent,0.7473,,CCCCNCCCC,Solvent,0.2527,,,,0.022488946139432715,9.750000000000004e-05,10.1016/j.tca.2010.09.004
248,249,298.15,101.0,Liquid,2,CCC(C)=O,Solvent,0.5018,,CCCCNCCCC,Solvent,0.4982,,,,0.023049198149544915,9.950000000000003e-05,10.1016/j.tca.2010.09.004
249,250,298.15,101.0,Liquid,2,CCC(C)=O,Solvent,0.2603,,CCCCNCCCC,Solvent,0.7397,,,,0.023531308066547917,0.0001005,10.1016/j.tca.2010.09.004
250,251,298.15,101.0,Liquid,2,CCC(C)=O,Solvent,0.7922,,CCCCNCCCC,Solvent,0.2078,,0.5313468282310083,0.0045,,,10.1016/j.fluid.2013.01.011
251,252,298.15,101.0,Liquid,2,CCC(C)=O,Solvent,0.2154,,CCCCNCCCC,Solvent,0.7846,,0.2887786005087065,0.0045,,,10.1016/j.fluid.2013.01.011
252,253,298.15,101.0,Liquid,2,CCC(C)=O,Solvent,0.5044,,CCCCNCCCC,Solvent,0.4956,,1.1162933478923378,0.0065,,,10.1016/j.fluid.2013.01.011
253,254,298.15,101.325,Liquid,2,CCOCCO,Solvent,0.7001,,COC(F)(F)C(F)(F)C(F)(F)C(F)(F)F,Solvent,0.2999,,,,0.043466960057006225,0.00027,10.1016/j.jct.2005.02.011
254,255,298.15,101.325,Liquid,2,CCOCCO,Solvent,0.50025,,COC(F)(F)C(F)(F)C(F)(F)C(F)(F)F,Solvent,0.49975,,,,0.050262284738148144,0.0004,10.1016/j.jct.2005.02.011
255,256,298.15,101.325,Liquid,2,CCOCCO,Solvent,0.20043,,COC(F)(F)C(F)(F)C(F)(F)C(F)(F)F,Solvent,0.79957,,,,0.04577976303170804,0.00052,10.1016/j.jct.2005.02.011
256,257,298.15,101.325,Liquid,2,CCOCCO,Solvent,0.69995,,COC(F)(F)C(F)(F)C(F)(F)C(F)(F)F,Solvent,0.30005,,0.9308380986265377,0.00455,,,10.1016/j.jct.2005.02.011
257,258,298.15,101.325,Liquid,2,CCOCCO,Solvent,0.49994,,COC(F)(F)C(F)(F)C(F)(F)C(F)(F)F,Solvent,0.50006,,2.182821223069112,0.0056,,,10.1016/j.jct.2005.02.011
258,259,298.15,101.325,Liquid,2,CCOCCO,Solvent,0.19996,,COC(F)(F)C(F)(F)C(F)(F)C(F)(F)F,Solvent,0.80004,,1.9416880528966658,0.00565,,,10.1016/j.jct.2005.02.011
259,260,298.15,101.0,Liquid,2,CC(C)CC(C)(C)C,Solvent,0.5009,,CC(C)OC(C)C,Solvent,0.4991,,,,0.01636852579437689,0.000105,10.1021/je2011314
260,261,298.15,100.8,Liquid,2,CC(C)CC(C)(C)C,Solvent,0.25,,CC(C)OC(C)C,Solvent,0.75,,,,0.017813006783432093,0.000155,10.1021/je050367p
261,262,298.15,100.8,Liquid,2,CC(C)CC(C)(C)C,Solvent,0.75,,CC(C)OC(C)C,Solvent,0.25,,,,0.01439983491206455,0.000155,10.1021/je050367p
262,263,303.15,101.0,Liquid,2,CC(C)CC(C)(C)C,Solvent,0.7748,,CC(C)OC(C)C,Solvent,0.2252,,0.05362808714593825,0.001556,,,10.1021/je9001416
263,264,303.15,101.0,Liquid,2,CC(C)CC(C)(C)C,Solvent,0.2693,,CC(C)OC(C)C,Solvent,0.7307,,-0.10714868762258334,0.0018345,,,10.1021/je9001416
264,265,303.15,101.0,Liquid,2,CC(C)CC(C)(C)C,Solvent,0.5125,,CC(C)OC(C)C,Solvent,0.4875,,-0.10690293795846628,0.002233,,,10.1021/je9001416
265,266,298.15,101.0,Liquid,2,CCC(C)=O,Solvent,0.7531,,CCCNCCC,Solvent,0.2469,,,,0.031218353038717166,0.000109,10.1016/j.tca.2010.09.004
266,267,298.15,101.0,Liquid,2,CCC(C)=O,Solvent,0.5006,,CCCNCCC,Solvent,0.4994,,,,0.023274081568230978,0.000125,10.1016/j.tca.2010.09.004
267,268,298.15,101.0,Liquid,2,CCC(C)=O,Solvent,0.2446,,CCCNCCC,Solvent,0.7554,,,,0.022300527404421247,0.0001405,10.1016/j.tca.2010.09.004
268,269,298.15,101.0,Liquid,2,CCC(C)=O,Solvent,0.2353,,CCCNCCC,Solvent,0.7647,,0.23645118703214507,0.0035,,,10.1016/j.fluid.2013.01.011
269,270,298.15,101.0,Liquid,2,CCC(C)=O,Solvent,0.6984,,CCCNCCC,Solvent,0.3016,,-0.25735409683120736,0.0035,,,10.1016/j.fluid.2013.01.011
270,271,298.15,101.0,Liquid,2,CCC(C)=O,Solvent,0.505,,CCCNCCC,Solvent,0.495,,0.4944850894875259,0.0045,,,10.1016/j.fluid.2013.01.011
271,272,308.15,101.0,Liquid,2,CCCCCCC,Solvent,0.4922,,c1ccccc1,Solvent,0.5078,,,,0.01811072587968161,0.00015,10.1007/s10765-009-0667-2
272,273,308.15,101.0,Liquid,2,CCCCCCC,Solvent,0.2737,,c1ccccc1,Solvent,0.7263,,,,0.019672133204393046,0.00015,10.1007/s10765-009-0667-2
273,274,298.15,101.0,Liquid,2,CCCCCCC,Solvent,0.913667,,c1ccccc1,Solvent,0.086333,,,,0.01011988783305655,0.000805,10.1016/j.jct.2009.06.001
274,275,303.15,101.0,Liquid,2,CCCCCCC,Solvent,0.7519,,c1ccccc1,Solvent,0.2481,,-0.2831632664128563,0.0035,,,10.1016/j.tca.2013.01.028
275,276,303.15,101.0,Liquid,2,CCCCCCC,Solvent,0.2424,,c1ccccc1,Solvent,0.7576,,-0.19885679575068593,0.0044,,,10.1016/j.tca.2013.01.028
276,277,303.15,101.0,Liquid,2,CCCCCCC,Solvent,0.5,,c1ccccc1,Solvent,0.5,,-0.29452580672433726,0.0051,,,10.1016/j.tca.2013.01.028
277,278,298.15,100.0,Liquid,2,CCCCCl,Solvent,0.2961,,CN1CCCC1=O,Solvent,0.7039,,,,0.021367039508410957,0.0001,10.1021/je7003758
278,279,298.15,100.0,Liquid,2,CCCCCl,Solvent,0.7026,,CN1CCCC1=O,Solvent,0.2974,,,,0.016005562719823795,0.0001,10.1021/je7003758
279,280,298.15,100.0,Liquid,2,CCCCCl,Solvent,0.4948,,CN1CCCC1=O,Solvent,0.5052,,,,0.018629183750976695,0.0001,10.1021/je7003758
280,281,298.15,101.0,Liquid,2,CCCCCl,Solvent,0.49,,CN1CCCC1=O,Solvent,0.51,,0.5315526390482006,0.002,,,10.1016/j.jct.2008.01.024
281,282,298.15,101.0,Liquid,2,CCCCCl,Solvent,0.294,,CN1CCCC1=O,Solvent,0.706,,0.4511231746869413,0.002,,,10.1016/j.jct.2008.01.024
282,283,298.15,101.0,Liquid,2,CCCCCl,Solvent,0.787,,CN1CCCC1=O,Solvent,0.213,,0.38925264140331706,0.002,,,10.1016/j.jct.2008.01.024
283,284,298.15,100.0,Liquid,2,CCCCC(=O)OC,Solvent,0.3493,,COC=O,Solvent,0.6507,,,,0.03710001184801675,0.000115,10.1016/j.jct.2015.02.019
284,285,298.15,100.0,Liquid,2,CCCCC(=O)OC,Solvent,0.5,,COC=O,Solvent,0.5,,,,0.02582410589508787,0.00012,10.1016/j.jct.2015.02.019
285,286,298.15,100.0,Liquid,2,CCCCC(=O)OC,Solvent,0.7258,,COC=O,Solvent,0.2742,,,,0.0241837238580221,0.000135,10.1016/j.jct.2015.02.019
286,288,298.15,100.0,Liquid,2,CCCCC(=O)OC,Solvent,0.5232,,COC=O,Solvent,0.4768,,0.9437917130175677,0.0045,,,10.1016/j.jct.2015.02.019
287,289,298.15,100.0,Liquid,2,CCCCC(=O)OC,Solvent,0.3486,,COC=O,Solvent,0.6514,,0.38297507490429084,0.0045,,,10.1016/j.jct.2015.02.019
288,290,298.15,101.3,Liquid,2,CC(C)CC(C)(C)C,Solvent,0.2389,,COC(C)=O,Solvent,0.7611,,,,0.020481782669058677,0.0001,10.1021/acs.jced.9b00668
289,291,298.15,101.3,Liquid,2,CC(C)CC(C)(C)C,Solvent,0.7364,,COC(C)=O,Solvent,0.2636,,,,0.01522134627808135,0.00015,10.1021/acs.jced.9b00668
290,292,298.15,100.0,Liquid,2,CC(C)CC(C)(C)C,Solvent,0.5411,,COC(C)=O,Solvent,0.4589,,,,0.016660117566259094,0.000505,10.1021/acs.jced.5b00813
291,293,298.15,100.0,Liquid,2,CC(C)CC(C)(C)C,Solvent,0.7833,,COC(C)=O,Solvent,0.2167,,0.010448579698532967,0.0125,,,10.1021/acs.jced.5b00813
292,294,298.15,100.0,Liquid,2,CC(C)CC(C)(C)C,Solvent,0.256,,COC(C)=O,Solvent,0.744,,0.19051281336536086,0.015,,,10.1021/acs.jced.5b00813
293,295,298.15,100.0,Liquid,2,CC(C)CC(C)(C)C,Solvent,0.5406,,COC(C)=O,Solvent,0.4594,,0.233952264473686,0.019,,,10.1021/acs.jced.5b00813
294,296,298.15,101.0,Liquid,2,Cn1ccnc1,Solvent,0.2167,,O,Solvent,0.7833,,,,0.9957180205595435,0.0001,10.1016/j.jct.2012.06.015
295,297,298.15,101.0,Liquid,2,Cn1ccnc1,Solvent,0.7795,,O,Solvent,0.2205,,,,0.6668723847702483,0.00015,10.1016/j.jct.2012.06.015
296,298,298.15,101.0,Liquid,2,Cn1ccnc1,Solvent,0.4982,,O,Solvent,0.5018,,,,0.8950670647651267,0.00015,10.1016/j.jct.2012.06.015
297,299,298.15,101.0,Liquid,2,CCCCC(=O)OCC,Solvent,0.3047,,CCOC(C)=O,Solvent,0.6953,,,,0.022385066392196437,0.00012,10.1016/j.jct.2012.03.011
298,300,298.15,101.0,Liquid,2,CCCCC(=O)OCC,Solvent,0.7526,,CCOC(C)=O,Solvent,0.2474,,,,0.023045199858779165,0.00012,10.1016/j.jct.2012.03.011
299,301,298.15,101.0,Liquid,2,CCCCC(=O)OCC,Solvent,0.4921,,CCOC(C)=O,Solvent,0.5079,,,,0.024129825852739855,0.00012,10.1016/j.jct.2012.03.011
300,302,298.15,101.0,Liquid,2,CCCCC(=O)OCC,Solvent,0.7376,,CCOC(C)=O,Solvent,0.2624,,0.07154600279807966,0.0015,,,10.1016/j.jct.2012.03.011
301,303,298.15,101.0,Liquid,2,CCCCC(=O)OCC,Solvent,0.2799,,CCOC(C)=O,Solvent,0.7201,,0.041020270463369535,0.0015,,,10.1016/j.jct.2012.03.011
302,304,298.15,101.0,Liquid,2,CCCCC(=O)OCC,Solvent,0.5198,,CCOC(C)=O,Solvent,0.4802,,0.05028608239701349,0.002,,,10.1016/j.jct.2012.03.011
303,305,298.15,101.0,Liquid,2,Cc1ccccc1N,Solvent,0.7674,,Cc1ccncc1,Solvent,0.2326,,,,0.04274492105270908,0.000118,10.1016/j.jct.2010.12.028
304,306,298.15,101.0,Liquid,2,Cc1ccccc1N,Solvent,0.4863,,Cc1ccncc1,Solvent,0.5137,,,,0.033284686972948924,0.000119,10.1016/j.jct.2010.12.028
305,307,298.15,101.0,Liquid,2,Cc1ccccc1N,Solvent,0.2655,,Cc1ccncc1,Solvent,0.7345,,,,0.027944203792941064,0.00012,10.1016/j.jct.2010.12.028
306,308,308.15,101.0,Liquid,2,Cc1ccccc1N,Solvent,0.7827,,Cc1ccncc1,Solvent,0.2173,,-5.310756209294333,0.0182,,,10.1016/j.jct.2010.12.028
307,309,308.15,101.0,Liquid,2,Cc1ccccc1N,Solvent,0.2715,,Cc1ccncc1,Solvent,0.7285,,-2.7266858579293753,0.02405,,,10.1016/j.jct.2010.12.028
308,310,308.15,101.0,Liquid,2,Cc1ccccc1N,Solvent,0.4783,,Cc1ccncc1,Solvent,0.5217,,-4.287930636135108,0.0291,,,10.1016/j.jct.2010.12.028
309,311,298.15,101.0,Liquid,2,CC(C)O,Solvent,0.4981,,O,Solvent,0.5019,,,,0.3551955746933668,0.0002,10.1021/je700700f
310,312,298.15,101.0,Liquid,2,CC(C)O,Solvent,0.231278,,O,Solvent,0.768722,,,,0.8449180809587937,0.000505,10.1021/je201010s
311,313,298.15,101.0,Liquid,2,CC(C)O,Solvent,0.764357,,O,Solvent,0.235643,,,,0.06960607510719365,0.000505,10.1021/je201010s
312,314,313.15,101.0,Liquid,2,CC(C)O,Solvent,0.5048,,O,Solvent,0.4952,,-1.1820988887064416,0.00405,,,10.1016/j.jct.2007.12.002
313,315,313.15,101.0,Liquid,2,CC(C)O,Solvent,0.2031,,O,Solvent,0.7969,,-1.473227836180321,0.0052,,,10.1016/j.jct.2007.12.002
314,316,313.15,101.0,Liquid,2,CC(C)O,Solvent,0.704,,O,Solvent,0.296,,-0.7529923981214566,0.0055,,,10.1016/j.jct.2007.12.002
315,317,298.15,101.0,Liquid,2,NCCO,Solvent,0.78535,,c1ccncc1,Solvent,0.21465,,,,1.0024080092140357,0.000101,10.1021/je400184t
316,318,298.15,101.0,Liquid,2,NCCO,Solvent,0.21001,,c1ccncc1,Solvent,0.78999,,,,0.028013588415328524,0.0001015,10.1021/je400184t
317,319,298.15,101.0,Liquid,2,NCCO,Solvent,0.55864,,c1ccncc1,Solvent,0.44136,,,,0.6101624469454121,0.0001015,10.1021/je400184t
318,320,298.15,101.0,Liquid,2,NCCO,Solvent,0.74678,,c1ccncc1,Solvent,0.25322,,-3.5504332697490577,0.003,,,10.1021/je400184t
319,321,298.15,101.0,Liquid,2,NCCO,Solvent,0.55936,,c1ccncc1,Solvent,0.44064,,-3.753226525189928,0.0035,,,10.1021/je400184t
320,322,298.15,101.0,Liquid,2,NCCO,Solvent,0.24812,,c1ccncc1,Solvent,0.75188,,0.667456671956852,0.0035,,,10.1021/je400184t
321,323,298.15,101.0,Liquid,2,CN(CCO)CCO,Solvent,0.23126,,c1ccncc1,Solvent,0.76874,,,,0.03808506250980404,0.0001015,10.1021/je400184t
322,324,298.15,101.0,Liquid,2,CN(CCO)CCO,Solvent,0.47353,,c1ccncc1,Solvent,0.52647,,,,0.6789550405381671,0.0001015,10.1021/je400184t
323,325,298.15,101.0,Liquid,2,CN(CCO)CCO,Solvent,0.67,,c1ccncc1,Solvent,0.33,,,,0.8000333300338298,0.000102,10.1021/je400184t
324,326,298.15,101.0,Liquid,2,CN(CCO)CCO,Solvent,0.23061,,c1ccncc1,Solvent,0.76939,,2.3756522666149777,0.001,,,10.1021/je400184t
325,327,298.15,101.0,Liquid,2,CN(CCO)CCO,Solvent,0.47376,,c1ccncc1,Solvent,0.52624,,-2.5882676809540186,0.001,,,10.1021/je400184t
326,328,298.15,101.0,Liquid,2,CN(CCO)CCO,Solvent,0.66958,,c1ccncc1,Solvent,0.33042,,-2.7727810126895207,0.0015,,,10.1021/je400184t
327,329,298.15,101.325,Liquid,2,CCCCOCCO,Solvent,0.70046,,COC(F)(F)C(F)(F)C(F)(F)C(F)(F)F,Solvent,0.29954,,,,0.04810955835753592,0.000215,10.1016/j.jct.2005.02.011
328,330,298.15,101.325,Liquid,2,CCCCOCCO,Solvent,0.45014,,COC(F)(F)C(F)(F)C(F)(F)C(F)(F)F,Solvent,0.54986,,,,0.044228087723088394,0.00037,10.1016/j.jct.2005.02.011
329,331,298.15,101.325,Liquid,2,CCCCOCCO,Solvent,0.25014,,COC(F)(F)C(F)(F)C(F)(F)C(F)(F)F,Solvent,0.74986,,,,0.045723291073789675,0.00047,10.1016/j.jct.2005.02.011
330,332,298.15,101.325,Liquid,2,CCCCOCCO,Solvent,0.69995,,COC(F)(F)C(F)(F)C(F)(F)C(F)(F)F,Solvent,0.30005,,1.2619738210649416,0.00585,,,10.1016/j.jct.2005.02.011
331,333,298.15,101.325,Liquid,2,CCCCOCCO,Solvent,0.24995,,COC(F)(F)C(F)(F)C(F)(F)C(F)(F)F,Solvent,0.75005,,2.305851244138381,0.0071,,,10.1016/j.jct.2005.02.011
332,334,298.15,101.325,Liquid,2,CCCCOCCO,Solvent,0.44994,,COC(F)(F)C(F)(F)C(F)(F)C(F)(F)F,Solvent,0.55006,,1.8419221204313487,0.00725,,,10.1016/j.jct.2005.02.011
333,335,308.15,101.0,Liquid,2,COc1ccccc1,Solvent,0.2883,,OCc1ccccc1,Solvent,0.7117,,,,0.033416030916570166,0.000135,10.1021/je050085p
334,336,308.15,101.0,Liquid,2,COc1ccccc1,Solvent,0.4911,,OCc1ccccc1,Solvent,0.5089,,,,0.03001072475143908,0.000165,10.1021/je050085p
335,337,308.15,101.0,Liquid,2,COc1ccccc1,Solvent,0.7745,,OCc1ccccc1,Solvent,0.2255,,,,0.026357609641419585,0.000215,10.1021/je050085p
336,338,308.15,101.0,Liquid,2,COc1ccccc1,Solvent,0.2401,,OCc1ccccc1,Solvent,0.7599,,1.3899399654163176,0.0067,,,10.1021/je050085p
337,339,308.15,101.0,Liquid,2,COc1ccccc1,Solvent,0.4866,,OCc1ccccc1,Solvent,0.5134,,2.053946605335071,0.0104,,,10.1021/je050085p
338,340,308.15,101.0,Liquid,2,COc1ccccc1,Solvent,0.7398,,OCc1ccccc1,Solvent,0.2602,,2.217410988254251,0.0113,,,10.1021/je050085p
339,341,298.15,101.3,Liquid,2,C1CCOCC1,Solvent,0.2029,,OCC(F)(F)F,Solvent,0.7971,,,,0.043145718192218824,0.00012,10.1021/je025655p
340,342,298.15,101.3,Liquid,2,C1CCOCC1,Solvent,0.5192,,OCC(F)(F)F,Solvent,0.4808,,,,0.02745200303965395,0.00017,10.1021/je025655p
341,343,298.15,101.3,Liquid,2,C1CCOCC1,Solvent,0.7342,,OCC(F)(F)F,Solvent,0.2658,,,,0.024783767397363807,0.000195,10.1021/je025655p
342,344,298.15,101.3,Liquid,2,C1CCOCC1,Solvent,0.755,,OCC(F)(F)F,Solvent,0.245,,2.5823753951432593,0.0075,,,10.1021/je025655p
343,345,298.15,101.3,Liquid,2,C1CCOCC1,Solvent,0.248,,OCC(F)(F)F,Solvent,0.752,,1.736747307411946,0.0085,,,10.1021/je025655p
344,346,298.15,101.3,Liquid,2,C1CCOCC1,Solvent,0.466,,OCC(F)(F)F,Solvent,0.534,,3.1385656228062686,0.0105,,,10.1021/je025655p
345,347,298.15,100.0,Liquid,2,CNc1ccccc1,Solvent,0.2452,,Cc1ccccc1,Solvent,0.7548,,,,0.022512706648488184,0.000118,10.1021/je400134d
346,348,298.15,100.0,Liquid,2,CNc1ccccc1,Solvent,0.49,,Cc1ccccc1,Solvent,0.51,,,,0.025735333174585154,0.000164,10.1021/je400134d
347,349,298.15,100.0,Liquid,2,CNc1ccccc1,Solvent,0.7407,,Cc1ccccc1,Solvent,0.2593,,,,0.03050778235111414,0.0002595,10.1021/je400134d
348,350,298.15,101.0,Liquid,2,CNc1ccccc1,Solvent,0.7892,,Cc1ccccc1,Solvent,0.2108,,-0.09042688099026464,0.003,,,10.1016/j.jct.2012.07.006
349,351,298.15,101.0,Liquid,2,CNc1ccccc1,Solvent,0.2952,,Cc1ccccc1,Solvent,0.7048,,2.0110985883480197,0.005,,,10.1016/j.jct.2012.07.006
350,352,298.15,101.0,Liquid,2,CNc1ccccc1,Solvent,0.4973,,Cc1ccccc1,Solvent,0.5027,,1.7885838036402149,0.0055,,,10.1016/j.jct.2012.07.006
351,353,303.15,100.0,Liquid,2,CCOC(=O)C(C)C,Solvent,0.499,,CO,Solvent,0.501,,,,0.023155364799081563,0.00011,10.1016/j.jct.2019.105884
352,354,303.15,100.0,Liquid,2,CCOC(=O)C(C)C,Solvent,0.703,,CO,Solvent,0.297,,,,0.02034484134536483,0.00011,10.1016/j.jct.2019.105884
353,355,303.15,100.0,Liquid,2,CCOC(=O)C(C)C,Solvent,0.1996,,CO,Solvent,0.8004,,,,0.027214323779134707,0.000115,10.1016/j.jct.2019.105884
354,356,303.15,100.0,Liquid,2,CCOC(=O)C(C)C,Solvent,0.289,,CO,Solvent,0.711,,2.245569569060489,0.0035,,,10.1016/j.jct.2019.105884
355,357,303.15,100.0,Liquid,2,CCOC(=O)C(C)C,Solvent,0.48,,CO,Solvent,0.52,,3.5355392498287728,0.0045,,,10.1016/j.jct.2019.105884
356,358,303.15,100.0,Liquid,2,CCOC(=O)C(C)C,Solvent,0.771,,CO,Solvent,0.229,,2.550606726948125,0.0045,,,10.1016/j.jct.2019.105884
357,359,308.15,101.0,Liquid,2,CCOc1ccccc1,Solvent,0.0642,,OCc1ccccc1,Solvent,0.9358,,,,0.057019403768427956,0.00011,10.1021/je050085p
358,360,308.15,101.0,Liquid,2,CCOc1ccccc1,Solvent,0.4598,,OCc1ccccc1,Solvent,0.5402,,,,0.02710323234917225,0.00016,10.1021/je050085p
359,361,308.15,101.0,Liquid,2,CCOc1ccccc1,Solvent,0.7572,,OCc1ccccc1,Solvent,0.2428,,,,0.024715386053065343,0.000215,10.1021/je050085p
360,362,308.15,101.0,Liquid,2,CCOc1ccccc1,Solvent,0.0636,,OCc1ccccc1,Solvent,0.9364,,0.24623561135572203,0.00225,,,10.1021/je050085p
361,363,308.15,101.0,Liquid,2,CCOc1ccccc1,Solvent,0.5499,,OCc1ccccc1,Solvent,0.4501,,2.874243013281358,0.01135,,,10.1021/je050085p
362,364,308.15,101.0,Liquid,2,CCOc1ccccc1,Solvent,0.7651,,OCc1ccccc1,Solvent,0.2349,,2.8217536669071137,0.0116,,,10.1021/je050085p
363,365,298.15,101.325,Liquid,2,COC(F)(F)C(F)(F)C(F)(F)C(F)(F)F,Solvent,0.19987,,COCCO,Solvent,0.80013,,,,0.04705036947307692,0.00024,10.1016/j.jct.2005.02.011
364,366,298.15,101.325,Liquid,2,COC(F)(F)C(F)(F)C(F)(F)C(F)(F)F,Solvent,0.50014,,COCCO,Solvent,0.49986,,,,0.0483286088314148,0.00043,10.1016/j.jct.2005.02.011
365,367,298.15,101.325,Liquid,2,COC(F)(F)C(F)(F)C(F)(F)C(F)(F)F,Solvent,0.70009,,COCCO,Solvent,0.29991,,,,0.04202756755024204,0.000505,10.1016/j.jct.2005.02.011
366,368,298.15,101.325,Liquid,2,COC(F)(F)C(F)(F)C(F)(F)C(F)(F)F,Solvent,0.20004,,COCCO,Solvent,0.79996,,2.240530413448184,0.004,,,10.1016/j.jct.2005.02.011
367,369,298.15,101.325,Liquid,2,COC(F)(F)C(F)(F)C(F)(F)C(F)(F)F,Solvent,0.50004,,COCCO,Solvent,0.49996,,2.298309161357764,0.00545,,,10.1016/j.jct.2005.02.011
368,370,298.15,101.325,Liquid,2,COC(F)(F)C(F)(F)C(F)(F)C(F)(F)F,Solvent,0.70009,,COCCO,Solvent,0.29991,,1.8485512240318371,0.00575,,,10.1016/j.jct.2005.02.011
369,371,298.15,101.0,Liquid,2,Cc1ccccc1N,Solvent,0.7678,,c1ccncc1,Solvent,0.2322,,,,0.04200849420633735,0.000117,10.1016/j.jct.2010.12.028
370,372,298.15,101.0,Liquid,2,Cc1ccccc1N,Solvent,0.4837,,c1ccncc1,Solvent,0.5163,,,,0.030875908656733755,0.000117,10.1016/j.jct.2010.12.028
371,373,298.15,101.0,Liquid,2,Cc1ccccc1N,Solvent,0.2374,,c1ccncc1,Solvent,0.7626,,,,0.02867085800457411,0.000118,10.1016/j.jct.2010.12.028
372,374,308.15,101.0,Liquid,2,Cc1ccccc1N,Solvent,0.7735,,c1ccncc1,Solvent,0.2265,,-4.746979044651255,0.016,,,10.1016/j.jct.2010.12.028
373,375,308.15,101.0,Liquid,2,Cc1ccccc1N,Solvent,0.2681,,c1ccncc1,Solvent,0.7319,,-2.384854473804163,0.0182,,,10.1016/j.jct.2010.12.028
374,376,308.15,101.0,Liquid,2,Cc1ccccc1N,Solvent,0.4826,,c1ccncc1,Solvent,0.5174,,-4.118524264004833,0.02105,,,10.1016/j.jct.2010.12.028
375,377,298.15,101.0,Liquid,2,Cc1ccccc1N,Solvent,0.7372,,Cc1cccnc1,Solvent,0.2628,,,,0.04065155416323295,0.000118,10.1016/j.jct.2010.12.028
376,378,298.15,101.0,Liquid,2,Cc1ccccc1N,Solvent,0.5336,,Cc1cccnc1,Solvent,0.4664,,,,0.03433322907306409,0.0001185,10.1016/j.jct.2010.12.028
377,379,298.15,101.0,Liquid,2,Cc1ccccc1N,Solvent,0.2467,,Cc1cccnc1,Solvent,0.7533,,,,0.026313562099579163,0.00012,10.1016/j.jct.2010.12.028
378,380,308.15,101.0,Liquid,2,Cc1ccccc1N,Solvent,0.7789,,Cc1cccnc1,Solvent,0.2211,,-4.752963001238971,0.01785,,,10.1016/j.jct.2010.12.028
379,381,308.15,101.0,Liquid,2,Cc1ccccc1N,Solvent,0.2323,,Cc1cccnc1,Solvent,0.7677,,-1.6826130985903447,0.02285,,,10.1016/j.jct.2010.12.028
380,382,308.15,101.0,Liquid,2,Cc1ccccc1N,Solvent,0.4926,,Cc1cccnc1,Solvent,0.5074,,-4.717812332079253,0.0287,,,10.1016/j.jct.2010.12.028
381,383,298.15,101.3,Liquid,2,CCCCCC(C)=O,Solvent,0.7418,,CCCNCCC,Solvent,0.2582,,,,0.025394945197302916,0.00012,10.1016/j.jct.2011.05.003
382,384,298.15,101.3,Liquid,2,CCCCCC(C)=O,Solvent,0.5427,,CCCNCCC,Solvent,0.4573,,,,0.025324226594428102,0.0001215,10.1016/j.jct.2011.05.003
383,385,298.15,101.3,Liquid,2,CCCCCC(C)=O,Solvent,0.2526,,CCCNCCC,Solvent,0.7474,,,,0.025027392380435838,0.0001215,10.1016/j.jct.2011.05.003
384,386,298.15,101.0,Liquid,2,CCCCCC(C)=O,Solvent,0.788,,CCCNCCC,Solvent,0.212,,0.3636290168858096,0.001,,,10.1016/j.fluid.2013.01.011
385,387,298.15,101.0,Liquid,2,CCCCCC(C)=O,Solvent,0.2132,,CCCNCCC,Solvent,0.7868,,0.2969888689655562,0.0015,,,10.1016/j.fluid.2013.01.011
386,388,298.15,101.0,Liquid,2,CCCCCC(C)=O,Solvent,0.5007,,CCCNCCC,Solvent,0.4993,,0.6637079081612285,0.002,,,10.1016/j.fluid.2013.01.011
387,389,298.15,101.0,Liquid,2,CCO,Solvent,0.6995,,CN(C)CCO,Solvent,0.3005,,,,0.08747588274752748,0.000135,10.1016/j.tca.2014.03.038
388,390,298.15,101.0,Liquid,2,CCO,Solvent,0.4949,,CN(C)CCO,Solvent,0.5051,,,,0.12173912267041252,0.00015,10.1016/j.tca.2014.03.038
389,391,298.15,101.0,Liquid,2,CCO,Solvent,0.2914,,CN(C)CCO,Solvent,0.7086,,,,0.12082492602467312,0.000165,10.1016/j.tca.2014.03.038
390,392,298.2,100.0,Liquid,2,CCO,Solvent,0.2686,,CN(C)CCO,Solvent,0.7314,,-0.47436728553056184,0.0031,,,10.1021/je800334m
391,393,298.2,100.0,Liquid,2,CCO,Solvent,0.7335,,CN(C)CCO,Solvent,0.2665,,-0.8535166781960903,0.004,,,10.1021/je800334m
392,394,298.2,100.0,Liquid,2,CCO,Solvent,0.5084,,CN(C)CCO,Solvent,0.4916,,-0.4201825921191684,0.0044,,,10.1021/je800334m
393,395,298.15,101.3,Liquid,2,C1CCOC1,Solvent,0.2053,,OCC(F)(F)F,Solvent,0.7947,,,,0.04079421390772579,0.000135,10.1021/je034076x
394,396,298.15,101.3,Liquid,2,C1CCOC1,Solvent,0.4986,,OCC(F)(F)F,Solvent,0.5014,,,,0.03109757924631423,0.00017,10.1021/je034076x
395,397,298.15,101.3,Liquid,2,C1CCOC1,Solvent,0.7019,,OCC(F)(F)F,Solvent,0.2981,,,,0.03467472687258752,0.000195,10.1021/je034076x
396,398,298.15,101.3,Liquid,2,C1CCOC1,Solvent,0.717,,OCC(F)(F)F,Solvent,0.283,,1.9994686821540029,0.009,,,10.1021/je034076x
397,399,298.15,101.3,Liquid,2,C1CCOC1,Solvent,0.212,,OCC(F)(F)F,Solvent,0.788,,0.5510408183746733,0.0095,,,10.1021/je034076x
398,400,298.15,101.3,Liquid,2,C1CCOC1,Solvent,0.517,,OCC(F)(F)F,Solvent,0.483,,2.3296233456930366,0.012,,,10.1021/je034076x
399,401,298.15,101.0,Liquid,2,NCCNCCO,Solvent,0.07,,O,Solvent,0.93,,,,1.0951347341154336,0.000125,10.1021/je060032n
400,402,313.15,101.0,Liquid,2,NCCNCCO,Solvent,0.3997,,O,Solvent,0.6003,,,,1.0110003559458398,0.00017,10.1021/je060032n
401,403,298.15,101.0,Liquid,2,NCCNCCO,Solvent,0.7997,,O,Solvent,0.2003,,,,1.025507563026559,0.00024,10.1021/je060032n
402,404,298.15,101.0,Liquid,2,NCCNCCO,Solvent,0.0699,,O,Solvent,0.9301,,-4.730767482030053,0.035,,,10.1016/j.jct.2007.03.010
403,405,298.15,101.0,Liquid,2,NCCNCCO,Solvent,0.77,,O,Solvent,0.23,,-6.847961960771599,0.035,,,10.1016/j.jct.2007.03.010
404,406,313.15,101.0,Liquid,2,NCCNCCO,Solvent,0.4001,,O,Solvent,0.5999,,-13.856288613941736,0.0845,,,10.1016/j.jct.2007.03.010
405,407,298.15,100.0,Liquid,2,C1CCCCC1,Solvent,0.7464,,CNc1ccccc1,Solvent,0.2536,,,,0.01724164275172742,0.000138,10.1021/je400134d
406,408,298.15,100.0,Liquid,2,C1CCCCC1,Solvent,0.4945,,CNc1ccccc1,Solvent,0.5055,,,,0.02141794841578872,0.0001835,10.1021/je400134d
407,409,298.15,100.0,Liquid,2,C1CCCCC1,Solvent,0.247,,CNc1ccccc1,Solvent,0.753,,,,0.028282693022993678,0.000272,10.1021/je400134d
408,410,298.15,101.0,Liquid,2,C1CCCCC1,Solvent,0.2047,,CNc1ccccc1,Solvent,0.7953,,1.376261578632274,0.0105,,,10.1016/j.jct.2012.07.006
409,411,298.15,101.0,Liquid,2,C1CCCCC1,Solvent,0.7066,,CNc1ccccc1,Solvent,0.2934,,1.9994588422623991,0.0165,,,10.1016/j.jct.2012.07.006
410,412,298.15,101.0,Liquid,2,C1CCCCC1,Solvent,0.5063,,CNc1ccccc1,Solvent,0.4937,,1.9142991445619941,0.0175,,,10.1016/j.jct.2012.07.006
411,413,298.15,101.0,Liquid,2,CCCCC,Solvent,0.748,,CCOC=O,Solvent,0.252,,,,0.0085714633802127,0.000165,10.1016/j.fluid.2013.11.026
412,414,298.15,101.0,Liquid,2,CCCCC,Solvent,0.504,,CCOC=O,Solvent,0.496,,,,0.015695704165010187,0.00024,10.1016/j.fluid.2013.11.026
413,415,298.15,101.0,Liquid,2,CCCCC,Solvent,0.298,,CCOC=O,Solvent,0.702,,,,0.020158862542599496,0.000345,10.1016/j.fluid.2013.11.026
414,416,298.15,101.0,Liquid,2,CCCCC,Solvent,0.2298,,CCOC=O,Solvent,0.7702,,0.3724634672431151,0.0045,,,10.1016/j.fluid.2013.11.026
415,417,298.15,101.0,Liquid,2,CCCCC,Solvent,0.7779,,CCOC=O,Solvent,0.2221,,0.5464307818673859,0.0045,,,10.1016/j.fluid.2013.11.026
416,418,298.15,101.0,Liquid,2,CCCCC,Solvent,0.5001,,CCOC=O,Solvent,0.4999,,0.1944104902859891,0.0055,,,10.1016/j.fluid.2013.11.026
417,419,291.15,101.0,Liquid,2,CCCCC,Solvent,0.73,,COC=O,Solvent,0.27,,,,0.009391576590374996,0.00013,10.1016/j.fluid.2013.11.026
418,420,291.15,101.0,Liquid,2,CCCCC,Solvent,0.494,,COC=O,Solvent,0.506,,,,0.01497897210417365,0.00015,10.1016/j.fluid.2013.11.026
419,421,291.15,101.0,Liquid,2,CCCCC,Solvent,0.241,,COC=O,Solvent,0.759,,,,0.0333163354725851,0.000175,10.1016/j.fluid.2013.11.026
420,422,291.15,101.0,Liquid,2,CCCCC,Solvent,0.7887,,COC=O,Solvent,0.2113,,0.959127022173945,0.005,,,10.1016/j.fluid.2013.11.026
421,423,291.15,101.0,Liquid,2,CCCCC,Solvent,0.2317,,COC=O,Solvent,0.7683,,0.5447638019763659,0.006,,,10.1016/j.fluid.2013.11.026
422,424,291.15,101.0,Liquid,2,CCCCC,Solvent,0.5217,,COC=O,Solvent,0.4783,,1.2194634303507925,0.0075,,,10.1016/j.fluid.2013.11.026
423,425,298.15,100.0,Liquid,2,CCCCCCC,Solvent,0.7405,,CNc1ccccc1,Solvent,0.2595,,,,0.016788560886503993,0.00014,10.1021/je400134d
424,426,298.15,100.0,Liquid,2,CCCCCCC,Solvent,0.497,,CNc1ccccc1,Solvent,0.503,,,,0.022663143085908895,0.0001785,10.1021/je400134d
425,427,298.15,100.0,Liquid,2,CCCCCCC,Solvent,0.2509,,CNc1ccccc1,Solvent,0.7491,,,,0.028838159453244968,0.0002615,10.1021/je400134d
426,428,298.15,101.0,Liquid,2,CCCCCCC,Solvent,0.2059,,CNc1ccccc1,Solvent,0.7941,,1.5578340589593083,0.012,,,10.1016/j.jct.2012.07.006
427,429,298.15,101.0,Liquid,2,CCCCCCC,Solvent,0.7032,,CNc1ccccc1,Solvent,0.2968,,1.6334996390553016,0.0165,,,10.1016/j.jct.2012.07.006
428,430,298.15,101.0,Liquid,2,CCCCCCC,Solvent,0.5017,,CNc1ccccc1,Solvent,0.4983,,1.4342302410651229,0.018,,,10.1016/j.jct.2012.07.006
429,431,298.15,101.0,Liquid,2,CNCCO,Solvent,0.1987,,O,Solvent,0.8013,,,,1.0732915012330144,0.00016,10.1021/je060457+
430,432,298.15,101.0,Liquid,2,CNCCO,Solvent,0.5041,,O,Solvent,0.4959,,,,0.9900738990380608,0.000235,10.1021/je060457+
431,433,298.15,101.0,Liquid,2,CNCCO,Solvent,0.8009,,O,Solvent,0.1991,,,,0.837668881496412,0.00032,10.1021/je060457+
432,434,298.15,101.0,Liquid,2,CNCCO,Solvent,0.7988,,O,Solvent,0.2012,,-5.270023065318462,0.025,,,10.1016/j.jct.2007.03.010
433,435,298.15,101.0,Liquid,2,CNCCO,Solvent,0.1992,,O,Solvent,0.8008,,-6.080745696975374,0.0455,,,10.1016/j.jct.2007.03.010
434,436,298.15,101.0,Liquid,2,CNCCO,Solvent,0.5017,,O,Solvent,0.4983,,-9.135637799394503,0.051,,,10.1016/j.jct.2007.03.010
435,437,298.15,101.0,Liquid,2,CCCCO,Solvent,0.5004,,OC1=NCCC1,Solvent,0.4996,,,,0.03799954050737638,0.00015,10.1021/je801006q
436,438,298.15,101.0,Liquid,2,CCCCO,Solvent,0.7555,,OC1=NCCC1,Solvent,0.2445,,,,0.0406201998536953,0.000185,10.1021/je801006q
437,439,298.15,101.0,Liquid,2,CCCCO,Solvent,0.1446,,OC1=NCCC1,Solvent,0.8554,,,,0.0319297423474444,0.000205,10.1021/je801006q
438,440,298.15,101.0,Liquid,2,CCCCO,Solvent,0.1447,,OC1=NCCC1,Solvent,0.8553,,1.0410812653255164,0.0012,,,10.1021/je801006q
439,441,298.15,101.0,Liquid,2,CCCCO,Solvent,0.4978,,OC1=NCCC1,Solvent,0.5022,,1.8842476472637557,0.0026,,,10.1021/je801006q
440,442,298.15,101.0,Liquid,2,CCCCO,Solvent,0.7548,,OC1=NCCC1,Solvent,0.2452,,1.602679139872281,0.00265,,,10.1021/je801006q
441,443,298.15,101.0,Liquid,2,CN(C)CCO,Solvent,0.2962,,CO,Solvent,0.7038,,,,0.16946014370485207,0.00014,10.1016/j.tca.2014.03.038
442,444,298.15,101.0,Liquid,2,CN(C)CCO,Solvent,0.502,,CO,Solvent,0.498,,,,0.1287796260762793,0.000155,10.1016/j.tca.2014.03.038
443,445,298.15,101.0,Liquid,2,CN(C)CCO,Solvent,0.7075,,CO,Solvent,0.2925,,,,0.14455107171235668,0.00017,10.1016/j.tca.2014.03.038
444,446,298.2,100.0,Liquid,2,CN(C)CCO,Solvent,0.7506,,CO,Solvent,0.2494,,-0.6551206452245566,0.00585,,,10.1021/je800334m
445,447,298.2,100.0,Liquid,2,CN(C)CCO,Solvent,0.2479,,CO,Solvent,0.7521,,-1.143862605285202,0.0087,,,10.1021/je800334m
446,448,298.2,100.0,Liquid,2,CN(C)CCO,Solvent,0.4972,,CO,Solvent,0.5028,,-1.131112965112031,0.00935,,,10.1021/je800334m
447,449,298.15,101.0,Liquid,2,C1CCCCC1,Solvent,0.7543,,CCCCCC,Solvent,0.2457,,,,0.007727635753828924,0.00065,10.1007/s10765-005-5572-8
448,450,298.15,101.0,Liquid,2,C1CCCCC1,Solvent,0.4793,,CCCCCC,Solvent,0.5207,,,,0.00727210312782064,0.001555,10.1016/j.jct.2005.02.006
449,451,298.15,101.0,Liquid,2,C1CCCCC1,Solvent,0.2343,,CCCCCC,Solvent,0.7657,,,,0.006849192984800277,0.001655,10.1016/j.jct.2005.02.006
450,452,298.15,101.0,Liquid,2,C1CCCCC1,Solvent,0.219,,CCCCCC,Solvent,0.781,,-0.043391692190297704,0.00105,,,10.1016/j.jct.2008.12.004
451,453,298.15,101.0,Liquid,2,C1CCCCC1,Solvent,0.7255,,CCCCCC,Solvent,0.2745,,0.0075095992269638145,0.00145,,,10.1016/j.jct.2008.12.004
452,454,298.15,101.0,Liquid,2,C1CCCCC1,Solvent,0.4832,,CCCCCC,Solvent,0.5168,,-0.001638919037532105,0.00155,,,10.1016/j.jct.2008.12.004
453,455,298.15,101.0,Liquid,2,CC(C)OC(C)C,Solvent,0.2004,,Cc1ccccc1,Solvent,0.7996,,,,0.020026087497401802,0.00014,10.1016/j.fluid.2008.06.019
454,456,298.15,101.0,Liquid,2,CC(C)OC(C)C,Solvent,0.7004,,Cc1ccccc1,Solvent,0.2996,,,,0.019551870775469535,0.000155,10.1016/j.fluid.2008.06.019
455,457,298.15,101.0,Liquid,2,CC(C)OC(C)C,Solvent,0.5003,,Cc1ccccc1,Solvent,0.4997,,,,0.019817651835632145,0.000155,10.1016/j.fluid.2008.06.019
456,458,303.15,101.0,Liquid,2,CC(C)OC(C)C,Solvent,0.752,,Cc1ccccc1,Solvent,0.248,,0.008055758760406206,0.00505,,,10.1016/j.fluid.2007.03.017
457,459,303.15,101.0,Liquid,2,CC(C)OC(C)C,Solvent,0.455,,Cc1ccccc1,Solvent,0.545,,0.03514586385877294,0.0051,,,10.1016/j.fluid.2007.03.017
458,460,303.15,101.0,Liquid,2,CC(C)OC(C)C,Solvent,0.228,,Cc1ccccc1,Solvent,0.772,,0.033455705462358765,0.00515,,,10.1016/j.fluid.2007.03.017
459,461,298.15,101.0,Liquid,2,CCCCC,Solvent,0.7475,,CCCOC=O,Solvent,0.2525,,,,0.008988145788299418,0.00018,10.1016/j.fluid.2013.11.026
460,462,298.15,101.0,Liquid,2,CCCCC,Solvent,0.5118,,CCCOC=O,Solvent,0.4882,,,,0.027089754455749706,0.000275,10.1016/j.fluid.2013.11.026
461,463,291.15,101.0,Liquid,2,CCCCC,Solvent,0.181,,CCCOC=O,Solvent,0.819,,,,0.023858791364080655,0.00055,10.1016/j.fluid.2013.11.026
462,464,291.15,101.0,Liquid,2,CCCCC,Solvent,0.181,,CCCOC=O,Solvent,0.819,,0.23632718796653762,0.0025,,,10.1016/j.fluid.2013.11.026
463,465,298.15,101.0,Liquid,2,CCCCC,Solvent,0.7294,,CCCOC=O,Solvent,0.2706,,-0.14580084415793237,0.004,,,10.1016/j.fluid.2013.11.026
464,466,298.15,101.0,Liquid,2,CCCCC,Solvent,0.5095,,CCCOC=O,Solvent,0.4905,,-0.5845546161215935,0.0045,,,10.1016/j.fluid.2013.11.026
465,467,298.15,101.0,Liquid,2,Cc1ccccc1N,Solvent,0.7571,,Cc1ccccn1,Solvent,0.2429,,,,0.039330969483560754,0.000169,10.1016/j.jct.2010.12.028
466,468,298.15,101.0,Liquid,2,Cc1ccccc1N,Solvent,0.5146,,Cc1ccccn1,Solvent,0.4854,,,,0.0325679412728868,0.0002315,10.1016/j.jct.2010.12.028
467,469,298.15,101.0,Liquid,2,Cc1ccccc1N,Solvent,0.2557,,Cc1ccccn1,Solvent,0.7443,,,,0.026032761799958858,0.000307,10.1016/j.jct.2010.12.028
468,470,308.15,101.0,Liquid,2,Cc1ccccc1N,Solvent,0.7821,,Cc1ccccn1,Solvent,0.2179,,-3.2096683245027933,0.01775,,,10.1016/j.jct.2010.12.028
469,471,308.15,101.0,Liquid,2,Cc1ccccc1N,Solvent,0.2736,,Cc1ccccn1,Solvent,0.7264,,-1.7879619093392876,0.0254,,,10.1016/j.jct.2010.12.028
470,472,308.15,101.0,Liquid,2,Cc1ccccc1N,Solvent,0.4882,,Cc1ccccn1,Solvent,0.5118,,-3.1231402942797857,0.0305,,,10.1016/j.jct.2010.12.028
471,473,298.15,101.0,Liquid,2,C1CCNCC1,Solvent,0.25,,O,Solvent,0.75,,,,0.6853006374523689,0.000185,10.1016/j.jct.2007.05.009
472,474,298.15,101.0,Liquid,2,C1CCNCC1,Solvent,0.5,,O,Solvent,0.5,,,,0.04274869839926792,0.000235,10.1016/j.jct.2007.05.009
473,475,298.15,101.0,Liquid,2,C1CCNCC1,Solvent,0.75,,O,Solvent,0.25,,,,0.030974826616853378,0.000285,10.1016/j.jct.2007.05.009
474,476,297.15,101.0,Liquid,2,C1CCNCC1,Solvent,0.75,,O,Solvent,0.25,,-3.8006478641538877,0.02995,,,10.1016/j.fluid.2009.10.018
475,477,297.15,101.0,Liquid,2,C1CCNCC1,Solvent,0.25,,O,Solvent,0.75,,-4.709061277843608,0.04065,,,10.1016/j.fluid.2009.10.018
476,478,297.15,101.0,Liquid,2,C1CCNCC1,Solvent,0.5,,O,Solvent,0.5,,-3.7514902441778837,0.04355,,,10.1016/j.fluid.2009.10.018
477,479,298.15,101.0,Liquid,2,CNC=O,Solvent,0.2756,,Cc1ccccc1N,Solvent,0.7244,,,,0.45350140634121966,0.000177,10.1016/j.tca.2011.06.020
478,480,298.15,101.0,Liquid,2,CNC=O,Solvent,0.5198,,Cc1ccccc1N,Solvent,0.4802,,,,0.6744542105699473,0.000245,10.1016/j.tca.2011.06.020
479,481,308.15,101.0,Liquid,2,CNC=O,Solvent,0.7211,,Cc1ccccc1N,Solvent,0.2789,,,,0.6446216346447837,0.00031,10.1016/j.tca.2011.06.020
480,482,308.15,101.0,Liquid,2,CNC=O,Solvent,0.2174,,Cc1ccccc1N,Solvent,0.7826,,-7.566512409411246,0.0044,,,10.1016/j.tca.2011.06.020
481,483,308.15,101.0,Liquid,2,CNC=O,Solvent,0.7214,,Cc1ccccc1N,Solvent,0.2786,,-8.287773375017267,0.0072,,,10.1016/j.tca.2011.06.020
482,484,308.15,101.0,Liquid,2,CNC=O,Solvent,0.5189,,Cc1ccccc1N,Solvent,0.4811,,-10.610854271862614,0.00815,,,10.1016/j.tca.2011.06.020
483,485,298.15,100.0,Liquid,2,CN1CCCC1=O,Solvent,0.7037,,ClCCCl,Solvent,0.2963,,,,0.023485980204119593,0.0002,10.1021/je7003758
484,486,298.15,100.0,Liquid,2,CN1CCCC1=O,Solvent,0.4975,,ClCCCl,Solvent,0.5025,,,,0.02184156225749603,0.0002,10.1021/je7003758
485,487,298.15,100.0,Liquid,2,CN1CCCC1=O,Solvent,0.2025,,ClCCCl,Solvent,0.7975,,,,0.019595796014519815,0.00025,10.1021/je7003758
486,488,298.15,101.0,Liquid,2,CN1CCCC1=O,Solvent,0.5,,ClCCCl,Solvent,0.5,,-0.027254892213846915,0.0055,,,10.1016/j.jct.2008.01.024
487,489,298.15,101.3,Liquid,2,CN1CCCC1=O,Solvent,0.2531,,ClCCCl,Solvent,0.7469,,0.0971006012772122,0.01525,,,10.1021/je020065c
488,490,298.15,101.3,Liquid,2,CN1CCCC1=O,Solvent,0.7367,,ClCCCl,Solvent,0.2633,,-0.1266882784203176,0.01605,,,10.1021/je020065c
489,491,298.15,101.0,Liquid,2,CC(C)CO,Solvent,0.2874,,OC1=NCCC1,Solvent,0.7126,,,,0.02817046829079215,0.000155,10.1021/je801006q
490,492,298.15,101.0,Liquid,2,CC(C)CO,Solvent,0.4894,,OC1=NCCC1,Solvent,0.5106,,,,0.03827978383205666,0.00017,10.1021/je801006q
491,493,298.15,101.0,Liquid,2,CC(C)CO,Solvent,0.7622,,OC1=NCCC1,Solvent,0.2378,,,,0.041290720456445364,0.000205,10.1021/je801006q
492,494,298.15,101.0,Liquid,2,CC(C)CO,Solvent,0.2598,,OC1=NCCC1,Solvent,0.7402,,1.5596298750779312,0.00205,,,10.1021/je801006q
493,495,298.15,101.0,Liquid,2,CC(C)CO,Solvent,0.4978,,OC1=NCCC1,Solvent,0.5022,,2.864287616357835,0.0031,,,10.1021/je801006q
494,496,298.15,101.0,Liquid,2,CC(C)CO,Solvent,0.7549,,OC1=NCCC1,Solvent,0.2451,,1.5005567542129992,0.0033,,,10.1021/je801006q
495,497,298.15,100.0,Liquid,2,CCCCCCCl,Solvent,0.4993,,CN1CCCC1=O,Solvent,0.5007,,,,0.02173043281590667,0.0002,10.1021/je7003758
496,498,298.15,100.0,Liquid,2,CCCCCCCl,Solvent,0.2984,,CN1CCCC1=O,Solvent,0.7016,,,,0.02329751227761522,0.0002,10.1021/je7003758
497,499,298.15,100.0,Liquid,2,CCCCCCCl,Solvent,0.8012,,CN1CCCC1=O,Solvent,0.1988,,,,0.017014552782010663,0.0003,10.1021/je7003758
498,500,298.15,101.0,Liquid,2,CCCCCCCl,Solvent,0.497,,CN1CCCC1=O,Solvent,0.503,,0.6524135943579381,0.0025,,,10.1016/j.jct.2008.01.024
499,501,298.15,101.0,Liquid,2,CCCCCCCl,Solvent,0.79,,CN1CCCC1=O,Solvent,0.21,,0.31690029980599377,0.0025,,,10.1016/j.jct.2008.01.024
500,502,298.15,101.0,Liquid,2,CCCCCCCl,Solvent,0.203,,CN1CCCC1=O,Solvent,0.797,,0.3523028308545548,0.0025,,,10.1016/j.jct.2008.01.024
501,503,298.15,101.0,Liquid,2,CC(C)(C)O,Solvent,0.2764,,OC1=NCCC1,Solvent,0.7236,,,,0.02928098236350541,0.000155,10.1021/je801006q
502,504,298.15,101.0,Liquid,2,CC(C)(C)O,Solvent,0.4997,,OC1=NCCC1,Solvent,0.5003,,,,0.03855754266415383,0.00018,10.1021/je801006q
503,505,298.15,101.0,Liquid,2,CC(C)(C)O,Solvent,0.7511,,OC1=NCCC1,Solvent,0.2489,,,,0.03045224008120474,0.000215,10.1021/je801006q
504,506,298.15,101.0,Liquid,2,CC(C)(C)O,Solvent,0.2578,,OC1=NCCC1,Solvent,0.7422,,0.5766167864627363,0.0032,,,10.1021/je801006q
505,507,298.15,101.0,Liquid,2,CC(C)(C)O,Solvent,0.7449,,OC1=NCCC1,Solvent,0.2551,,0.2886374473820581,0.00415,,,10.1021/je801006q
506,508,298.15,101.0,Liquid,2,CC(C)(C)O,Solvent,0.5057,,OC1=NCCC1,Solvent,0.4943,,0.7544605550954628,0.0047,,,10.1021/je801006q
507,509,298.15,101.0,Liquid,2,C1CCOCC1,Solvent,0.2297,,Cc1ccccc1N,Solvent,0.7703,,,,0.033627618862074146,0.000164,10.1016/j.tca.2011.06.020
508,510,298.15,101.0,Liquid,2,C1CCOCC1,Solvent,0.4986,,Cc1ccccc1N,Solvent,0.5014,,,,0.025596762967323217,0.0002275,10.1016/j.tca.2011.06.020
509,511,298.15,101.0,Liquid,2,C1CCOCC1,Solvent,0.7279,,Cc1ccccc1N,Solvent,0.2721,,,,0.020979705788679553,0.000285,10.1016/j.tca.2011.06.020
510,512,308.15,101.0,Liquid,2,C1CCOCC1,Solvent,0.2379,,Cc1ccccc1N,Solvent,0.7621,,0.5474476434369775,0.004,,,10.1021/je1005196
511,513,308.15,101.0,Liquid,2,C1CCOCC1,Solvent,0.741,,Cc1ccccc1N,Solvent,0.259,,0.7597443959216363,0.0053,,,10.1021/je1005196
512,514,308.15,101.0,Liquid,2,C1CCOCC1,Solvent,0.4901,,Cc1ccccc1N,Solvent,0.5099,,1.3288060304857723,0.0062,,,10.1021/je1005196
513,515,298.15,101.0,Liquid,2,CCOC=O,Solvent,0.2317,,ClCCCl,Solvent,0.7683,,,,0.018659929982410853,0.00033,10.1016/j.jct.2006.10.008
514,516,298.15,101.325,Liquid,2,CCOC=O,Solvent,0.5246,,ClCCCl,Solvent,0.4754,,,,0.022413155350515978,0.000525,10.1016/j.jct.2005.03.020
515,517,298.15,101.325,Liquid,2,CCOC=O,Solvent,0.758,,ClCCCl,Solvent,0.242,,,,0.035447886935633006,0.00062,10.1016/j.jct.2005.03.020
516,518,298.15,101.0,Liquid,2,CCOC=O,Solvent,0.2551,,ClCCCl,Solvent,0.7449,,0.7638053302746926,0.00095,,,10.1016/j.jct.2006.10.008
517,519,298.15,101.0,Liquid,2,CCOC=O,Solvent,0.7374,,ClCCCl,Solvent,0.2626,,-0.10954754578242998,0.0012,,,10.1016/j.jct.2006.10.008
518,520,298.15,101.0,Liquid,2,CCOC=O,Solvent,0.5094,,ClCCCl,Solvent,0.4906,,0.9367630599181993,0.00135,,,10.1016/j.jct.2006.10.008
519,521,298.15,101.0,Liquid,2,C1CCOCC1,Solvent,0.2536,,Cc1ccncc1,Solvent,0.7464,,,,0.02120115971912494,0.0002125,10.1016/j.tca.2011.02.002
520,522,298.15,101.0,Liquid,2,C1CCOCC1,Solvent,0.4913,,Cc1ccncc1,Solvent,0.5087,,,,0.022939900872074113,0.0002825,10.1016/j.tca.2011.02.002
521,523,308.15,101.0,Liquid,2,C1CCOCC1,Solvent,0.8263,,Cc1ccncc1,Solvent,0.1737,,,,0.019828810591172422,0.000387,10.1016/j.tca.2011.02.002
522,524,308.15,101.0,Liquid,2,C1CCOCC1,Solvent,0.8262,,Cc1ccncc1,Solvent,0.1738,,-0.0022438897156007442,0.001,,,10.1016/j.tca.2011.02.002
523,525,308.15,101.0,Liquid,2,C1CCOCC1,Solvent,0.2416,,Cc1ccncc1,Solvent,0.7584,,0.09803319913119121,0.001,,,10.1016/j.tca.2011.02.002
524,526,308.15,101.0,Liquid,2,C1CCOCC1,Solvent,0.4834,,Cc1ccncc1,Solvent,0.5166,,-0.0748366590832319,0.00135,,,10.1016/j.tca.2011.02.002
525,527,298.15,101.0,Liquid,2,COC=O,Solvent,0.753,,ClCCCl,Solvent,0.247,,,,0.022907926851779625,0.000205,10.1016/j.jct.2006.10.008
526,528,298.15,101.0,Liquid,2,COC=O,Solvent,0.4725,,ClCCCl,Solvent,0.5275,,,,0.03233433912876495,0.000285,10.1016/j.jct.2006.10.008
527,529,298.15,101.0,Liquid,2,COC=O,Solvent,0.2795,,ClCCCl,Solvent,0.7205,,,,0.02098244508956287,0.00034,10.1016/j.jct.2006.10.008
528,530,298.15,101.0,Liquid,2,COC=O,Solvent,0.7322,,ClCCCl,Solvent,0.2678,,1.8630840585537918,0.00065,,,10.1016/j.jct.2006.10.008
529,531,298.15,101.0,Liquid,2,COC=O,Solvent,0.2508,,ClCCCl,Solvent,0.7492,,1.1396466441999067,0.0007,,,10.1016/j.jct.2006.10.008
530,532,298.15,101.0,Liquid,2,COC=O,Solvent,0.4874,,ClCCCl,Solvent,0.5126,,1.0523825693479445,0.0008,,,10.1016/j.jct.2006.10.008
531,533,298.15,101.0,Liquid,2,CC(=O)c1ccccc1,Solvent,0.7561,,CC(C)O,Solvent,0.2439,,,,0.031874443615819176,0.000175,10.1021/je9005823
532,534,298.15,101.0,Liquid,2,CC(=O)c1ccccc1,Solvent,0.5345,,CC(C)O,Solvent,0.4655,,,,0.028210088965715387,0.0002,10.1021/je9005823
533,535,298.15,101.0,Liquid,2,CC(=O)c1ccccc1,Solvent,0.2517,,CC(C)O,Solvent,0.7483,,,,0.03327580468594771,0.000245,10.1021/je9005823
534,536,298.15,100.0,Liquid,2,CC(=O)c1ccccc1,Solvent,0.2001,,CC(C)O,Solvent,0.7999,,1.3147488160515728,0.0124,,,10.1021/je7006633
535,537,298.15,100.0,Liquid,2,CC(=O)c1ccccc1,Solvent,0.7006,,CC(C)O,Solvent,0.2994,,2.2916889839327084,0.01485,,,10.1021/je7006633
536,538,298.15,100.0,Liquid,2,CC(=O)c1ccccc1,Solvent,0.4996,,CC(C)O,Solvent,0.5004,,2.5925127370109493,0.0169,,,10.1021/je7006633
537,539,298.15,101.0,Liquid,2,COC=O,Solvent,0.7384,,ClCCCCl,Solvent,0.2616,,,,0.023861480511567387,0.0002,10.1016/j.jct.2006.10.008
538,540,298.15,101.0,Liquid,2,COC=O,Solvent,0.5138,,ClCCCCl,Solvent,0.4862,,,,0.022112710159428638,0.00025,10.1016/j.jct.2006.10.008
539,541,298.15,101.0,Liquid,2,COC=O,Solvent,0.244,,ClCCCCl,Solvent,0.756,,,,0.01950410499456872,0.0003,10.1016/j.jct.2006.10.008
540,542,298.15,101.0,Liquid,2,COC=O,Solvent,0.2024,,ClCCCCl,Solvent,0.7976,,1.0894175286114702,0.0012,,,10.1016/j.jct.2006.10.008
541,543,298.15,101.0,Liquid,2,COC=O,Solvent,0.7674,,ClCCCCl,Solvent,0.2326,,1.755642752259444,0.0015,,,10.1016/j.jct.2006.10.008
542,544,298.15,101.0,Liquid,2,COC=O,Solvent,0.5024,,ClCCCCl,Solvent,0.4976,,1.8531188412675874,0.00175,,,10.1016/j.jct.2006.10.008
543,545,298.15,101.0,Liquid,2,O,Solvent,0.4994,,OCCOCCO,Solvent,0.5006,,,,1.0761600388942827,0.00026,10.1021/je700672f
544,546,298.15,101.0,Liquid,2,O,Solvent,0.2997,,OCCOCCO,Solvent,0.7003,,,,1.0245570682762404,0.000285,10.1021/je700672f
545,547,298.15,101.0,Liquid,2,O,Solvent,0.699,,OCCOCCO,Solvent,0.301,,,,1.1875770400429333,0.000305,10.1021/je700672f
546,548,298.15,101.0,Liquid,2,O,Solvent,0.2094,,OCCOCCO,Solvent,0.7906,,-2.989294585504311,0.003,,,10.1016/j.tca.2009.06.004
547,549,298.15,101.0,Liquid,2,O,Solvent,0.499,,OCCOCCO,Solvent,0.501,,-6.55166115060627,0.0065,,,10.1021/je400158p
548,550,298.15,101.0,Liquid,2,O,Solvent,0.6996,,OCCOCCO,Solvent,0.3004,,-7.154615082980925,0.0065,,,10.1016/j.tca.2009.06.004
549,551,298.15,101.0,Liquid,2,C1CCOCC1,Solvent,0.2415,,c1ccncc1,Solvent,0.7585,,,,0.03282742351200625,0.000212,10.1016/j.tca.2011.02.002
550,552,308.15,101.0,Liquid,2,C1CCOCC1,Solvent,0.5364,,c1ccncc1,Solvent,0.4636,,,,0.02023169251866624,0.0002965,10.1016/j.tca.2011.02.002
551,553,308.15,101.0,Liquid,2,C1CCOCC1,Solvent,0.7336,,c1ccncc1,Solvent,0.2664,,,,0.01946759781438591,0.000358,10.1016/j.tca.2011.02.002
552,554,308.15,101.0,Liquid,2,C1CCOCC1,Solvent,0.2915,,c1ccncc1,Solvent,0.7085,,0.03088112059035808,0.00095,,,10.1016/j.tca.2011.02.002
553,555,308.15,101.0,Liquid,2,C1CCOCC1,Solvent,0.5363,,c1ccncc1,Solvent,0.4637,,0.3020695714088717,0.0013,,,10.1016/j.tca.2011.02.002
554,556,308.15,101.0,Liquid,2,C1CCOCC1,Solvent,0.7344,,c1ccncc1,Solvent,0.2656,,0.1551570010000063,0.0013,,,10.1016/j.tca.2011.02.002
555,557,298.15,101.0,Liquid,2,C=CCCCC,Solvent,0.1503,,CCCO,Solvent,0.8497,,,,0.028445164787357827,0.0001845,10.1021/je100595s
556,558,298.15,101.0,Liquid,2,C=CCCCC,Solvent,0.4991,,CCCO,Solvent,0.5009,,,,0.014789544456613853,0.0002145,10.1021/je100595s
557,559,298.15,101.0,Liquid,2,C=CCCCC,Solvent,0.7456,,CCCO,Solvent,0.2544,,,,0.013781378888263291,0.0002305,10.1021/je100595s
558,560,298.15,101.0,Liquid,2,C=CCCCC,Solvent,0.1501,,CCCO,Solvent,0.8499,,0.297457252040358,0.005,,,10.1021/je5004912
559,561,298.15,101.0,Liquid,2,C=CCCCC,Solvent,0.5001,,CCCO,Solvent,0.4999,,1.1452197987259254,0.0055,,,10.1021/je5004912
560,562,298.15,101.0,Liquid,2,C=CCCCC,Solvent,0.75,,CCCO,Solvent,0.25,,1.6056343017067434,0.006,,,10.1021/je5004912
561,563,298.15,101.0,Liquid,2,CC(=O)CC(C)C,Solvent,0.5008,,CCC(C)(C)O,Solvent,0.4992,,,,0.0242359745249455,0.00018,10.1021/je300678r
562,564,298.15,101.0,Liquid,2,CC(=O)CC(C)C,Solvent,0.7009,,CCC(C)(C)O,Solvent,0.2991,,,,0.023197484694672896,0.00018,10.1021/je300678r
563,565,298.15,101.0,Liquid,2,CC(=O)CC(C)C,Solvent,0.2017,,CCC(C)(C)O,Solvent,0.7983,,,,0.028771393564215483,0.00019,10.1021/je300678r
564,566,298.15,101.0,Liquid,2,CC(=O)CC(C)C,Solvent,0.2017,,CCC(C)(C)O,Solvent,0.7983,,-2.7148115831293342,0.01135,,,10.1021/je300678r
565,567,298.15,101.0,Liquid,2,CC(=O)CC(C)C,Solvent,0.7009,,CCC(C)(C)O,Solvent,0.2991,,-0.317153320407499,0.0164,,,10.1021/je300678r
566,568,298.15,101.0,Liquid,2,CC(=O)CC(C)C,Solvent,0.5008,,CCC(C)(C)O,Solvent,0.4992,,-1.6681300907681162,0.0185,,,10.1021/je300678r
567,569,298.15,101.325,Liquid,2,COC(F)(F)C(F)(F)C(F)(F)C(F)(F)F,Solvent,0.19989,,COCCOCCO,Solvent,0.80011,,,,0.05057509367381765,0.00024,10.1016/j.jct.2005.02.011
568,570,298.15,101.325,Liquid,2,COC(F)(F)C(F)(F)C(F)(F)C(F)(F)F,Solvent,0.39955,,COCCOCCO,Solvent,0.60045,,,,0.052617891958238065,0.000355,10.1016/j.jct.2005.02.011
569,571,298.15,101.325,Liquid,2,COC(F)(F)C(F)(F)C(F)(F)C(F)(F)F,Solvent,0.79984,,COCCOCCO,Solvent,0.20016,,,,0.039102606744507454,0.000525,10.1016/j.jct.2005.02.011
570,572,298.15,101.325,Liquid,2,COC(F)(F)C(F)(F)C(F)(F)C(F)(F)F,Solvent,0.20021,,COCCOCCO,Solvent,0.79979,,3.1759882688170364,0.0036,,,10.1016/j.jct.2005.02.011
571,573,298.15,101.325,Liquid,2,COC(F)(F)C(F)(F)C(F)(F)C(F)(F)F,Solvent,0.80021,,COCCOCCO,Solvent,0.19979,,3.253551184188467,0.00385,,,10.1016/j.jct.2005.02.011
572,574,298.15,101.325,Liquid,2,COC(F)(F)C(F)(F)C(F)(F)C(F)(F)F,Solvent,0.40032,,COCCOCCO,Solvent,0.59968,,4.192124068624736,0.00405,,,10.1016/j.jct.2005.02.011
573,575,298.15,101.3,Liquid,2,CCCOC(=O)CC,Solvent,0.2747,,Cc1ccccc1,Solvent,0.7253,,,,0.021517648982774373,0.00018,10.1016/j.jct.2006.08.011
574,576,298.15,101.3,Liquid,2,CCCOC(=O)CC,Solvent,0.4907,,Cc1ccccc1,Solvent,0.5093,,,,0.022516863032525494,0.00019,10.1016/j.jct.2006.08.011
575,577,298.15,101.3,Liquid,2,CCCOC(=O)CC,Solvent,0.7346,,Cc1ccccc1,Solvent,0.2654,,,,0.023568813103529648,0.00021,10.1016/j.jct.2006.08.011
576,578,298.15,101.0,Liquid,2,CCCOC(=O)CC,Solvent,0.7394,,Cc1ccccc1,Solvent,0.2606,,-0.009069730409834165,0.0033,,,10.1016/j.jct.2006.08.011
577,579,298.15,101.0,Liquid,2,CCCOC(=O)CC,Solvent,0.2389,,Cc1ccccc1,Solvent,0.7611,,0.05631939740995051,0.0037,,,10.1016/j.jct.2006.08.011
578,580,298.15,101.0,Liquid,2,CCCOC(=O)CC,Solvent,0.5486,,Cc1ccccc1,Solvent,0.4514,,-0.07939802239675231,0.004,,,10.1016/j.jct.2006.08.011
579,581,298.15,101.31,Liquid,2,CCCCOC(C)=O,Solvent,0.2934,,c1ccccc1,Solvent,0.7066,,,,0.023837757482764687,0.00021,10.1021/je800915d
580,582,298.15,101.31,Liquid,2,CCCCOC(C)=O,Solvent,0.5044,,c1ccccc1,Solvent,0.4956,,,,0.022081279730772643,0.000265,10.1021/je800915d
581,583,298.15,101.31,Liquid,2,CCCCOC(C)=O,Solvent,0.7105,,c1ccccc1,Solvent,0.2895,,,,0.023848207226357474,0.000335,10.1021/je800915d
582,584,308.15,101.3,Liquid,2,CCCCOC(C)=O,Solvent,0.2523,,c1ccccc1,Solvent,0.7477,,-0.025261268617654764,0.0009,,,10.1016/j.fluid.2005.06.011
583,585,308.15,101.3,Liquid,2,CCCCOC(C)=O,Solvent,0.4958,,c1ccccc1,Solvent,0.5042,,-0.028553075530020067,0.001,,,10.1016/j.fluid.2005.06.011
584,586,308.15,101.3,Liquid,2,CCCCOC(C)=O,Solvent,0.7714,,c1ccccc1,Solvent,0.2286,,0.07345806235764485,0.001,,,10.1016/j.fluid.2005.06.011
585,587,298.15,101.3,Liquid,2,O,Solvent,0.892217,,OCCN(CCO)CCO,Solvent,0.107783,,,,1.1726759246794873,0.000194,10.1021/je050463q
586,588,303.15,100.0,Liquid,2,O,Solvent,0.29,,OCCN(CCO)CCO,Solvent,0.71,,-6.565268532858553,0.009,,,10.1016/j.jct.2015.04.030
587,589,303.15,100.0,Liquid,2,O,Solvent,0.5098,,OCCN(CCO)CCO,Solvent,0.4902,,-10.49798213861748,0.013,,,10.1016/j.jct.2015.04.030
588,590,303.15,100.0,Liquid,2,O,Solvent,0.7937,,OCCN(CCO)CCO,Solvent,0.2063,,-10.97948361202482,0.014,,,10.1016/j.jct.2015.04.030
589,591,298.15,101.0,Liquid,2,c1cc[nH]c1,Solvent,0.503,,c1ccccc1,Solvent,0.497,,,,0.026528758169231354,0.00019,10.1021/je100526j
590,592,298.15,101.0,Liquid,2,c1cc[nH]c1,Solvent,0.3142,,c1ccccc1,Solvent,0.6858,,,,0.025110754450652296,0.000195,10.1021/je100526j
591,593,298.15,101.0,Liquid,2,c1cc[nH]c1,Solvent,0.8207,,c1ccccc1,Solvent,0.1793,,,,0.03094688921707255,0.000195,10.1021/je100526j
592,594,298.15,101.0,Liquid,2,c1cc[nH]c1,Solvent,0.8208,,c1ccccc1,Solvent,0.1792,,0.45061401179714267,0.00245,,,10.1016/j.fluid.2013.10.029
593,595,298.15,101.0,Liquid,2,c1cc[nH]c1,Solvent,0.314,,c1ccccc1,Solvent,0.686,,1.0837589535779557,0.00385,,,10.1016/j.fluid.2013.10.029
594,596,298.15,101.0,Liquid,2,c1cc[nH]c1,Solvent,0.494,,c1ccccc1,Solvent,0.506,,1.1166163077638913,0.00395,,,10.1016/j.fluid.2013.10.029
595,597,298.15,101.0,Liquid,2,CCCOC(=O)CC,Solvent,0.7316,,ClCCCl,Solvent,0.2684,,,,0.022986486690179705,0.00041,10.1016/j.jct.2008.10.007
596,598,298.15,101.0,Liquid,2,CCCOC(=O)CC,Solvent,0.5188,,ClCCCl,Solvent,0.4812,,,,0.02157666464072675,0.000905,10.1016/j.jct.2008.10.007
597,599,298.15,101.0,Liquid,2,CCCOC(=O)CC,Solvent,0.2437,,ClCCCl,Solvent,0.7563,,,,0.01976575787023666,0.002155,10.1016/j.jct.2008.10.007
598,600,298.15,101.0,Liquid,2,CCCOC(=O)CC,Solvent,0.2376,,ClCCCl,Solvent,0.7624,,0.0010438618145869327,0.0035,,,10.1016/j.jct.2008.10.007
599,601,298.15,101.0,Liquid,2,CCCOC(=O)CC,Solvent,0.7874,,ClCCCl,Solvent,0.2126,,-0.0744219547545768,0.004,,,10.1016/j.jct.2008.10.007
600,602,298.15,101.0,Liquid,2,CCCOC(=O)CC,Solvent,0.5177,,ClCCCl,Solvent,0.4823,,-0.16803625227336028,0.006,,,10.1016/j.jct.2008.10.007
601,603,298.15,101.3,Liquid,2,Clc1ccccc1,Solvent,0.7358,,c1ccccc1,Solvent,0.2642,,,,0.021441118376744547,0.0002,10.1021/je030130y
602,604,298.15,101.3,Liquid,2,Clc1ccccc1,Solvent,0.2931,,c1ccccc1,Solvent,0.7069,,,,0.022810461900449823,0.00025,10.1021/je030130y
603,605,298.15,101.3,Liquid,2,Clc1ccccc1,Solvent,0.4679,,c1ccccc1,Solvent,0.5321,,,,0.02022867584235963,0.00025,10.1021/je030130y
604,606,298.15,101.3,Liquid,2,Clc1ccccc1,Solvent,0.7777,,c1ccccc1,Solvent,0.2223,,-0.018641411075222436,0.0004,,,10.1021/je7002447
605,607,298.15,101.3,Liquid,2,Clc1ccccc1,Solvent,0.4666,,c1ccccc1,Solvent,0.5334,,-0.01341693163202251,0.0004,,,10.1021/je7002447
606,608,298.15,101.3,Liquid,2,Clc1ccccc1,Solvent,0.2258,,c1ccccc1,Solvent,0.7742,,0.03469848507255335,0.0004,,,10.1021/je7002447
607,609,293.15,101.0,Liquid,2,C=C(C)[C@H]1CC=C(C)CC1,Solvent,0.2635,,CCCCCO,Solvent,0.7365,,,,0.026470739162283412,0.0002,10.1016/j.fluid.2010.03.001
608,610,293.15,101.0,Liquid,2,C=C(C)[C@H]1CC=C(C)CC1,Solvent,0.5435,,CCCCCO,Solvent,0.4565,,,,0.021783109453962765,0.0003,10.1016/j.fluid.2010.03.001
609,611,293.15,101.0,Liquid,2,C=C(C)[C@H]1CC=C(C)CC1,Solvent,0.7252,,CCCCCO,Solvent,0.2748,,,,0.021519064591730804,0.00035,10.1016/j.fluid.2010.03.001
610,612,303.0,101.0,Liquid,2,C=C(C)[C@H]1CC=C(C)CC1,Solvent,0.272,,CCCCCO,Solvent,0.728,,1.082259727512806,0.0215,,,10.1016/j.fluid.2010.03.001
611,613,303.0,101.0,Liquid,2,C=C(C)[C@H]1CC=C(C)CC1,Solvent,0.766,,CCCCCO,Solvent,0.234,,2.5096855390461315,0.0315,,,10.1016/j.fluid.2010.03.001
612,614,303.0,101.0,Liquid,2,C=C(C)[C@H]1CC=C(C)CC1,Solvent,0.54,,CCCCCO,Solvent,0.46,,2.088693390135205,0.0345,,,10.1016/j.fluid.2010.03.001
613,615,298.15,100.0,Liquid,2,CCCCCCCCCl,Solvent,0.2995,,CN1CCCC1=O,Solvent,0.7005,,,,0.021749410209324485,0.00025,10.1021/je7003758
614,616,298.15,100.0,Liquid,2,CCCCCCCCCl,Solvent,0.4979,,CN1CCCC1=O,Solvent,0.5021,,,,0.02159877557750051,0.00035,10.1021/je7003758
615,617,298.15,100.0,Liquid,2,CCCCCCCCCl,Solvent,0.7986,,CN1CCCC1=O,Solvent,0.2014,,,,0.02018943682169973,0.00055,10.1021/je7003758
616,618,298.15,101.0,Liquid,2,CCCCCCCCCl,Solvent,0.783,,CN1CCCC1=O,Solvent,0.217,,0.33072226193331744,0.003,,,10.1016/j.jct.2008.01.024
617,619,298.15,101.0,Liquid,2,CCCCCCCCCl,Solvent,0.202,,CN1CCCC1=O,Solvent,0.798,,0.32038361930121084,0.0035,,,10.1016/j.jct.2008.01.024
618,620,298.15,101.0,Liquid,2,CCCCCCCCCl,Solvent,0.493,,CN1CCCC1=O,Solvent,0.507,,0.7206932606770522,0.0035,,,10.1016/j.jct.2008.01.024
619,621,298.0,101.0,Liquid,2,CCCCOC(C)=O,Solvent,0.2012,,CCOC(C)=O,Solvent,0.7988,,,,0.02098546056688667,0.0002,10.1021/je400036b
620,622,298.0,101.0,Liquid,2,CCCCOC(C)=O,Solvent,0.5018,,CCOC(C)=O,Solvent,0.4982,,,,0.02310362962266198,0.0002,10.1021/je400036b
621,623,298.0,101.0,Liquid,2,CCCCOC(C)=O,Solvent,0.7007,,CCOC(C)=O,Solvent,0.2993,,,,0.024504408089951177,0.0002,10.1021/je400036b
622,624,298.15,101.0,Liquid,2,CCCCOC(C)=O,Solvent,0.2012,,CCOC(C)=O,Solvent,0.7988,,0.03482502441761781,0.0009,,,10.1021/je400036b
623,625,298.15,101.0,Liquid,2,CCCCOC(C)=O,Solvent,0.7007,,CCOC(C)=O,Solvent,0.2993,,-0.11178474272365735,0.001,,,10.1021/je400036b
624,626,298.15,101.0,Liquid,2,CCCCOC(C)=O,Solvent,0.5018,,CCOC(C)=O,Solvent,0.4982,,0.05876804098838306,0.0012,,,10.1021/je400036b
625,627,298.15,101.0,Liquid,2,CCCOC(=O)CCC,Solvent,0.7087,,ClCCCl,Solvent,0.2913,,,,0.021866626724919323,0.000445,10.1016/j.jct.2008.10.007
626,628,298.15,101.0,Liquid,2,CCCOC(=O)CCC,Solvent,0.4904,,ClCCCl,Solvent,0.5096,,,,0.019903941979359126,0.000965,10.1016/j.jct.2008.10.007
627,629,298.15,101.0,Liquid,2,CCCOC(=O)CCC,Solvent,0.2703,,ClCCCl,Solvent,0.7297,,,,0.020749247868356212,0.00194,10.1016/j.jct.2008.10.007
628,630,298.15,101.0,Liquid,2,CCCOC(=O)CCC,Solvent,0.281,,ClCCCl,Solvent,0.719,,-0.08810909960386937,0.003,,,10.1016/j.jct.2008.10.007
629,631,298.15,101.0,Liquid,2,CCCOC(=O)CCC,Solvent,0.7616,,ClCCCl,Solvent,0.2384,,-0.09381807845652901,0.0035,,,10.1016/j.jct.2008.10.007
630,632,298.15,101.0,Liquid,2,CCCOC(=O)CCC,Solvent,0.5266,,ClCCCl,Solvent,0.4734,,-0.1213829084689877,0.005,,,10.1016/j.jct.2008.10.007
631,633,308.15,101.325,Liquid,2,CC(C)CO,Solvent,0.7937,,CCCCBr,Solvent,0.2063,,,,0.021095124597575,0.00021,10.1021/je0501235
632,634,308.15,101.325,Liquid,2,CC(C)CO,Solvent,0.4989,,CCCCBr,Solvent,0.5011,,,,0.01658240405987159,0.000225,10.1021/je0501235
633,635,308.15,101.325,Liquid,2,CC(C)CO,Solvent,0.2793,,CCCCBr,Solvent,0.7207,,,,0.014539746066302916,0.000305,10.1021/je0501235
634,636,298.15,101.3,Liquid,2,CC(C)CO,Solvent,0.7021,,CCCCBr,Solvent,0.2979,,1.5968642960079649,0.0095,,,10.1021/je020110g
635,637,298.15,101.3,Liquid,2,CC(C)CO,Solvent,0.499,,CCCCBr,Solvent,0.501,,2.5480361151100723,0.013,,,10.1021/je020110g
636,638,298.15,101.3,Liquid,2,CC(C)CO,Solvent,0.2938,,CCCCBr,Solvent,0.7062,,3.2834222525814596,0.0135,,,10.1021/je020110g
637,639,297.71,101.0,Liquid,2,CCC(C)(C)O,Solvent,0.2997,,CCOC(C)(C)CC,Solvent,0.7003,,,,0.021045354403325407,0.0002,10.1021/je300670n
638,640,297.71,101.0,Liquid,2,CCC(C)(C)O,Solvent,0.4987,,CCOC(C)(C)CC,Solvent,0.5013,,,,0.01994795142010223,0.0002,10.1021/je300670n
639,641,297.71,101.0,Liquid,2,CCC(C)(C)O,Solvent,0.7994,,CCOC(C)(C)CC,Solvent,0.2006,,,,0.019752371502269286,0.00025,10.1021/je300670n
640,642,298.15,101.0,Liquid,2,CCC(C)(C)O,Solvent,0.7994,,CCOC(C)(C)CC,Solvent,0.2006,,2.2779770538161106,0.0073,,,10.1021/je300670n
641,643,298.15,101.0,Liquid,2,CCC(C)(C)O,Solvent,0.4987,,CCOC(C)(C)CC,Solvent,0.5013,,4.14174275759855,0.01225,,,10.1021/je300670n
642,644,298.15,101.0,Liquid,2,CCC(C)(C)O,Solvent,0.2997,,CCOC(C)(C)CC,Solvent,0.7003,,4.996338424406147,0.0132,,,10.1021/je300670n
643,645,298.14,101.325,Liquid,2,CN(CCO)CCO,Solvent,0.2571,,O,Solvent,0.7429,,,,1.1020318323224683,0.000221,10.1021/je030120x
644,646,298.15,101.325,Liquid,2,CN(CCO)CCO,Solvent,0.4849,,O,Solvent,0.5151,,,,0.9692148114475766,0.0002475,10.1021/je030120x
645,647,298.15,101.325,Liquid,2,CN(CCO)CCO,Solvent,0.743,,O,Solvent,0.257,,,,0.8842795927135944,0.000286,10.1021/je030120x
646,648,313.15,101.0,Liquid,2,CN(CCO)CCO,Solvent,0.7411,,O,Solvent,0.2589,,-6.36205863553424,0.0125,,,10.1016/j.jct.2015.06.006
647,649,313.15,101.0,Liquid,2,CN(CCO)CCO,Solvent,0.4941,,O,Solvent,0.5059,,-11.18199943736483,0.042,,,10.1016/j.jct.2007.03.010
648,650,313.15,101.0,Liquid,2,CN(CCO)CCO,Solvent,0.2593,,O,Solvent,0.7407,,-10.177202369909573,0.046,,,10.1016/j.jct.2007.03.010
649,651,298.15,101.3,Liquid,2,C1COCO1,Solvent,0.3499,,CCCC(C)=O,Solvent,0.6501,,,,0.02194247970375286,0.00022,10.1021/je034223r
650,652,298.15,101.3,Liquid,2,C1COCO1,Solvent,0.5169,,CCCC(C)=O,Solvent,0.4831,,,,0.03322843359365931,0.00023,10.1021/je034223r
651,653,298.15,101.3,Liquid,2,C1COCO1,Solvent,0.7174,,CCCC(C)=O,Solvent,0.2826,,,,0.02438622332636557,0.000245,10.1021/je034223r
652,654,298.15,101.3,Liquid,2,C1COCO1,Solvent,0.75,,CCCC(C)=O,Solvent,0.25,,-0.004512026372083255,0.00107,,,10.1021/je034223r
653,655,298.15,101.3,Liquid,2,C1COCO1,Solvent,0.35,,CCCC(C)=O,Solvent,0.65,,0.028636471309596345,0.001095,,,10.1021/je034223r
654,656,298.15,101.3,Liquid,2,C1COCO1,Solvent,0.5,,CCCC(C)=O,Solvent,0.5,,-0.6253250885434483,0.00122,,,10.1021/je034223r
655,657,298.15,101.0,Liquid,2,C1CCOCC1,Solvent,0.2361,,CCCC(C)=O,Solvent,0.7639,,,,0.021099521943590688,0.000215,10.1021/je025649t
656,658,298.15,101.0,Liquid,2,C1CCOCC1,Solvent,0.5046,,CCCC(C)=O,Solvent,0.4954,,,,0.02022634574271273,0.00022,10.1021/je025649t
657,659,298.15,101.0,Liquid,2,C1CCOCC1,Solvent,0.7776,,CCCC(C)=O,Solvent,0.2224,,,,0.01939766957378904,0.000225,10.1021/je025649t
658,660,298.15,101.0,Liquid,2,C1CCOCC1,Solvent,0.25,,CCCC(C)=O,Solvent,0.75,,0.11833759854388148,0.00063,,,10.1021/je025649t
659,661,298.15,101.0,Liquid,2,C1CCOCC1,Solvent,0.75,,CCCC(C)=O,Solvent,0.25,,0.17102217865104308,0.000715,,,10.1021/je025649t
660,662,298.15,101.0,Liquid,2,C1CCOCC1,Solvent,0.5,,CCCC(C)=O,Solvent,0.5,,0.1797914131987426,0.000745,,,10.1021/je025649t
661,663,298.15,101.3,Liquid,2,C1COCCO1,Solvent,0.2254,,CCCC(C)=O,Solvent,0.7746,,,,0.023341389787567265,0.00022,10.1021/je034037l
662,664,298.15,101.3,Liquid,2,C1COCCO1,Solvent,0.5122,,CCCC(C)=O,Solvent,0.4878,,,,0.024926708920063358,0.00023,10.1021/je034037l
663,665,298.15,101.3,Liquid,2,C1COCCO1,Solvent,0.7823,,CCCC(C)=O,Solvent,0.2177,,,,0.026261251978087742,0.000245,10.1021/je034037l
664,666,298.15,101.3,Liquid,2,C1COCCO1,Solvent,0.25,,CCCC(C)=O,Solvent,0.75,,-0.010042977145772625,0.001085,,,10.1021/je034037l
665,667,298.15,101.3,Liquid,2,C1COCCO1,Solvent,0.75,,CCCC(C)=O,Solvent,0.25,,0.08737063194912764,0.00135,,,10.1021/je034037l
666,668,298.15,101.3,Liquid,2,C1COCCO1,Solvent,0.5,,CCCC(C)=O,Solvent,0.5,,0.02815948329191542,0.001455,,,10.1021/je034037l
667,669,303.15,101.0,Liquid,2,CN1CCCC1=O,Solvent,0.4815,,Cc1ccccc1,Solvent,0.5185,,,,0.021655393172542597,0.00028,10.1016/j.jct.2006.06.005
668,670,303.15,101.0,Liquid,2,CN1CCCC1=O,Solvent,0.7564,,Cc1ccccc1,Solvent,0.2436,,,,0.02326399269389492,0.00034,10.1016/j.jct.2006.05.006
669,671,293.15,101.0,Liquid,2,CN1CCCC1=O,Solvent,0.2216,,Cc1ccccc1,Solvent,0.7784,,,,0.020991654005148578,0.00076,10.1016/j.jct.2006.05.006
670,672,308.15,101.0,Liquid,2,CN1CCCC1=O,Solvent,0.2231,,Cc1ccccc1,Solvent,0.7769,,0.43401961706693726,0.00215,,,10.1016/j.jct.2010.12.016
671,673,308.15,101.0,Liquid,2,CN1CCCC1=O,Solvent,0.7418,,Cc1ccccc1,Solvent,0.2582,,0.3702207696259876,0.0024,,,10.1016/j.jct.2010.12.016
672,674,308.15,101.0,Liquid,2,CN1CCCC1=O,Solvent,0.4821,,Cc1ccccc1,Solvent,0.5179,,0.47194874869600767,0.0033,,,10.1016/j.jct.2010.12.016
673,675,298.15,101.0,Liquid,2,C1CCCCC1,Solvent,0.2817,,c1cc[nH]c1,Solvent,0.7183,,,,0.027146910819235436,0.00023,10.1021/je100526j
674,676,298.15,101.0,Liquid,2,C1CCCCC1,Solvent,0.4942,,c1cc[nH]c1,Solvent,0.5058,,,,0.02184805503902893,0.000235,10.1021/je100526j
675,677,298.15,101.0,Liquid,2,C1CCCCC1,Solvent,0.9251,,c1cc[nH]c1,Solvent,0.0749,,,,0.009648737585933086,0.00026,10.1021/je100526j
676,678,298.15,101.0,Liquid,2,C1CCCCC1,Solvent,0.9248,,c1cc[nH]c1,Solvent,0.0752,,0.7330173568217333,0.00535,,,10.1016/j.fluid.2013.10.029
677,679,298.15,101.0,Liquid,2,C1CCCCC1,Solvent,0.2818,,c1cc[nH]c1,Solvent,0.7182,,0.2826443747548666,0.00795,,,10.1016/j.fluid.2013.10.029
678,680,298.15,101.0,Liquid,2,C1CCCCC1,Solvent,0.495,,c1cc[nH]c1,Solvent,0.505,,0.6683118487180053,0.00895,,,10.1016/j.fluid.2013.10.029
679,681,303.15,101.0,Liquid,2,C1CCCCC1,Solvent,0.2275,,CN1CCCC1=O,Solvent,0.7725,,,,0.02088264420981032,0.000245,10.1016/j.jct.2006.06.005
680,682,303.15,101.0,Liquid,2,C1CCCCC1,Solvent,0.5409,,CN1CCCC1=O,Solvent,0.4591,,,,0.015580943154723451,0.000335,10.1016/j.jct.2006.06.005
681,683,303.15,101.0,Liquid,2,C1CCCCC1,Solvent,0.7332,,CN1CCCC1=O,Solvent,0.2668,,,,0.014038361795580776,0.0004,10.1016/j.jct.2006.06.005
682,684,308.15,101.0,Liquid,2,C1CCCCC1,Solvent,0.7518,,CN1CCCC1=O,Solvent,0.2482,,0.19945482502025413,0.01285,,,10.1016/j.jct.2010.12.016
683,685,308.15,101.0,Liquid,2,C1CCCCC1,Solvent,0.2789,,CN1CCCC1=O,Solvent,0.7211,,0.4639037695639274,0.0129,,,10.1016/j.jct.2010.12.016
684,686,308.15,101.0,Liquid,2,C1CCCCC1,Solvent,0.4734,,CN1CCCC1=O,Solvent,0.5266,,0.4701382537568861,0.0157,,,10.1016/j.jct.2010.12.016
685,687,298.15,101.0,Liquid,2,C1CCCC1,Solvent,0.1965,,CCCCCCCO,Solvent,0.8035,,,,0.030304172365541743,0.000228,10.1021/je800831d
686,688,298.15,101.0,Liquid,2,C1CCCC1,Solvent,0.5084,,CCCCCCCO,Solvent,0.4916,,,,0.01512209116442223,0.0002445,10.1021/je800831d
687,689,298.15,101.0,Liquid,2,C1CCCC1,Solvent,0.7675,,CCCCCCCO,Solvent,0.2325,,,,0.018875831607994577,0.0002625,10.1021/je800831d
688,690,298.15,101.0,Liquid,2,C1CCCC1,Solvent,0.273,,CCCCCCCO,Solvent,0.727,,0.2531002256517638,0.002,,,10.1021/je700308j
689,691,298.15,101.0,Liquid,2,C1CCCC1,Solvent,0.5,,CCCCCCCO,Solvent,0.5,,0.05011260710854515,0.0029,,,10.1021/je700308j
690,692,298.15,101.0,Liquid,2,C1CCCC1,Solvent,0.778,,CCCCCCCO,Solvent,0.222,,0.47273674970026036,0.00315,,,10.1021/je700308j
691,693,298.15,101.0,Liquid,2,C1CCOCC1,Solvent,0.708,,O=C1CCCC1,Solvent,0.292,,,,0.01870671225573524,0.00023,10.1021/je025649t
692,694,298.15,101.0,Liquid,2,C1CCOCC1,Solvent,0.5498,,O=C1CCCC1,Solvent,0.4502,,,,0.018734939463648143,0.000235,10.1021/je025649t
693,695,298.15,101.0,Liquid,2,C1CCOCC1,Solvent,0.2354,,O=C1CCCC1,Solvent,0.7646,,,,0.018848263548441612,0.00024,10.1021/je025649t
694,696,298.15,101.0,Liquid,2,C1CCOCC1,Solvent,0.25,,O=C1CCCC1,Solvent,0.75,,0.06506137554364955,0.00084,,,10.1021/je025649t
695,697,298.15,101.0,Liquid,2,C1CCOCC1,Solvent,0.75,,O=C1CCCC1,Solvent,0.25,,0.11710810772504487,0.000895,,,10.1021/je025649t
696,698,298.15,101.0,Liquid,2,C1CCOCC1,Solvent,0.55,,O=C1CCCC1,Solvent,0.45,,0.12489642501778064,0.001,,,10.1021/je025649t
697,699,298.15,101.0,Liquid,2,CC(C)=O,Solvent,0.7506,,CNc1ccccc1,Solvent,0.2494,,,,0.024391031017861012,0.000231,10.1021/je900874z
698,700,298.15,101.0,Liquid,2,CC(C)=O,Solvent,0.4948,,CNc1ccccc1,Solvent,0.5052,,,,0.02908442916725889,0.000263,10.1021/je900874z
699,701,298.15,101.0,Liquid,2,CC(C)=O,Solvent,0.2503,,CNc1ccccc1,Solvent,0.7497,,,,0.030272935056206995,0.0003395,10.1021/je900874z
700,702,298.15,101.0,Liquid,2,CC(C)=O,Solvent,0.7097,,CNc1ccccc1,Solvent,0.2903,,0.24326296677042336,0.0055,,,10.1021/je200333p
701,703,298.15,101.0,Liquid,2,CC(C)=O,Solvent,0.2316,,CNc1ccccc1,Solvent,0.7684,,0.03332314559821725,0.0055,,,10.1021/je200333p
702,704,298.15,101.0,Liquid,2,CC(C)=O,Solvent,0.5086,,CNc1ccccc1,Solvent,0.4914,,-0.21536600567643704,0.0075,,,10.1021/je200333p
703,705,298.15,101.0,Liquid,2,C1CCCCC1,Solvent,0.7058,,CC(C)O,Solvent,0.2942,,,,0.011500120184158259,0.000245,10.1021/je050540h
704,706,298.15,101.0,Liquid,2,C1CCCCC1,Solvent,0.5039,,CC(C)O,Solvent,0.4961,,,,0.013094934945305947,0.0003,10.1016/j.jct.2007.02.008
705,707,298.15,101.0,Liquid,2,C1CCCCC1,Solvent,0.2,,CC(C)O,Solvent,0.8,,,,0.01741437703161692,0.0003,10.1016/j.jct.2007.02.008
706,708,298.15,101.0,Liquid,2,C1CCCCC1,Solvent,0.1995,,CC(C)O,Solvent,0.8005,,0.4735483582226969,0.011,,,10.1016/j.jct.2015.01.013
707,709,298.15,101.0,Liquid,2,C1CCCCC1,Solvent,0.7991,,CC(C)O,Solvent,0.2009,,1.021491895230909,0.017,,,10.1016/j.jct.2015.01.013
708,710,298.15,101.0,Liquid,2,C1CCCCC1,Solvent,0.4984,,CC(C)O,Solvent,0.5016,,2.155262619714186,0.0195,,,10.1016/j.jct.2015.01.013
709,711,298.15,101.3,Liquid,2,C1COCCO1,Solvent,0.2436,,O=C1CCCC1,Solvent,0.7564,,,,0.021526392930296,0.000245,10.1021/je034037l
710,712,298.15,101.3,Liquid,2,C1COCCO1,Solvent,0.5063,,O=C1CCCC1,Solvent,0.4937,,,,0.023817133969066994,0.00025,10.1021/je034037l
711,713,298.15,101.3,Liquid,2,C1COCCO1,Solvent,0.7778,,O=C1CCCC1,Solvent,0.2222,,,,0.025901910896451538,0.000255,10.1021/je034037l
712,714,298.15,101.3,Liquid,2,C1COCCO1,Solvent,0.25,,O=C1CCCC1,Solvent,0.75,,-0.06444442372756498,0.00057,,,10.1021/je034037l
713,715,298.15,101.3,Liquid,2,C1COCCO1,Solvent,0.75,,O=C1CCCC1,Solvent,0.25,,-0.026858025728728308,0.000665,,,10.1021/je034037l
714,716,298.15,101.3,Liquid,2,C1COCCO1,Solvent,0.5,,O=C1CCCC1,Solvent,0.5,,-0.02361364274099742,0.00068,,,10.1021/je034037l
715,717,298.15,101.3,Liquid,2,C1COCO1,Solvent,0.2251,,O=C1CCCC1,Solvent,0.7749,,,,0.01994181931461583,0.000245,10.1021/je034223r
716,718,298.15,101.3,Liquid,2,C1COCO1,Solvent,0.509,,O=C1CCCC1,Solvent,0.491,,,,0.03250718422466035,0.000255,10.1021/je034223r
717,719,298.15,101.3,Liquid,2,C1COCO1,Solvent,0.7891,,O=C1CCCC1,Solvent,0.2109,,,,0.023818973206952754,0.00026,10.1021/je034223r
718,720,298.15,101.3,Liquid,2,C1COCO1,Solvent,0.2,,O=C1CCCC1,Solvent,0.8,,-0.02383948420408899,0.000425,,,10.1021/je034223r
719,721,298.15,101.3,Liquid,2,C1COCO1,Solvent,0.5,,O=C1CCCC1,Solvent,0.5,,-0.7258968766088572,0.000475,,,10.1021/je034223r
720,722,298.15,101.3,Liquid,2,C1COCO1,Solvent,0.7,,O=C1CCCC1,Solvent,0.3,,-0.13992857450060114,0.00048,,,10.1021/je034223r
721,723,298.15,101.0,Liquid,2,C1CCOCC1,Solvent,0.7101,,CCCCCC(C)=O,Solvent,0.2899,,,,0.018768602448127003,0.000285,10.1021/je025649t
722,724,298.15,101.0,Liquid,2,C1CCOCC1,Solvent,0.5166,,CCCCCC(C)=O,Solvent,0.4834,,,,0.020430137254556707,0.00032,10.1021/je025649t
723,725,298.15,101.0,Liquid,2,C1CCOCC1,Solvent,0.2235,,CCCCCC(C)=O,Solvent,0.7765,,,,0.023288106303043853,0.000375,10.1021/je025649t
724,726,298.15,101.0,Liquid,2,C1CCOCC1,Solvent,0.25,,CCCCCC(C)=O,Solvent,0.75,,-0.02294345879282389,0.00053,,,10.1021/je025649t
725,727,298.15,101.0,Liquid,2,C1CCOCC1,Solvent,0.75,,CCCCCC(C)=O,Solvent,0.25,,-0.005162748467611777,0.00061,,,10.1021/je025649t
726,728,298.15,101.0,Liquid,2,C1CCOCC1,Solvent,0.5,,CCCCCC(C)=O,Solvent,0.5,,0.07167966370037959,0.000615,,,10.1021/je025649t
727,729,298.15,100.0,Liquid,2,CN1CCCC1=O,Solvent,0.7023,,ClCCCCCCCl,Solvent,0.2977,,,,0.02334621778817648,0.0003,10.1021/je7003758
728,730,298.15,100.0,Liquid,2,CN1CCCC1=O,Solvent,0.5049,,ClCCCCCCCl,Solvent,0.4951,,,,0.02409323872289541,0.00035,10.1021/je7003758
729,731,298.15,100.0,Liquid,2,CN1CCCC1=O,Solvent,0.2016,,ClCCCCCCCl,Solvent,0.7984,,,,0.02375633246856568,0.00055,10.1021/je7003758
730,732,298.15,101.0,Liquid,2,CN1CCCC1=O,Solvent,0.797,,ClCCCCCCCl,Solvent,0.203,,-0.005294467080048548,0.002,,,10.1016/j.jct.2008.01.024
731,733,298.15,101.0,Liquid,2,CN1CCCC1=O,Solvent,0.212,,ClCCCCCCCl,Solvent,0.788,,0.246743547416429,0.002,,,10.1016/j.jct.2008.01.024
732,734,298.15,101.0,Liquid,2,CN1CCCC1=O,Solvent,0.503,,ClCCCCCCCl,Solvent,0.497,,0.2543193629851146,0.0025,,,10.1016/j.jct.2008.01.024
733,735,298.15,101.0,Liquid,2,Cc1ccncc1,Solvent,0.225,,O,Solvent,0.775,,,,0.872757691158337,0.0004,10.1021/je8008182
734,736,298.15,101.0,Liquid,2,Cc1ccncc1,Solvent,0.75,,O,Solvent,0.25,,,,0.029356825279425635,0.0004,10.1021/je8008182
735,737,298.15,101.0,Liquid,2,Cc1ccncc1,Solvent,0.5,,O,Solvent,0.5,,,,0.618090700952955,0.0005,10.1021/je8008182
736,738,308.15,101.0,Liquid,2,COc1ccccc1,Solvent,0.5245,,OCCc1ccccc1,Solvent,0.4755,,,,0.02608676561574508,0.00026,10.1021/je050085p
737,739,308.15,101.0,Liquid,2,COc1ccccc1,Solvent,0.2121,,OCCc1ccccc1,Solvent,0.7879,,,,0.03363180352674056,0.00026,10.1021/je050085p
738,740,308.15,101.0,Liquid,2,COc1ccccc1,Solvent,0.7673,,OCCc1ccccc1,Solvent,0.2327,,,,0.027172706609271076,0.00026,10.1021/je050085p
739,741,308.15,101.0,Liquid,2,COc1ccccc1,Solvent,0.2678,,OCCc1ccccc1,Solvent,0.7322,,3.0684398725733217,0.00745,,,10.1021/je050085p
740,742,308.15,101.0,Liquid,2,COc1ccccc1,Solvent,0.5232,,OCCc1ccccc1,Solvent,0.4768,,3.7979660819156678,0.0112,,,10.1021/je050085p
741,743,308.15,101.0,Liquid,2,COc1ccccc1,Solvent,0.767,,OCCc1ccccc1,Solvent,0.233,,4.0177239416902495,0.01195,,,10.1021/je050085p
742,744,298.15,101.0,Liquid,2,C1COCCO1,Solvent,0.272,,O=C1CCCCC1,Solvent,0.728,,,,0.021360573052053893,0.00025,10.1016/j.jct.2012.05.005
743,745,298.15,101.0,Liquid,2,C1COCCO1,Solvent,0.4594,,O=C1CCCCC1,Solvent,0.5406,,,,0.022027741040510716,0.00025,10.1016/j.jct.2012.05.005
744,746,298.15,101.0,Liquid,2,C1COCCO1,Solvent,0.7978,,O=C1CCCCC1,Solvent,0.2022,,,,0.027003759366782325,0.00025,10.1016/j.jct.2012.05.005
745,747,298.15,101.3,Liquid,2,C1COCCO1,Solvent,0.25,,O=C1CCCCC1,Solvent,0.75,,0.006806104828640969,0.00121,,,10.1021/je034037l
746,748,298.15,101.3,Liquid,2,C1COCCO1,Solvent,0.75,,O=C1CCCCC1,Solvent,0.25,,-0.05903289482046148,0.001355,,,10.1021/je034037l
747,749,298.15,101.3,Liquid,2,C1COCCO1,Solvent,0.5,,O=C1CCCCC1,Solvent,0.5,,0.07523386022097611,0.00154,,,10.1021/je034037l
748,750,308.15,101.0,Liquid,2,CCOc1ccccc1,Solvent,0.7074,,OCCCc1ccccc1,Solvent,0.2926,,,,0.026152898963957488,0.00026,10.1021/je050085p
749,751,308.15,101.0,Liquid,2,CCOc1ccccc1,Solvent,0.2164,,OCCCc1ccccc1,Solvent,0.7836,,,,0.035796596172347074,0.00026,10.1021/je050085p
750,752,308.15,101.0,Liquid,2,CCOc1ccccc1,Solvent,0.515,,OCCCc1ccccc1,Solvent,0.485,,,,0.029014823980907833,0.00026,10.1021/je050085p
751,753,308.15,101.0,Liquid,2,CCOc1ccccc1,Solvent,0.2629,,OCCCc1ccccc1,Solvent,0.7371,,4.168485810368139,0.00755,,,10.1021/je050085p
752,754,308.15,101.0,Liquid,2,CCOc1ccccc1,Solvent,0.5169,,OCCCc1ccccc1,Solvent,0.4831,,5.116640244968593,0.0106,,,10.1021/je050085p
753,755,308.15,101.0,Liquid,2,CCOc1ccccc1,Solvent,0.7625,,OCCCc1ccccc1,Solvent,0.2375,,5.089301427574938,0.01195,,,10.1021/je050085p
754,756,308.15,101.0,Liquid,2,COc1ccccc1,Solvent,0.2636,,OCCCc1ccccc1,Solvent,0.7364,,,,0.03503102272129997,0.00026,10.1021/je050085p
755,757,308.15,101.0,Liquid,2,COc1ccccc1,Solvent,0.7477,,OCCCc1ccccc1,Solvent,0.2523,,,,0.023956811091143785,0.00026,10.1021/je050085p
756,758,308.15,101.0,Liquid,2,COc1ccccc1,Solvent,0.5551,,OCCCc1ccccc1,Solvent,0.4449,,,,0.0274374038941064,0.00026,10.1021/je050085p
757,759,308.15,101.0,Liquid,2,COc1ccccc1,Solvent,0.2374,,OCCCc1ccccc1,Solvent,0.7626,,2.3014802400872156,0.0066,,,10.1021/je050085p
758,760,308.15,101.0,Liquid,2,COc1ccccc1,Solvent,0.5547,,OCCCc1ccccc1,Solvent,0.4453,,5.83290717563456,0.01105,,,10.1021/je050085p
759,761,308.15,101.0,Liquid,2,COc1ccccc1,Solvent,0.7136,,OCCCc1ccccc1,Solvent,0.2864,,5.166562910114763,0.0119,,,10.1021/je050085p
760,762,308.15,101.0,Liquid,2,CCOc1ccccc1,Solvent,0.7929,,OCCc1ccccc1,Solvent,0.2071,,,,0.02501630890201255,0.00026,10.1021/je050085p
761,763,308.15,101.0,Liquid,2,CCOc1ccccc1,Solvent,0.4826,,OCCc1ccccc1,Solvent,0.5174,,,,0.028175870355113253,0.00026,10.1021/je050085p
762,764,308.15,101.0,Liquid,2,CCOc1ccccc1,Solvent,0.3041,,OCCc1ccccc1,Solvent,0.6959,,,,0.03149281593611061,0.00026,10.1021/je050085p
763,765,308.15,101.0,Liquid,2,CCOc1ccccc1,Solvent,0.2391,,OCCc1ccccc1,Solvent,0.7609,,2.173583421568665,0.0072,,,10.1021/je050085p
764,766,308.15,101.0,Liquid,2,CCOc1ccccc1,Solvent,0.4852,,OCCc1ccccc1,Solvent,0.5148,,4.3016406239450475,0.011,,,10.1021/je050085p
765,767,308.15,101.0,Liquid,2,CCOc1ccccc1,Solvent,0.7388,,OCCc1ccccc1,Solvent,0.2612,,3.8675416947780974,0.01225,,,10.1021/je050085p
766,768,308.15,101.32,Liquid,2,OCCOCCO,Solvent,0.2285,,OCc1ccccc1,Solvent,0.7715,,,,0.16774100156731922,0.000265,10.1021/je0342062
767,769,308.15,101.32,Liquid,2,OCCOCCO,Solvent,0.5312,,OCc1ccccc1,Solvent,0.4688,,,,0.6612690286604777,0.00027,10.1021/je0342062
768,770,308.15,101.32,Liquid,2,OCCOCCO,Solvent,0.7277,,OCc1ccccc1,Solvent,0.2723,,,,0.8285426998207639,0.000275,10.1021/je0342062
769,771,308.15,101.32,Liquid,2,OCCOCCO,Solvent,0.7658,,OCc1ccccc1,Solvent,0.2342,,-0.9436316558643085,0.0073,,,10.1021/je0342062
770,772,308.15,101.32,Liquid,2,OCCOCCO,Solvent,0.2665,,OCc1ccccc1,Solvent,0.7335,,0.21567007470144262,0.0081,,,10.1021/je0342062
771,773,308.15,101.32,Liquid,2,OCCOCCO,Solvent,0.5216,,OCc1ccccc1,Solvent,0.4784,,-0.7912855974736672,0.00865,,,10.1021/je0342062
772,774,308.15,101.32,Liquid,2,OCCO,Solvent,0.2622,,OCc1ccccc1,Solvent,0.7378,,,,0.19871037137048486,0.000265,10.1021/je0342062
773,775,308.15,101.32,Liquid,2,OCCO,Solvent,0.5057,,OCc1ccccc1,Solvent,0.4943,,,,0.503458100682039,0.00027,10.1021/je0342062
774,776,308.15,101.32,Liquid,2,OCCO,Solvent,0.7371,,OCc1ccccc1,Solvent,0.2629,,,,0.7941544670119018,0.000275,10.1021/je0342062
775,777,308.15,101.32,Liquid,2,OCCO,Solvent,0.7361,,OCc1ccccc1,Solvent,0.2639,,-1.319266337428533,0.0037,,,10.1021/je0342062
776,778,308.15,101.32,Liquid,2,OCCO,Solvent,0.4817,,OCc1ccccc1,Solvent,0.5183,,-1.1332445522710302,0.00465,,,10.1021/je0342062
777,779,308.15,101.32,Liquid,2,OCCO,Solvent,0.2365,,OCc1ccccc1,Solvent,0.7635,,-0.293280322971583,0.0048,,,10.1021/je0342062
778,780,298.15,101.0,Liquid,2,CCCCCCCCC,Solvent,0.1995,,COC(C)(C)C,Solvent,0.8005,,,,0.016754629067345594,0.000285,10.1021/je700428f
779,781,298.15,101.0,Liquid,2,CCCCCCCCC,Solvent,0.4992,,COC(C)(C)C,Solvent,0.5008,,,,0.01636384637087375,0.00029,10.1021/je700428f
780,782,298.15,101.0,Liquid,2,CCCCCCCCC,Solvent,0.6963,,COC(C)(C)C,Solvent,0.3037,,,,0.013977171721553364,0.000295,10.1021/je700428f
781,783,298.15,101.3,Liquid,2,CCCCCCCCC,Solvent,0.7596,,COC(C)(C)C,Solvent,0.2404,,-0.081513268989994,0.007,,,10.1016/j.fluid.2004.12.013
782,784,298.15,101.3,Liquid,2,CCCCCCCCC,Solvent,0.2601,,COC(C)(C)C,Solvent,0.7399,,-0.10721731674827595,0.0075,,,10.1016/j.fluid.2004.12.013
783,785,298.15,101.3,Liquid,2,CCCCCCCCC,Solvent,0.5133,,COC(C)(C)C,Solvent,0.4867,,-0.11747185670203919,0.0095,,,10.1016/j.fluid.2004.12.013
784,786,298.15,101.3,Liquid,2,C1COCCO1,Solvent,0.7803,,CCCCCC(C)=O,Solvent,0.2197,,,,0.023928377690356835,0.0003,10.1021/je034037l
785,787,298.15,101.3,Liquid,2,C1COCCO1,Solvent,0.5006,,CCCCCC(C)=O,Solvent,0.4994,,,,0.024765995487962798,0.000345,10.1021/je034037l
786,788,298.15,101.3,Liquid,2,C1COCCO1,Solvent,0.2203,,CCCCCC(C)=O,Solvent,0.7797,,,,0.025365091990596656,0.000385,10.1021/je034037l
787,789,298.15,101.3,Liquid,2,C1COCCO1,Solvent,0.25,,CCCCCC(C)=O,Solvent,0.75,,0.03699312453456116,0.00164,,,10.1021/je034037l
788,790,298.15,101.3,Liquid,2,C1COCCO1,Solvent,0.75,,CCCCCC(C)=O,Solvent,0.25,,0.046158851633236964,0.00209,,,10.1021/je034037l
789,791,298.15,101.3,Liquid,2,C1COCCO1,Solvent,0.5,,CCCCCC(C)=O,Solvent,0.5,,0.09201029331730126,0.002255,,,10.1021/je034037l
790,792,298.15,101.3,Liquid,2,C1COCO1,Solvent,0.785,,CCCCCC(C)=O,Solvent,0.215,,,,0.02359064511714599,0.0003,10.1021/je034223r
791,793,298.15,101.3,Liquid,2,C1COCO1,Solvent,0.5071,,CCCCCC(C)=O,Solvent,0.4929,,,,0.022116773257166263,0.00034,10.1021/je034223r
792,794,298.15,101.3,Liquid,2,C1COCO1,Solvent,0.244,,CCCCCC(C)=O,Solvent,0.756,,,,0.02404941208739692,0.00038,10.1021/je034223r
793,795,298.15,101.3,Liquid,2,C1COCO1,Solvent,0.25,,CCCCCC(C)=O,Solvent,0.75,,-0.11309742507945941,0.00155,,,10.1021/je034223r
794,796,298.15,101.3,Liquid,2,C1COCO1,Solvent,0.75,,CCCCCC(C)=O,Solvent,0.25,,-0.03610920085297664,0.001955,,,10.1021/je034223r
795,797,298.15,101.3,Liquid,2,C1COCO1,Solvent,0.5,,CCCCCC(C)=O,Solvent,0.5,,0.03476629799824593,0.00217,,,10.1021/je034223r
796,798,293.15,101.325,Liquid,2,Cc1cccnc1,Solvent,0.225,,O,Solvent,0.775,,,,0.8804375669806462,0.0003,10.1016/j.jct.2004.11.009
797,799,293.15,101.325,Liquid,2,Cc1cccnc1,Solvent,0.7,,O,Solvent,0.3,,,,0.028132583807300857,0.0003,10.1016/j.jct.2004.11.009
798,800,293.15,101.325,Liquid,2,Cc1cccnc1,Solvent,0.5,,O,Solvent,0.5,,,,0.645698292768963,0.0003,10.1016/j.jct.2004.11.009
799,801,298.15,101.3,Liquid,2,O,Solvent,0.7532,,OC1=NCCC1,Solvent,0.2468,,,,0.9761563929276036,0.0004905,10.1021/je0340809
800,802,298.15,101.3,Liquid,2,O,Solvent,0.5,,OC1=NCCC1,Solvent,0.5,,,,0.6850254329919374,0.0005555,10.1021/je0340809
801,803,298.15,101.3,Liquid,2,O,Solvent,0.2552,,OC1=NCCC1,Solvent,0.7448,,,,0.07556808907030658,0.000577,10.1021/je0340809
802,804,298.15,101.0,Liquid,2,O,Solvent,0.7681,,OC1=NCCC1,Solvent,0.2319,,-4.30940472307406,0.13095,,,10.1016/j.jct.2013.09.015
803,805,298.15,101.0,Liquid,2,O,Solvent,0.2307,,OC1=NCCC1,Solvent,0.7693,,-1.7180607896725775,0.1695,,,10.1016/j.jct.2013.09.015
804,806,298.15,101.0,Liquid,2,O,Solvent,0.5217,,OC1=NCCC1,Solvent,0.4783,,-5.306973817420783,0.20965,,,10.1016/j.jct.2013.09.015
805,807,298.15,101.3,Liquid,2,CC(C)OC(C)C,Solvent,0.2846,,CCCCCl,Solvent,0.7154,,,,0.014305552406298602,0.000365,10.1007/s10765-010-0737-5
806,808,298.15,101.3,Liquid,2,CC(C)OC(C)C,Solvent,0.484,,CCCCCl,Solvent,0.516,,,,0.015728958154469473,0.0004005,10.1007/s10765-010-0737-5
807,809,298.15,101.3,Liquid,2,CC(C)OC(C)C,Solvent,0.8082,,CCCCCl,Solvent,0.1918,,,,0.017773330076773484,0.000448,10.1007/s10765-010-0737-5
808,810,298.15,101.0,Liquid,2,CC(C)OC(C)C,Solvent,0.7274,,CCCCCl,Solvent,0.2726,,-0.09624136886753831,0.00095,,,10.1016/j.fluid.2011.06.001
809,811,298.15,101.0,Liquid,2,CC(C)OC(C)C,Solvent,0.2727,,CCCCCl,Solvent,0.7273,,-0.06924739270995417,0.001,,,10.1016/j.fluid.2011.06.001
810,812,298.15,101.0,Liquid,2,CC(C)OC(C)C,Solvent,0.4547,,CCCCCl,Solvent,0.5453,,0.01151563475222872,0.0012,,,10.1016/j.fluid.2011.06.001
811,813,298.15,101.3,Liquid,2,CC(C)CCl,Solvent,0.8059,,CC(C)OC(C)C,Solvent,0.1941,,,,0.013477994632207977,0.0003555,10.1007/s10765-010-0737-5
812,814,298.15,101.3,Liquid,2,CC(C)CCl,Solvent,0.5137,,CC(C)OC(C)C,Solvent,0.4863,,,,0.01559466040625654,0.000405,10.1007/s10765-010-0737-5
813,815,298.15,101.0,Liquid,2,CC(C)CCl,Solvent,0.091,,CC(C)OC(C)C,Solvent,0.909,,,,0.018312598682819516,0.000464,10.1021/je100765j
814,816,298.15,101.0,Liquid,2,CC(C)CCl,Solvent,0.0907,,CC(C)OC(C)C,Solvent,0.9093,,-0.042828390316500986,0.00055,,,10.1016/j.fluid.2011.06.001
815,817,298.15,101.0,Liquid,2,CC(C)CCl,Solvent,0.727,,CC(C)OC(C)C,Solvent,0.273,,-0.05251906720405941,0.001,,,10.1016/j.fluid.2011.06.001
816,818,298.15,101.0,Liquid,2,CC(C)CCl,Solvent,0.5453,,CC(C)OC(C)C,Solvent,0.4547,,-0.08918300830070791,0.0012,,,10.1016/j.fluid.2011.06.001
817,819,293.15,100.0,Liquid,2,C=CCCCC,Solvent,0.5018,,CCCCO,Solvent,0.4982,,,,0.02341873083854441,0.00035,10.1021/je301301j
818,820,293.15,100.0,Liquid,2,C=CCCCC,Solvent,0.1001,,CCCCO,Solvent,0.8999,,,,0.03154407313231197,0.00035,10.1021/je301301j
819,821,293.15,100.0,Liquid,2,C=CCCCC,Solvent,0.9,,CCCCO,Solvent,0.1,,,,0.012565612790638453,0.00035,10.1021/je301301j
820,822,298.15,101.0,Liquid,2,C=CCCCC,Solvent,0.25,,CCCCO,Solvent,0.75,,0.7349558978917159,0.00333,,,10.1016/j.fluid.2011.11.005
821,823,298.15,101.0,Liquid,2,C=CCCCC,Solvent,0.5003,,CCCCO,Solvent,0.4997,,0.9342889734310234,0.00616,,,10.1016/j.fluid.2011.11.005
822,824,298.15,101.0,Liquid,2,C=CCCCC,Solvent,0.7499,,CCCCO,Solvent,0.2501,,1.6081806684561428,0.00696,,,10.1016/j.fluid.2011.11.005
823,825,298.15,100.0,Liquid,2,CN1CCCC1=O,Solvent,0.7003,,ClCCCCCl,Solvent,0.2997,,,,0.024991083581307617,0.0005,10.1021/je7003758
824,826,298.15,100.0,Liquid,2,CN1CCCC1=O,Solvent,0.5025,,ClCCCCCl,Solvent,0.4975,,,,0.02100842506986705,0.00075,10.1021/je7003758
825,827,298.15,100.0,Liquid,2,CN1CCCC1=O,Solvent,0.2034,,ClCCCCCl,Solvent,0.7966,,,,0.020570064907216728,0.00125,10.1021/je7003758
826,828,298.15,101.0,Liquid,2,CN1CCCC1=O,Solvent,0.21,,ClCCCCCl,Solvent,0.79,,0.07283715887545839,0.003,,,10.1016/j.jct.2008.01.024
827,829,298.15,101.0,Liquid,2,CN1CCCC1=O,Solvent,0.703,,ClCCCCCl,Solvent,0.297,,0.33601732576009624,0.0035,,,10.1016/j.jct.2008.01.024
828,830,298.15,101.0,Liquid,2,CN1CCCC1=O,Solvent,0.505,,ClCCCCCl,Solvent,0.495,,0.4908402101643645,0.0035,,,10.1016/j.jct.2008.01.024
829,831,298.15,101.0,Liquid,2,C1CCOCC1,Solvent,0.7315,,CNC=O,Solvent,0.2685,,,,0.03132891908757745,0.000363,10.1016/j.tca.2011.06.020
830,832,298.15,101.0,Liquid,2,C1CCOCC1,Solvent,0.5122,,CNC=O,Solvent,0.4878,,,,0.02702022519026374,0.0003755,10.1016/j.tca.2011.06.020
831,833,298.15,101.0,Liquid,2,C1CCOCC1,Solvent,0.2633,,CNC=O,Solvent,0.7367,,,,0.036435971966252666,0.000393,10.1016/j.tca.2011.06.020
832,834,308.15,101.0,Liquid,2,C1CCOCC1,Solvent,0.2254,,CNC=O,Solvent,0.7746,,0.11282000443499385,0.0018,,,10.1016/j.tca.2011.06.020
833,835,308.15,101.0,Liquid,2,C1CCOCC1,Solvent,0.7576,,CNC=O,Solvent,0.2424,,0.18065534962371288,0.0028,,,10.1016/j.tca.2011.06.020
834,836,308.15,101.0,Liquid,2,C1CCOCC1,Solvent,0.5114,,CNC=O,Solvent,0.4886,,0.4156358590368754,0.00355,,,10.1016/j.tca.2011.06.020
835,837,298.15,101.3,Liquid,2,CC(C)(C)Cl,Solvent,0.7152,,CC(C)OC(C)C,Solvent,0.2848,,,,0.014377176682310455,0.0003945,10.1007/s10765-010-0737-5
836,838,298.15,101.3,Liquid,2,CC(C)(C)Cl,Solvent,0.5148,,CC(C)OC(C)C,Solvent,0.4852,,,,0.015631650942138756,0.00042,10.1007/s10765-010-0737-5
837,839,298.15,101.3,Liquid,2,CC(C)(C)Cl,Solvent,0.1991,,CC(C)OC(C)C,Solvent,0.8009,,,,0.01768130769092008,0.0004545,10.1007/s10765-010-0737-5
838,840,298.15,101.0,Liquid,2,CC(C)(C)Cl,Solvent,0.7747,,CC(C)OC(C)C,Solvent,0.2253,,-0.015168622669868626,0.0004,,,10.1016/j.fluid.2011.06.001
839,841,298.15,101.0,Liquid,2,CC(C)(C)Cl,Solvent,0.5512,,CC(C)OC(C)C,Solvent,0.4488,,-0.04236288399756205,0.0004,,,10.1016/j.fluid.2011.06.001
840,842,298.15,101.0,Liquid,2,CC(C)(C)Cl,Solvent,0.2192,,CC(C)OC(C)C,Solvent,0.7808,,-0.011031529105551385,0.0004,,,10.1016/j.fluid.2011.06.001
841,843,298.15,101.3,Liquid,2,CCOC(C)(C)C,Solvent,0.217,,Cc1ccccc1,Solvent,0.783,,,,0.020121827959437514,0.000411,10.1016/j.jct.2007.05.005
842,844,298.15,101.3,Liquid,2,CCOC(C)(C)C,Solvent,0.505,,Cc1ccccc1,Solvent,0.495,,,,0.019941039054161,0.000467,10.1016/j.jct.2007.05.005
843,845,298.15,101.3,Liquid,2,CCOC(C)(C)C,Solvent,0.701,,Cc1ccccc1,Solvent,0.299,,,,0.019647063171279826,0.000503,10.1016/j.jct.2007.05.005
844,846,298.15,101.0,Liquid,2,CCOC(C)(C)C,Solvent,0.7495,,Cc1ccccc1,Solvent,0.2505,,-0.009900330318743045,0.0005,,,10.1016/j.jct.2008.12.004
845,847,298.15,101.0,Liquid,2,CCOC(C)(C)C,Solvent,0.2489,,Cc1ccccc1,Solvent,0.7511,,-0.0680699098368649,0.0005,,,10.1016/j.jct.2008.12.004
846,848,298.15,101.0,Liquid,2,CCOC(C)(C)C,Solvent,0.5019,,Cc1ccccc1,Solvent,0.4981,,-0.024712146246898214,0.00055,,,10.1016/j.jct.2008.12.004
847,849,298.15,101.0,Liquid,2,BrCCBr,Solvent,0.2752,,COC(C)=O,Solvent,0.7248,,,,0.023544285824136656,0.001125,10.1016/j.jct.2006.05.004
848,850,298.15,101.0,Liquid,2,BrCCBr,Solvent,0.5121,,COC(C)=O,Solvent,0.4879,,,,0.02403415371407904,0.0021,10.1016/j.jct.2006.05.004
849,851,298.15,101.0,Liquid,2,BrCCBr,Solvent,0.7537,,COC(C)=O,Solvent,0.2463,,,,0.028761719091413503,0.003355,10.1016/j.jct.2006.05.004
850,852,298.15,101.0,Liquid,2,BrCCBr,Solvent,0.2508,,COC(C)=O,Solvent,0.7492,,0.03281851357357368,0.0017,,,10.1016/j.jct.2006.05.004
851,853,298.15,101.0,Liquid,2,BrCCBr,Solvent,0.4855,,COC(C)=O,Solvent,0.5145,,0.048026455933082524,0.00275,,,10.1016/j.jct.2006.05.004
852,854,298.15,101.0,Liquid,2,BrCCBr,Solvent,0.7209,,COC(C)=O,Solvent,0.2791,,-0.24572779741033557,0.0028,,,10.1016/j.jct.2006.05.004
853,855,298.15,101.0,Liquid,2,BrCCBr,Solvent,0.257,,CCC(=O)OC,Solvent,0.743,,,,0.020876921201769292,0.000915,10.1016/j.jct.2006.05.004
854,856,298.15,101.0,Liquid,2,BrCCBr,Solvent,0.4944,,CCC(=O)OC,Solvent,0.5056,,,,0.024078590379435303,0.001825,10.1016/j.jct.2006.05.004
855,857,298.15,101.0,Liquid,2,BrCCBr,Solvent,0.7286,,CCC(=O)OC,Solvent,0.2714,,,,0.028887059756767704,0.00303,10.1016/j.jct.2006.05.004
856,858,298.15,101.0,Liquid,2,BrCCBr,Solvent,0.5086,,CCC(=O)OC,Solvent,0.4914,,-0.12184950972499564,0.00185,,,10.1016/j.jct.2006.05.004
857,859,298.15,101.0,Liquid,2,BrCCBr,Solvent,0.7852,,CCC(=O)OC,Solvent,0.2148,,-0.4222053571896893,0.002,,,10.1016/j.jct.2006.05.004
858,860,298.15,101.0,Liquid,2,BrCCBr,Solvent,0.2446,,CCC(=O)OC,Solvent,0.7554,,-0.10431132320628222,0.00295,,,10.1016/j.jct.2006.05.004
859,861,308.15,101.0,Liquid,2,C1CCOCC1,Solvent,0.8219,,Cc1ccccn1,Solvent,0.1781,,,,0.01955065159800519,0.000454,10.1016/j.tca.2011.02.002
860,862,298.15,101.0,Liquid,2,C1CCOCC1,Solvent,0.4916,,Cc1ccccn1,Solvent,0.5084,,,,0.022167159208032406,0.000475,10.1016/j.tca.2011.02.002
861,863,298.15,101.0,Liquid,2,C1CCOCC1,Solvent,0.2373,,Cc1ccccn1,Solvent,0.7627,,,,0.02025361217680833,0.0004855,10.1016/j.tca.2011.02.002
862,864,308.15,101.0,Liquid,2,C1CCOCC1,Solvent,0.2683,,Cc1ccccn1,Solvent,0.7317,,-0.021307614622437576,0.00105,,,10.1016/j.tca.2011.02.002
863,865,308.15,101.0,Liquid,2,C1CCOCC1,Solvent,0.8216,,Cc1ccccn1,Solvent,0.1784,,0.05019890734745047,0.0012,,,10.1016/j.tca.2011.02.002
864,866,308.15,101.0,Liquid,2,C1CCOCC1,Solvent,0.4822,,Cc1ccccn1,Solvent,0.5178,,-0.014206537069519243,0.00135,,,10.1016/j.tca.2011.02.002
865,867,298.15,101.0,Liquid,2,C1CCOCC1,Solvent,0.7568,,Cc1cccnc1,Solvent,0.2432,,,,0.02031815090624343,0.0004655,10.1016/j.tca.2011.02.002
866,868,298.15,101.0,Liquid,2,C1CCOCC1,Solvent,0.4827,,Cc1cccnc1,Solvent,0.5173,,,,0.022018621258391314,0.00048,10.1016/j.tca.2011.02.002
867,869,298.15,101.0,Liquid,2,C1CCOCC1,Solvent,0.2461,,Cc1cccnc1,Solvent,0.7539,,,,0.020228946303066597,0.0004915,10.1016/j.tca.2011.02.002
868,870,308.15,101.0,Liquid,2,C1CCOCC1,Solvent,0.7355,,Cc1cccnc1,Solvent,0.2645,,-0.04195780871062027,0.00095,,,10.1016/j.tca.2011.02.002
869,871,308.15,101.0,Liquid,2,C1CCOCC1,Solvent,0.2732,,Cc1cccnc1,Solvent,0.7268,,0.02923410409938043,0.001,,,10.1016/j.tca.2011.02.002
870,872,308.15,101.0,Liquid,2,C1CCOCC1,Solvent,0.4803,,Cc1cccnc1,Solvent,0.5197,,-0.007276212057504949,0.00115,,,10.1016/j.tca.2011.02.002
871,873,298.15,100.0,Liquid,2,CNC=O,Solvent,0.2395,,Cc1ccccc1Cl,Solvent,0.7605,,,,0.02417029825980814,0.0005,10.1016/j.jct.2013.12.006
872,874,298.15,100.0,Liquid,2,CNC=O,Solvent,0.4987,,Cc1ccccc1Cl,Solvent,0.5013,,,,0.026622534501705673,0.0005,10.1016/j.jct.2013.12.006
873,875,298.15,100.0,Liquid,2,CNC=O,Solvent,0.7463,,Cc1ccccc1Cl,Solvent,0.2537,,,,0.045133723378429656,0.0005,10.1016/j.jct.2013.12.006
874,876,308.15,100.0,Liquid,2,CNC=O,Solvent,0.2656,,Cc1ccccc1Cl,Solvent,0.7344,,0.3125193134340165,0.004,,,10.1016/j.jct.2013.12.006
875,877,308.15,100.0,Liquid,2,CNC=O,Solvent,0.7476,,Cc1ccccc1Cl,Solvent,0.2524,,0.09065284853113198,0.004,,,10.1016/j.jct.2013.12.006
876,878,308.15,100.0,Liquid,2,CNC=O,Solvent,0.5147,,Cc1ccccc1Cl,Solvent,0.4853,,0.30437536065482007,0.0055,,,10.1016/j.jct.2013.12.006
877,879,298.15,101.0,Liquid,2,C1COCCO1,Solvent,0.2263,,Cc1ccccc1Cl,Solvent,0.7737,,,,0.020991100443690104,0.0005,10.1021/je400722h
878,880,298.15,101.0,Liquid,2,C1COCCO1,Solvent,0.5136,,Cc1ccccc1Cl,Solvent,0.4864,,,,0.024394307640444944,0.0005,10.1021/je400722h
879,881,308.15,101.0,Liquid,2,C1COCCO1,Solvent,0.8357,,Cc1ccccc1Cl,Solvent,0.1643,,,,0.02334552792405514,0.0005,10.1021/je400722h
880,882,308.15,101.0,Liquid,2,C1COCCO1,Solvent,0.2462,,Cc1ccccc1Cl,Solvent,0.7538,,0.03908223605921535,0.001,,,10.1021/je400722h
881,883,308.15,101.0,Liquid,2,C1COCCO1,Solvent,0.8357,,Cc1ccccc1Cl,Solvent,0.1643,,0.1635556985256983,0.0015,,,10.1021/je400722h
882,884,308.15,101.0,Liquid,2,C1COCCO1,Solvent,0.4912,,Cc1ccccc1Cl,Solvent,0.5088,,-0.02154644680712181,0.002,,,10.1021/je400722h
883,885,308.15,101.0,Liquid,2,C1COCO1,Solvent,0.2685,,Cc1ccccc1Cl,Solvent,0.7315,,,,0.022534401887938205,0.0005,10.1021/je400722h
884,886,298.15,101.0,Liquid,2,C1COCO1,Solvent,0.5169,,Cc1ccccc1Cl,Solvent,0.4831,,,,0.0216979256545457,0.0005,10.1021/je400722h
885,887,298.15,101.0,Liquid,2,C1COCO1,Solvent,0.7266,,Cc1ccccc1Cl,Solvent,0.2734,,,,0.023952559023975625,0.0005,10.1021/je400722h
886,888,308.15,101.0,Liquid,2,C1COCO1,Solvent,0.7604,,Cc1ccccc1Cl,Solvent,0.2396,,0.024871822047757064,0.0015,,,10.1021/je400722h
887,889,308.15,101.0,Liquid,2,C1COCO1,Solvent,0.2679,,Cc1ccccc1Cl,Solvent,0.7321,,0.0005392342733188116,0.0015,,,10.1021/je400722h
888,890,308.15,101.0,Liquid,2,C1COCO1,Solvent,0.5009,,Cc1ccccc1Cl,Solvent,0.4991,,0.1050459742461527,0.002,,,10.1021/je400722h
889,891,298.15,100.0,Liquid,2,CN(C)C=O,Solvent,0.5035,,Cc1ccccc1Cl,Solvent,0.4965,,,,0.02346074586235756,0.0005,10.1016/j.jct.2013.12.006
890,892,298.15,100.0,Liquid,2,CN(C)C=O,Solvent,0.7512,,Cc1ccccc1Cl,Solvent,0.2488,,,,0.02866935981708226,0.0005,10.1016/j.jct.2013.12.006
891,893,308.15,100.0,Liquid,2,CN(C)C=O,Solvent,0.2737,,Cc1ccccc1Cl,Solvent,0.7263,,,,0.023021597272099178,0.0005,10.1016/j.jct.2013.12.006
892,894,308.15,100.0,Liquid,2,CN(C)C=O,Solvent,0.2743,,Cc1ccccc1Cl,Solvent,0.7257,,1.8347389973177144,0.004,,,10.1016/j.jct.2013.12.006
893,895,308.15,100.0,Liquid,2,CN(C)C=O,Solvent,0.7679,,Cc1ccccc1Cl,Solvent,0.2321,,1.4302689440792307,0.005,,,10.1016/j.jct.2013.12.006
894,896,308.15,100.0,Liquid,2,CN(C)C=O,Solvent,0.5118,,Cc1ccccc1Cl,Solvent,0.4882,,2.143932487157741,0.006,,,10.1016/j.jct.2013.12.006
895,897,298.15,101.0,Liquid,2,C1CCOCC1,Solvent,0.2263,,Cc1ccccc1Cl,Solvent,0.7737,,,,0.019323175580449017,0.0005,10.1021/je400722h
896,898,298.15,101.0,Liquid,2,C1CCOCC1,Solvent,0.7658,,Cc1ccccc1Cl,Solvent,0.2342,,,,0.018119717983939337,0.000505,10.1021/je400722h
897,899,298.15,101.0,Liquid,2,C1CCOCC1,Solvent,0.4784,,Cc1ccccc1Cl,Solvent,0.5216,,,,0.02034607690739697,0.00051,10.1021/je400722h
898,900,308.15,101.0,Liquid,2,C1CCOCC1,Solvent,0.2632,,Cc1ccccc1Cl,Solvent,0.7368,,-0.0010114581137656842,0.001,,,10.1021/je400722h
899,901,308.15,101.0,Liquid,2,C1CCOCC1,Solvent,0.7533,,Cc1ccccc1Cl,Solvent,0.2467,,-0.013796753167682141,0.001,,,10.1021/je400722h
900,902,308.15,101.0,Liquid,2,C1CCOCC1,Solvent,0.5175,,Cc1ccccc1Cl,Solvent,0.4825,,-0.00162302774009504,0.0015,,,10.1021/je400722h
901,903,298.15,100.0,Liquid,2,C1COCCO1,Solvent,0.7489,,O=C1CCCCCC1,Solvent,0.2511,,,,0.02387704459471374,0.00051,10.1021/acs.jced.6b00606
902,904,308.15,100.0,Liquid,2,C1COCCO1,Solvent,0.5723,,O=C1CCCCCC1,Solvent,0.4277,,,,0.023636186696413035,0.00051,10.1021/acs.jced.6b00606
903,905,298.15,100.0,Liquid,2,C1COCCO1,Solvent,0.2555,,O=C1CCCCCC1,Solvent,0.7445,,,,0.02447868139739673,0.000515,10.1021/acs.jced.6b00606
904,906,308.15,100.0,Liquid,2,C1COCCO1,Solvent,0.7716,,O=C1CCCCCC1,Solvent,0.2284,,0.06813861826705647,0.0009,,,10.1021/acs.jced.6b00606
905,907,308.15,100.0,Liquid,2,C1COCCO1,Solvent,0.2252,,O=C1CCCCCC1,Solvent,0.7748,,-0.025949795793536623,0.001,,,10.1021/acs.jced.6b00606
906,908,308.15,100.0,Liquid,2,C1COCCO1,Solvent,0.5725,,O=C1CCCCCC1,Solvent,0.4275,,0.04638066326106127,0.00125,,,10.1021/acs.jced.6b00606
907,909,298.15,101.0,Liquid,2,CCC(C)(C)O,Solvent,0.6765,,CCO,Solvent,0.3235,,,,0.030401888460235532,0.0005,10.1021/je050416y
908,910,298.15,101.0,Liquid,2,CCC(C)(C)O,Solvent,0.5495,,CCO,Solvent,0.4505,,,,0.0345408901556492,0.0005,10.1021/je050416y
909,911,298.15,101.0,Liquid,2,CCC(C)(C)O,Solvent,0.2584,,CCO,Solvent,0.7416,,,,0.04914731193712678,0.0005,10.1021/je050416y
910,912,298.15,101.3,Liquid,2,CCC(C)(C)O,Solvent,0.2807,,CCO,Solvent,0.7193,,-1.8140177055217848,0.0031,,,10.1021/je101031j
911,913,298.15,101.3,Liquid,2,CCC(C)(C)O,Solvent,0.7306,,CCO,Solvent,0.2694,,-1.1957903470125864,0.00335,,,10.1021/je101031j
912,914,298.15,101.3,Liquid,2,CCC(C)(C)O,Solvent,0.4607,,CCO,Solvent,0.5393,,-2.2021259919875824,0.00405,,,10.1021/je101031j
913,915,298.15,101.0,Liquid,2,C1CCOCC1,Solvent,0.5187,,Cc1ccccc1C,Solvent,0.4813,,,,0.019418857814822728,0.0005,10.1021/je5004719
914,916,298.15,101.0,Liquid,2,C1CCOCC1,Solvent,0.2318,,Cc1ccccc1C,Solvent,0.7682,,,,0.02119220593882646,0.0005,10.1021/je5004719
915,917,298.15,101.0,Liquid,2,C1CCOCC1,Solvent,0.7729,,Cc1ccccc1C,Solvent,0.2271,,,,0.020795308942574208,0.000505,10.1021/je5004719
916,918,308.15,101.0,Liquid,2,C1CCOCC1,Solvent,0.4425,,Cc1ccccc1C,Solvent,0.5575,,-0.0018983186424463838,0.0006,,,10.1016/j.jct.2010.07.016
917,919,308.15,101.0,Liquid,2,C1CCOCC1,Solvent,0.7443,,Cc1ccccc1C,Solvent,0.2557,,0.025085034829061215,0.00065,,,10.1016/j.jct.2010.07.016
918,920,308.15,101.0,Liquid,2,C1CCOCC1,Solvent,0.2454,,Cc1ccccc1C,Solvent,0.7546,,0.017893898437947087,0.00085,,,10.1016/j.jct.2010.07.016
919,921,293.15,101.0,Liquid,2,NCCNCCN,Solvent,0.6988,,O,Solvent,0.3012,,,,1.020852339091801,0.0005,10.1016/j.jct.2008.11.012
920,922,293.15,101.0,Liquid,2,NCCNCCN,Solvent,0.2449,,O,Solvent,0.7551,,,,1.2297942194905795,0.0005,10.1016/j.jct.2008.11.012
921,923,293.15,101.0,Liquid,2,NCCNCCN,Solvent,0.4974,,O,Solvent,0.5026,,,,0.9971056864562676,0.0005,10.1016/j.jct.2008.11.012
922,924,303.15,100.0,Liquid,2,NCCNCCN,Solvent,0.702,,O,Solvent,0.298,,-9.134091589736897,0.036,,,10.1016/j.jct.2015.04.030
923,925,303.15,100.0,Liquid,2,NCCNCCN,Solvent,0.501,,O,Solvent,0.499,,-14.758331765262916,0.0575,,,10.1016/j.jct.2015.04.030
924,926,303.15,100.0,Liquid,2,NCCNCCN,Solvent,0.2416,,O,Solvent,0.7584,,-15.614541389078237,0.0695,,,10.1016/j.jct.2015.04.030
925,927,298.15,101.0,Liquid,2,C1CCOCC1,Solvent,0.2239,,c1ccccc1,Solvent,0.7761,,,,0.02925735640640515,0.0005,10.1021/je5004719
926,928,298.15,101.0,Liquid,2,C1CCOCC1,Solvent,0.7432,,c1ccccc1,Solvent,0.2568,,,,0.019760698366629394,0.000505,10.1021/je5004719
927,929,298.15,101.0,Liquid,2,C1CCOCC1,Solvent,0.4794,,c1ccccc1,Solvent,0.5206,,,,0.02034802064542293,0.000505,10.1021/je5004719
928,930,308.15,101.0,Liquid,2,C1CCOCC1,Solvent,0.7832,,c1ccccc1,Solvent,0.2168,,0.0200637489793678,0.00165,,,10.1016/j.jct.2010.07.016
929,931,308.15,101.0,Liquid,2,C1CCOCC1,Solvent,0.2425,,c1ccccc1,Solvent,0.7575,,-0.32404175759565135,0.00185,,,10.1016/j.jct.2010.07.016
930,932,308.15,101.0,Liquid,2,C1CCOCC1,Solvent,0.4982,,c1ccccc1,Solvent,0.5018,,-0.05831431779191121,0.00265,,,10.1016/j.jct.2010.07.016
931,933,298.0,101.0,Liquid,2,CCCCCC,Solvent,0.75,,FC(F)(F)C(F)(F)C(F)(F)C(F)(F)C(F)(F)C(F)(F)F,Solvent,0.25,,,,0.02924074760609398,0.0005,10.1016/j.fluid.2013.07.060
932,934,298.0,101.0,Liquid,2,CCCCCC,Solvent,0.5,,FC(F)(F)C(F)(F)C(F)(F)C(F)(F)C(F)(F)C(F)(F)F,Solvent,0.5,,,,0.03951090820155806,0.0005,10.1016/j.fluid.2013.07.060
933,935,298.0,101.0,Liquid,2,CCCCCC,Solvent,0.25,,FC(F)(F)C(F)(F)C(F)(F)C(F)(F)C(F)(F)C(F)(F)F,Solvent,0.75,,,,0.04979153041618441,0.0005,10.1016/j.fluid.2013.07.060
934,936,298.15,101.0,Liquid,2,CCCCCC,Solvent,0.75,,FC(F)(F)C(F)(F)C(F)(F)C(F)(F)C(F)(F)C(F)(F)F,Solvent,0.25,,-0.9978275162651755,0.021,,,10.1016/j.jct.2007.04.002
935,937,298.15,101.0,Liquid,2,CCCCCC,Solvent,0.25,,FC(F)(F)C(F)(F)C(F)(F)C(F)(F)C(F)(F)C(F)(F)F,Solvent,0.75,,-0.4861535505102381,0.021,,,10.1016/j.jct.2007.04.002
936,938,298.15,101.0,Liquid,2,CCCCCC,Solvent,0.5,,FC(F)(F)C(F)(F)C(F)(F)C(F)(F)C(F)(F)C(F)(F)F,Solvent,0.5,,-0.7855013756411608,0.0215,,,10.1016/j.jct.2007.04.002
937,939,298.15,100.0,Liquid,2,CCCCC(=O)OC,Solvent,0.4935,,COC(C)=O,Solvent,0.5065,,,,0.02199326316045026,0.000505,10.1021/acs.jced.5b00813
938,940,298.15,100.0,Liquid,2,CCCCC(=O)OC,Solvent,0.7383,,COC(C)=O,Solvent,0.2617,,,,0.024252170484348367,0.000505,10.1021/acs.jced.5b00813
939,941,298.15,100.0,Liquid,2,CCCCC(=O)OC,Solvent,0.2511,,COC(C)=O,Solvent,0.7489,,,,0.023256070738679326,0.000505,10.1021/acs.jced.5b00813
940,942,298.15,100.0,Liquid,2,CCCCC(=O)OC,Solvent,0.2347,,COC(C)=O,Solvent,0.7653,,0.09259137419542185,0.002,,,10.1021/acs.jced.5b00813
941,943,298.15,100.0,Liquid,2,CCCCC(=O)OC,Solvent,0.7339,,COC(C)=O,Solvent,0.2661,,0.01916570687854602,0.002,,,10.1021/acs.jced.5b00813
942,944,298.15,100.0,Liquid,2,CCCCC(=O)OC,Solvent,0.5055,,COC(C)=O,Solvent,0.4945,,0.0393106875603042,0.0025,,,10.1021/acs.jced.5b00813
943,945,298.15,100.0,Liquid,2,CCCC(=O)OC,Solvent,0.5456,,COC(C)=O,Solvent,0.4544,,,,0.023897404361429418,0.000505,10.1021/acs.jced.5b00813
944,946,298.15,100.0,Liquid,2,CCCC(=O)OC,Solvent,0.6958,,COC(C)=O,Solvent,0.3042,,,,0.021190297299786814,0.000505,10.1021/acs.jced.5b00813
945,947,298.15,100.0,Liquid,2,CCCC(=O)OC,Solvent,0.2536,,COC(C)=O,Solvent,0.7464,,,,0.033645773257047554,0.000505,10.1021/acs.jced.5b00813
946,948,298.15,100.0,Liquid,2,CCCC(=O)OC,Solvent,0.226,,COC(C)=O,Solvent,0.774,,-0.5244364622226136,0.0015,,,10.1021/acs.jced.5b00813
947,949,298.15,100.0,Liquid,2,CCCC(=O)OC,Solvent,0.6958,,COC(C)=O,Solvent,0.3042,,0.11799580081564365,0.0015,,,10.1021/acs.jced.5b00813
948,950,298.15,100.0,Liquid,2,CCCC(=O)OC,Solvent,0.4822,,COC(C)=O,Solvent,0.5178,,0.04117695889643258,0.002,,,10.1021/acs.jced.5b00813
949,951,298.15,100.0,Liquid,2,C1CCOCC1,Solvent,0.7389,,O=C1CCCCC1,Solvent,0.2611,,,,0.019686181645494537,0.000505,10.1021/acs.jced.6b00606
950,952,298.15,100.0,Liquid,2,C1CCOCC1,Solvent,0.2471,,O=C1CCCCC1,Solvent,0.7529,,,,0.018808792129109235,0.000505,10.1021/acs.jced.6b00606
951,953,298.15,100.0,Liquid,2,C1CCOCC1,Solvent,0.5009,,O=C1CCCCC1,Solvent,0.4991,,,,0.0178465252585351,0.000505,10.1021/acs.jced.6b00606
952,954,298.15,101.0,Liquid,2,C1CCOCC1,Solvent,0.25,,O=C1CCCCC1,Solvent,0.75,,0.13315835471192372,0.00062,,,10.1021/je025649t
953,955,298.15,101.0,Liquid,2,C1CCOCC1,Solvent,0.75,,O=C1CCCCC1,Solvent,0.25,,0.007043293163334852,0.00069,,,10.1021/je025649t
954,956,298.15,101.0,Liquid,2,C1CCOCC1,Solvent,0.5,,O=C1CCCCC1,Solvent,0.5,,0.1439303597164212,0.000725,,,10.1021/je025649t
955,957,298.15,100.0,Liquid,2,C1CCCCC1,Solvent,0.5018,,C1CCOCC1,Solvent,0.4982,,,,0.014267635799284698,0.000505,10.1016/j.jct.2014.06.030
956,958,298.15,100.0,Liquid,2,C1CCCCC1,Solvent,0.7622,,C1CCOCC1,Solvent,0.2378,,,,0.011322770217864105,0.000505,10.1016/j.jct.2014.06.030
957,959,298.15,100.0,Liquid,2,C1CCCCC1,Solvent,0.2659,,C1CCOCC1,Solvent,0.7341,,,,0.016481587115762912,0.000505,10.1016/j.jct.2014.06.030
958,960,308.15,101.0,Liquid,2,C1CCCCC1,Solvent,0.2471,,C1CCOCC1,Solvent,0.7529,,-0.11556982431567064,0.00395,,,10.1016/j.tca.2010.03.028
959,961,308.15,101.0,Liquid,2,C1CCCCC1,Solvent,0.7266,,C1CCOCC1,Solvent,0.2734,,-0.18735455354338626,0.00485,,,10.1016/j.tca.2010.03.028
960,962,308.15,101.0,Liquid,2,C1CCCCC1,Solvent,0.499,,C1CCOCC1,Solvent,0.501,,-0.11042582952399016,0.0055,,,10.1021/je900077g
961,963,298.15,101.0,Liquid,2,C1CCOCC1,Solvent,0.2387,,Cc1ccccc1,Solvent,0.7613,,,,0.022870198086664077,0.000505,10.1021/je5004719
962,964,298.15,101.0,Liquid,2,C1CCOCC1,Solvent,0.4915,,Cc1ccccc1,Solvent,0.5085,,,,0.021664540591520204,0.000505,10.1021/je5004719
963,965,298.15,101.0,Liquid,2,C1CCOCC1,Solvent,0.7321,,Cc1ccccc1,Solvent,0.2679,,,,0.020418818204954732,0.000505,10.1021/je5004719
964,966,308.15,101.0,Liquid,2,C1CCOCC1,Solvent,0.7413,,Cc1ccccc1,Solvent,0.2587,,-0.0478697318462622,0.0019,,,10.1016/j.jct.2010.07.016
965,967,308.15,101.0,Liquid,2,C1CCOCC1,Solvent,0.2806,,Cc1ccccc1,Solvent,0.7194,,-0.0448715859185711,0.00195,,,10.1016/j.jct.2010.07.016
966,968,308.15,101.0,Liquid,2,C1CCOCC1,Solvent,0.5319,,Cc1ccccc1,Solvent,0.4681,,-0.01245662131780989,0.0025,,,10.1016/j.jct.2010.07.016
967,969,298.15,100.0,Liquid,2,CC(C)CC(C)(C)C,Solvent,0.2981,,CCCC(=O)OC,Solvent,0.7019,,,,0.020296316413177994,0.000505,10.1021/acs.jced.5b00813
968,970,298.15,100.0,Liquid,2,CC(C)CC(C)(C)C,Solvent,0.7243,,CCCC(=O)OC,Solvent,0.2757,,,,0.01579050616851153,0.000505,10.1021/acs.jced.5b00813
969,971,298.15,100.0,Liquid,2,CC(C)CC(C)(C)C,Solvent,0.441,,CCCC(=O)OC,Solvent,0.559,,,,0.01892512013743401,0.000505,10.1021/acs.jced.5b00813
970,972,298.15,100.0,Liquid,2,CC(C)CC(C)(C)C,Solvent,0.7629,,CCCC(=O)OC,Solvent,0.2371,,0.06938969237069159,0.0085,,,10.1021/acs.jced.5b00813
971,973,298.15,100.0,Liquid,2,CC(C)CC(C)(C)C,Solvent,0.2982,,CCCC(=O)OC,Solvent,0.7018,,-0.028882752707289683,0.0095,,,10.1021/acs.jced.5b00813
972,974,298.15,100.0,Liquid,2,CC(C)CC(C)(C)C,Solvent,0.4407,,CCCC(=O)OC,Solvent,0.5593,,0.11077711899496023,0.0115,,,10.1021/acs.jced.5b00813
973,975,298.15,101.0,Liquid,2,CN1CCCC1=O,Solvent,0.5215,,c1ccncc1,Solvent,0.4785,,,,0.026627048786220325,0.00051,10.1021/je301353z
974,976,298.15,101.0,Liquid,2,CN1CCCC1=O,Solvent,0.2348,,c1ccncc1,Solvent,0.7652,,,,0.024262555485249696,0.00051,10.1021/je301353z
975,977,298.15,101.0,Liquid,2,CN1CCCC1=O,Solvent,0.6364,,c1ccncc1,Solvent,0.3636,,,,0.0231880589823997,0.00051,10.1021/je301353z
976,978,298.15,101.0,Liquid,2,CN1CCCC1=O,Solvent,0.2312,,c1ccncc1,Solvent,0.7688,,0.4127475221245547,0.07895,,,10.1016/j.jct.2013.09.015
977,979,298.15,101.0,Liquid,2,CN1CCCC1=O,Solvent,0.6359,,c1ccncc1,Solvent,0.3641,,0.41970244597807493,0.10035,,,10.1016/j.jct.2013.09.015
978,980,298.15,101.0,Liquid,2,CN1CCCC1=O,Solvent,0.4995,,c1ccncc1,Solvent,0.5005,,0.1857119101061997,0.1089,,,10.1016/j.jct.2013.09.015
979,981,298.15,101.0,Liquid,2,OC1=NCCC1,Solvent,0.2312,,c1ccncc1,Solvent,0.7688,,,,0.03598845527085508,0.00051,10.1021/je301353z
980,982,298.15,101.0,Liquid,2,OC1=NCCC1,Solvent,0.4752,,c1ccncc1,Solvent,0.5248,,,,0.02612806728033282,0.000515,10.1021/je301353z
981,983,298.15,101.0,Liquid,2,OC1=NCCC1,Solvent,0.8312,,c1ccncc1,Solvent,0.1688,,,,0.028381327471668077,0.00052,10.1021/je301353z
982,984,298.15,101.0,Liquid,2,OC1=NCCC1,Solvent,0.8311,,c1ccncc1,Solvent,0.1689,,-1.0200054364595985,0.0243,,,10.1016/j.jct.2013.09.015
983,985,298.15,101.0,Liquid,2,OC1=NCCC1,Solvent,0.2615,,c1ccncc1,Solvent,0.7385,,-1.7009592800661082,0.04125,,,10.1016/j.jct.2013.09.015
984,986,298.15,101.0,Liquid,2,OC1=NCCC1,Solvent,0.5256,,c1ccncc1,Solvent,0.4744,,-1.6440577874272222,0.0508,,,10.1016/j.jct.2013.09.015
985,987,298.15,101.0,Liquid,2,BrCCCBr,Solvent,0.2435,,COC(C)=O,Solvent,0.7565,,,,0.023273582357955343,0.00096,10.1016/j.jct.2006.05.004
986,988,298.15,101.0,Liquid,2,BrCCCBr,Solvent,0.5256,,COC(C)=O,Solvent,0.4744,,,,0.023785345328464,0.001965,10.1016/j.jct.2006.05.004
987,989,298.15,101.0,Liquid,2,BrCCCBr,Solvent,0.7138,,COC(C)=O,Solvent,0.2862,,,,0.029382511779802643,0.002745,10.1016/j.jct.2006.05.004
988,990,298.15,101.0,Liquid,2,BrCCCBr,Solvent,0.2313,,COC(C)=O,Solvent,0.7687,,0.05195961193302168,0.0024,,,10.1016/j.jct.2006.05.004
989,991,298.15,101.0,Liquid,2,BrCCCBr,Solvent,0.7594,,COC(C)=O,Solvent,0.2406,,-0.3320846569879521,0.0032,,,10.1016/j.jct.2006.05.004
990,992,298.15,101.0,Liquid,2,BrCCCBr,Solvent,0.5042,,COC(C)=O,Solvent,0.4958,,0.12279749560806508,0.0038,,,10.1016/j.jct.2006.05.004
991,993,293.15,101.0,Liquid,2,CN1CCOCC1,Solvent,0.2538,,O,Solvent,0.7462,,,,0.9329629800561586,0.00059,10.1021/je800197t
992,994,293.15,101.0,Liquid,2,CN1CCOCC1,Solvent,0.4983,,O,Solvent,0.5017,,,,0.6365425039096063,0.00084,10.1021/je800197t
993,995,293.15,101.0,Liquid,2,CN1CCOCC1,Solvent,0.7587,,O,Solvent,0.2413,,,,0.04661410682083964,0.00112,10.1021/je800197t
994,996,298.15,101.0,Liquid,2,C1CCCCC1,Solvent,0.7961,,CCCCCCCC,Solvent,0.2039,,,,0.00881644399997912,0.00055,10.1016/j.jct.2005.02.006
995,997,298.15,101.0,Liquid,2,C1CCCCC1,Solvent,0.4777,,CCCCCCCC,Solvent,0.5223,,,,0.009529170322941469,0.000585,10.1016/j.jct.2005.02.006
996,998,298.15,101.0,Liquid,2,C1CCCCC1,Solvent,0.2498,,CCCCCCCC,Solvent,0.7502,,,,0.010175328519490675,0.000605,10.1016/j.jct.2005.02.006
997,999,303.15,101.0,Liquid,2,C1CCCCC1,Solvent,0.2744,,CCCCCCCC,Solvent,0.7256,,-0.005974060784467383,0.005,,,10.1016/j.fluid.2006.03.020
998,1000,303.15,101.0,Liquid,2,C1CCCCC1,Solvent,0.5324,,CCCCCCCC,Solvent,0.4676,,0.08162220136975407,0.005,,,10.1016/j.fluid.2006.03.020
999,1001,303.15,101.0,Liquid,2,C1CCCCC1,Solvent,0.7513,,CCCCCCCC,Solvent,0.2487,,-0.11617499758926897,0.005,,,10.1016/j.fluid.2006.03.020
1000,1002,298.15,101.0,Liquid,2,BrCCBr,Solvent,0.0598,,COC=O,Solvent,0.9402,,,,0.02457037728570787,0.00056,10.1016/j.jct.2006.05.004
1001,1003,298.15,101.0,Liquid,2,BrCCBr,Solvent,0.5015,,COC=O,Solvent,0.4985,,,,0.023881517945176886,0.00232,10.1016/j.jct.2006.05.004
1002,1004,298.15,101.0,Liquid,2,BrCCBr,Solvent,0.749,,COC=O,Solvent,0.251,,,,0.024701248020280356,0.003535,10.1016/j.jct.2006.05.004
1003,1005,298.15,101.0,Liquid,2,BrCCBr,Solvent,0.0595,,COC=O,Solvent,0.9405,,1.5482412436465367,0.00215,,,10.1016/j.jct.2006.05.004
1004,1006,298.15,101.0,Liquid,2,BrCCBr,Solvent,0.7574,,COC=O,Solvent,0.2426,,0.8875165257380644,0.00585,,,10.1016/j.jct.2006.05.004
1005,1007,298.15,101.0,Liquid,2,BrCCBr,Solvent,0.5281,,COC=O,Solvent,0.4719,,2.0157551912104594,0.00705,,,10.1016/j.jct.2006.05.004
1006,1008,303.15,100.0,Liquid,2,CCO,Solvent,0.2617,,Cc1ccccc1O,Solvent,0.7383,,,,0.04991784351233038,0.0006,10.1016/j.jct.2018.12.039
1007,1009,303.15,100.0,Liquid,2,CCO,Solvent,0.4698,,Cc1ccccc1O,Solvent,0.5302,,,,0.05745131938549877,0.0006,10.1016/j.jct.2018.12.039
1008,1010,303.15,100.0,Liquid,2,CCO,Solvent,0.7799,,Cc1ccccc1O,Solvent,0.2201,,,,0.0631646309371334,0.000605,10.1016/j.jct.2018.12.039
1009,1011,298.15,101.0,Liquid,2,CCO,Solvent,0.5873,,Cc1ccccc1O,Solvent,0.4127,,-0.7364049039858358,0.017555,,,10.1016/j.fluid.2017.09.008
1010,1012,298.15,101.0,Liquid,2,CCO,Solvent,0.8046,,Cc1ccccc1O,Solvent,0.1954,,-0.4847574971086992,0.019505,,,10.1016/j.fluid.2017.09.008
1011,1013,298.15,101.0,Liquid,2,CCO,Solvent,0.1987,,Cc1ccccc1O,Solvent,0.8013,,-0.6760959159267266,0.023465,,,10.1016/j.fluid.2017.09.008
1012,1014,298.15,101.0,Liquid,2,BrCCBr,Solvent,0.7506,,CCOC=O,Solvent,0.2494,,,,0.02959285509970296,0.000995,10.1016/j.jct.2005.07.009
1013,1015,298.15,101.0,Liquid,2,BrCCBr,Solvent,0.5107,,CCOC=O,Solvent,0.4893,,,,0.025131165208831515,0.00125,10.1016/j.jct.2005.07.009
1014,1016,298.15,101.0,Liquid,2,BrCCBr,Solvent,0.2825,,CCOC=O,Solvent,0.7175,,,,0.025553872859971398,0.00131,10.1016/j.jct.2005.07.009
1015,1017,298.15,101.0,Liquid,2,BrCCBr,Solvent,0.2475,,CCOC=O,Solvent,0.7525,,0.9327539462163585,0.0035,,,10.1016/j.jct.2005.07.009
1016,1018,298.15,101.0,Liquid,2,BrCCBr,Solvent,0.7346,,CCOC=O,Solvent,0.2654,,0.38056059540120657,0.00485,,,10.1016/j.jct.2005.07.009
1017,1019,298.15,101.0,Liquid,2,BrCCBr,Solvent,0.503,,CCOC=O,Solvent,0.497,,1.063395352866138,0.0054,,,10.1016/j.jct.2005.07.009
1018,1020,298.15,101.0,Liquid,2,C1CCCCC1,Solvent,0.2473,,CCOCCO,Solvent,0.7527,,,,0.031121299450091247,0.00081,10.1021/je034005y
1019,1021,298.15,101.0,Liquid,2,C1CCCCC1,Solvent,0.5,,CCOCCO,Solvent,0.5,,,,0.022166801639646818,0.000985,10.1021/je034005y
1020,1022,298.15,101.0,Liquid,2,C1CCCCC1,Solvent,0.7459,,CCOCCO,Solvent,0.2541,,,,0.014794078144058352,0.00113,10.1021/je034005y
1021,1023,298.15,101.0,Liquid,2,C1CCCCC1,Solvent,0.2536,,CCOCCO,Solvent,0.7464,,0.7760518437977595,0.0102,,,10.1016/j.fluid.2006.04.016
1022,1024,298.15,101.0,Liquid,2,C1CCCCC1,Solvent,0.7308,,CCOCCO,Solvent,0.2692,,1.00687780796261,0.01255,,,10.1016/j.fluid.2006.04.016
1023,1025,298.15,101.0,Liquid,2,C1CCCCC1,Solvent,0.4751,,CCOCCO,Solvent,0.5249,,1.2320550637673762,0.0135,,,10.1016/j.fluid.2006.04.016
1024,1026,298.15,100.0,Liquid,2,CCCCN,Solvent,0.7552,,CN(C)C=O,Solvent,0.2448,,,,0.03369965983313431,0.000949,10.1021/acs.jced.5b00802
1025,1027,298.15,100.0,Liquid,2,CCCCN,Solvent,0.4972,,CN(C)C=O,Solvent,0.5028,,,,0.034185537927444304,0.001011,10.1021/acs.jced.5b00802
1026,1028,298.15,100.0,Liquid,2,CCCCN,Solvent,0.2428,,CN(C)C=O,Solvent,0.7572,,,,0.0368084217770789,0.0010795,10.1021/acs.jced.5b00802
1027,1029,298.15,101.0,Liquid,2,CCCCN,Solvent,0.2441,,CN(C)C=O,Solvent,0.7559,,2.6189272033898803,0.008,,,10.1016/j.fluid.2019.112283
1028,1030,298.15,101.0,Liquid,2,CCCCN,Solvent,0.7502,,CN(C)C=O,Solvent,0.2498,,1.9389447558024386,0.01,,,10.1016/j.fluid.2019.112283
1029,1031,298.15,101.0,Liquid,2,CCCCN,Solvent,0.4992,,CN(C)C=O,Solvent,0.5008,,2.6214990241590783,0.0115,,,10.1016/j.fluid.2019.112283
1030,1032,298.15,100.0,Liquid,2,CCCNCCC,Solvent,0.7459,,CN(C)C=O,Solvent,0.2541,,,,0.024530047102651532,0.0009355,10.1021/acs.jced.5b00802
1031,1033,298.15,100.0,Liquid,2,CCCNCCC,Solvent,0.5034,,CN(C)C=O,Solvent,0.4966,,,,0.028857265834688964,0.0009885,10.1021/acs.jced.5b00802
1032,1034,298.15,100.0,Liquid,2,CCCNCCC,Solvent,0.2523,,CN(C)C=O,Solvent,0.7477,,,,0.04319360661738966,0.0010625,10.1021/acs.jced.5b00802
1033,1035,298.15,101.0,Liquid,2,CCCNCCC,Solvent,0.7496,,CN(C)C=O,Solvent,0.2504,,0.6818775740094338,0.017,,,10.1016/j.fluid.2019.112283
1034,1036,298.15,101.0,Liquid,2,CCCNCCC,Solvent,0.2482,,CN(C)C=O,Solvent,0.7518,,-1.0682378035022566,0.0195,,,10.1016/j.fluid.2019.112283
1035,1037,298.15,101.0,Liquid,2,CCCNCCC,Solvent,0.4995,,CN(C)C=O,Solvent,0.5005,,0.3725105714291459,0.0225,,,10.1016/j.fluid.2019.112283
1036,1038,298.15,100.0,Liquid,2,CCCCNCCCC,Solvent,0.7266,,CN(C)C=O,Solvent,0.2734,,,,0.025783520773147932,0.0009465,10.1021/acs.jced.5b00802
1037,1039,298.15,100.0,Liquid,2,CCCCNCCCC,Solvent,0.4928,,CN(C)C=O,Solvent,0.5072,,,,0.02824594982253063,0.0009895,10.1021/acs.jced.5b00802
1038,1040,298.15,100.0,Liquid,2,CCCCNCCCC,Solvent,0.2639,,CN(C)C=O,Solvent,0.7361,,,,0.03238384684477107,0.001053,10.1021/acs.jced.5b00802
1039,1041,298.15,101.0,Liquid,2,CCCCNCCCC,Solvent,0.7518,,CN(C)C=O,Solvent,0.2482,,0.4398321069705844,0.025,,,10.1016/j.fluid.2019.112283
1040,1042,298.15,101.0,Liquid,2,CCCCNCCCC,Solvent,0.2494,,CN(C)C=O,Solvent,0.7506,,0.25599317245028885,0.029,,,10.1016/j.fluid.2019.112283
1041,1043,298.15,101.0,Liquid,2,CCCCNCCCC,Solvent,0.5018,,CN(C)C=O,Solvent,0.4982,,0.5466282587664324,0.0335,,,10.1016/j.fluid.2019.112283
1042,1044,298.15,100.0,Liquid,2,CCCCCCN,Solvent,0.7452,,CN(C)C=O,Solvent,0.2548,,,,0.037551651469810834,0.0009575,10.1021/acs.jced.5b00802
1043,1045,298.15,100.0,Liquid,2,CCCCCCN,Solvent,0.45,,CN(C)C=O,Solvent,0.55,,,,0.0354033178499977,0.001016,10.1021/acs.jced.5b00802
1044,1046,298.15,100.0,Liquid,2,CCCCCCN,Solvent,0.2944,,CN(C)C=O,Solvent,0.7056,,,,0.035324889556176534,0.001057,10.1021/acs.jced.5b00802
1045,1047,298.15,101.0,Liquid,2,CCCCCCN,Solvent,0.7478,,CN(C)C=O,Solvent,0.2522,,2.7473478853283524,0.015,,,10.1016/j.fluid.2019.112283
1046,1048,298.15,101.0,Liquid,2,CCCCCCN,Solvent,0.2497,,CN(C)C=O,Solvent,0.7503,,1.1819431492306762,0.0165,,,10.1016/j.fluid.2019.112283
1047,1049,298.15,101.0,Liquid,2,CCCCCCN,Solvent,0.4997,,CN(C)C=O,Solvent,0.5003,,2.976861581979591,0.02,,,10.1016/j.fluid.2019.112283
1048,1050,293.15,101.0,Liquid,2,O,Solvent,0.7534,,OCCN1CCOCC1,Solvent,0.2466,,,,1.0964547535886404,0.00154,10.1016/j.jct.2008.01.007
1049,1051,293.15,101.0,Liquid,2,O,Solvent,0.2561,,OCCN1CCOCC1,Solvent,0.7439,,,,0.7983419727383038,0.001565,10.1016/j.jct.2008.01.007
1050,1052,293.15,101.0,Liquid,2,O,Solvent,0.5148,,OCCN1CCOCC1,Solvent,0.4852,,,,0.9726640477641608,0.00159,10.1016/j.jct.2008.01.007
1051,1053,298.15,101.0,Liquid,2,O,Solvent,0.3051,,OCCN1CCOCC1,Solvent,0.6949,,-14.254838584752946,0.01915,,,10.1016/j.jct.2015.06.006
1052,1054,298.15,101.0,Liquid,2,O,Solvent,0.5011,,OCCN1CCOCC1,Solvent,0.4989,,-18.811582541006715,0.02415,,,10.1016/j.jct.2015.06.006
1053,1055,298.15,101.0,Liquid,2,O,Solvent,0.6998,,OCCN1CCOCC1,Solvent,0.3002,,-15.101381212362583,0.026,,,10.1016/j.jct.2015.06.006
1054,1056,303.2,101.0,Liquid,2,CCCOC(C)=O,Solvent,0.831128,,O,Solvent,0.168872,,,,0.02566806616610152,0.000986,10.1016/j.fluid.2012.07.032
1055,1057,298.15,101.3,Liquid,2,NCCCO,Solvent,0.272809,,O,Solvent,0.727191,,,,1.1656226415479212,0.0014,10.1021/acs.jced.5b00412
1056,1058,298.15,101.3,Liquid,2,NCCCO,Solvent,0.489642,,O,Solvent,0.510358,,,,1.0861647128762746,0.00155,10.1021/acs.jced.5b00412
1057,1059,298.15,101.3,Liquid,2,NCCCO,Solvent,0.708044,,O,Solvent,0.291956,,,,1.0087761321246917,0.0018,10.1021/acs.jced.5b00412
1058,1060,298.15,101.0,Liquid,2,NCCCO,Solvent,0.7515,,O,Solvent,0.2485,,-4.8423164126129095,0.031,,,10.1016/j.jct.2007.03.010
1059,1061,298.15,101.0,Liquid,2,NCCCO,Solvent,0.4989,,O,Solvent,0.5011,,-7.109279355322954,0.05,,,10.1016/j.jct.2007.03.010
1060,1062,298.15,101.0,Liquid,2,NCCCO,Solvent,0.2982,,O,Solvent,0.7018,,-7.112327449220487,0.051,,,10.1016/j.jct.2007.03.010
1061,1063,298.0,100.0,Liquid,2,CC(=O)N(C)C,Solvent,0.3002,,ClCCCCCCCl,Solvent,0.6998,,,,0.024271090728774907,0.0015,10.1021/je700339f
1062,1064,298.0,100.0,Liquid,2,CC(=O)N(C)C,Solvent,0.4943,,ClCCCCCCCl,Solvent,0.5057,,,,0.023327195791266186,0.0016,10.1021/je700339f
1063,1065,298.0,100.0,Liquid,2,CC(=O)N(C)C,Solvent,0.7006,,ClCCCCCCCl,Solvent,0.2994,,,,0.026008202241746943,0.00175,10.1021/je700339f
1064,1066,298.15,101.0,Liquid,2,CC(=O)N(C)C,Solvent,0.798,,ClCCCCCCCl,Solvent,0.202,,0.6044655293367853,0.002,,,10.1016/j.jct.2007.06.017
1065,1067,298.15,101.0,Liquid,2,CC(=O)N(C)C,Solvent,0.212,,ClCCCCCCCl,Solvent,0.788,,0.41912259303994404,0.002,,,10.1016/j.jct.2007.06.017
1066,1068,298.15,101.0,Liquid,2,CC(=O)N(C)C,Solvent,0.504,,ClCCCCCCCl,Solvent,0.496,,0.775887674413255,0.002,,,10.1016/j.jct.2007.06.017
1067,1069,298.0,100.0,Liquid,2,CC(=O)N(C)C,Solvent,0.5009,,ClCCCCCl,Solvent,0.4991,,,,0.023533032311276538,0.00225,10.1021/je700339f
1068,1070,298.0,100.0,Liquid,2,CC(=O)N(C)C,Solvent,0.2001,,ClCCCCCl,Solvent,0.7999,,,,0.020241245280196357,0.0023,10.1021/je700339f
1069,1071,298.0,100.0,Liquid,2,CC(=O)N(C)C,Solvent,0.6987,,ClCCCCCl,Solvent,0.3013,,,,0.023631293653853577,0.0023,10.1021/je700339f
1070,1072,298.15,101.0,Liquid,2,CC(=O)N(C)C,Solvent,0.506,,ClCCCCCl,Solvent,0.494,,0.7285837541394287,0.0025,,,10.1016/j.jct.2007.06.017
1071,1073,298.15,101.0,Liquid,2,CC(=O)N(C)C,Solvent,0.705,,ClCCCCCl,Solvent,0.295,,0.7966529452034479,0.0025,,,10.1016/j.jct.2007.06.017
1072,1074,298.15,101.0,Liquid,2,CC(=O)N(C)C,Solvent,0.211,,ClCCCCCl,Solvent,0.789,,0.8171498083978435,0.0025,,,10.1016/j.jct.2007.06.017
1073,1075,298.15,101.0,Liquid,2,CCCO,Solvent,0.1929,,O=Cc1ccccc1,Solvent,0.8071,,,,0.03178670073268918,0.00265,10.1021/je900212d
1074,1076,298.15,101.0,Liquid,2,CCCO,Solvent,0.5003,,O=Cc1ccccc1,Solvent,0.4997,,,,0.03339066427373463,0.0035,10.1021/je900212d
1075,1077,298.15,101.0,Liquid,2,CCCO,Solvent,0.8025,,O=Cc1ccccc1,Solvent,0.1975,,,,0.03337862325326048,0.0054,10.1021/je900212d
1076,1078,298.15,101.325,Liquid,2,CCCO,Solvent,0.2374,,O=Cc1ccccc1,Solvent,0.7626,,2.097138539814921,0.0055,,,10.1016/j.jct.2011.05.014
1077,1079,298.15,101.325,Liquid,2,CCCO,Solvent,0.7302,,O=Cc1ccccc1,Solvent,0.2698,,1.4470924270281635,0.00585,,,10.1016/j.jct.2011.05.014
1078,1080,298.15,101.325,Liquid,2,CCCO,Solvent,0.5178,,O=Cc1ccccc1,Solvent,0.4822,,2.4789102923889104,0.00675,,,10.1016/j.jct.2011.05.014
1079,1081,298.15,101.325,Liquid,2,C1COCCN1,Solvent,0.793,,O,Solvent,0.207,,,,0.7420899654720224,0.00245,10.1021/je020191g
1080,1082,298.15,101.325,Liquid,2,C1COCCN1,Solvent,0.498,,O,Solvent,0.502,,,,1.0078624506867244,0.00255,10.1021/je020191g
1081,1083,298.15,101.325,Liquid,2,C1COCCN1,Solvent,0.298,,O,Solvent,0.702,,,,1.0636493865195689,0.00255,10.1021/je020191g
1082,1084,298.15,101.0,Liquid,2,C1COCCN1,Solvent,0.7149,,O,Solvent,0.2851,,-11.295388378143116,0.019,,,10.1016/j.jct.2015.06.006
1083,1085,298.15,101.0,Liquid,2,C1COCCN1,Solvent,0.201,,O,Solvent,0.799,,-7.507212879518139,0.0295,,,10.1016/j.jct.2015.06.006
1084,1086,298.15,101.0,Liquid,2,C1COCCN1,Solvent,0.4911,,O,Solvent,0.5089,,-12.14730569815994,0.0335,,,10.1016/j.jct.2015.06.006
1085,1087,303.15,101.0,Liquid,2,CCC(C)=O,Solvent,0.7793,,CN1CCCC1=O,Solvent,0.2207,,,,0.022826993391271484,0.002595,10.1016/j.jct.2009.01.006
1086,1088,303.15,101.0,Liquid,2,CCC(C)=O,Solvent,0.4795,,CN1CCCC1=O,Solvent,0.5205,,,,0.023834624900620202,0.00261,10.1016/j.jct.2009.01.006
1087,1089,303.15,101.0,Liquid,2,CCC(C)=O,Solvent,0.2922,,CN1CCCC1=O,Solvent,0.7078,,,,0.022072764009081758,0.00262,10.1016/j.jct.2009.01.006
1088,1090,298.15,101.0,Liquid,2,CCC(C)=O,Solvent,0.7324,,CN1CCCC1=O,Solvent,0.2676,,-1.0352741470207008,0.0029,,,10.1021/je900262t
1089,1091,298.15,101.0,Liquid,2,CCC(C)=O,Solvent,0.2461,,CN1CCCC1=O,Solvent,0.7539,,0.01224308784827599,0.0031,,,10.1021/je900262t
1090,1092,298.15,101.0,Liquid,2,CCC(C)=O,Solvent,0.4841,,CN1CCCC1=O,Solvent,0.5159,,-0.3681388654638411,0.00415,,,10.1021/je900262t
1091,1093,298.0,100.0,Liquid,2,CC(=O)N(C)C,Solvent,0.7008,,ClCCCl,Solvent,0.2992,,,,0.02638510530642171,0.00305,10.1021/je700339f
1092,1094,298.0,100.0,Liquid,2,CC(=O)N(C)C,Solvent,0.4999,,ClCCCl,Solvent,0.5001,,,,0.020813791443575803,0.00325,10.1021/je700339f
1093,1095,298.0,100.0,Liquid,2,CC(=O)N(C)C,Solvent,0.2988,,ClCCCl,Solvent,0.7012,,,,0.019759375698147254,0.00345,10.1021/je700339f
1094,1096,298.15,101.0,Liquid,2,CC(=O)N(C)C,Solvent,0.202,,ClCCCl,Solvent,0.798,,0.18440624908607361,0.004,,,10.1016/j.jct.2007.06.017
1095,1097,298.15,101.0,Liquid,2,CC(=O)N(C)C,Solvent,0.702,,ClCCCl,Solvent,0.298,,0.16595560497243156,0.004,,,10.1016/j.jct.2007.06.017
1096,1098,298.15,101.0,Liquid,2,CC(=O)N(C)C,Solvent,0.5,,ClCCCl,Solvent,0.5,,0.5932316874842911,0.004,,,10.1016/j.jct.2007.06.017
1097,1099,298.15,100.0,Liquid,2,CN(C)C=O,Solvent,0.7054,,ClCCCl,Solvent,0.2946,,,,0.040048349547988124,0.003,10.1021/je700339f
1098,1100,298.15,100.0,Liquid,2,CN(C)C=O,Solvent,0.1978,,ClCCCl,Solvent,0.8022,,,,0.019025761208536298,0.003,10.1021/je700339f
1099,1101,298.15,100.0,Liquid,2,CN(C)C=O,Solvent,0.4988,,ClCCCl,Solvent,0.5012,,,,0.024182269568196912,0.00305,10.1021/je700339f
1100,1102,298.15,101.0,Liquid,2,CN(C)C=O,Solvent,0.702,,ClCCCl,Solvent,0.298,,0.25387054985432655,0.003,,,10.1016/j.jct.2007.06.017
1101,1103,298.15,101.0,Liquid,2,CN(C)C=O,Solvent,0.498,,ClCCCl,Solvent,0.502,,1.5870020888556269,0.0035,,,10.1016/j.jct.2007.06.017
1102,1104,298.15,101.0,Liquid,2,CN(C)C=O,Solvent,0.299,,ClCCCl,Solvent,0.701,,1.7604589962930604,0.0035,,,10.1016/j.jct.2007.06.017
1103,1105,298.15,101.0,Liquid,2,CC1CCCCC1,Solvent,0.799,,CCCO,Solvent,0.201,,,,0.012039354677448157,0.003855,10.1016/j.jct.2005.06.011
1104,1106,298.15,101.0,Liquid,2,CC1CCCCC1,Solvent,0.5031,,CCCO,Solvent,0.4969,,,,0.020972469867599347,0.0039,10.1016/j.jct.2005.06.011
1105,1107,298.15,101.0,Liquid,2,CC1CCCCC1,Solvent,0.2027,,CCCO,Solvent,0.7973,,,,0.019872813661921337,0.00398,10.1016/j.jct.2005.06.011
1106,1108,298.15,100.0,Liquid,2,CC1CCCCC1,Solvent,0.2504,,CCCO,Solvent,0.7496,,0.21086026024529758,0.0055,,,10.1016/j.jct.2016.10.005
1107,1109,298.15,100.0,Liquid,2,CC1CCCCC1,Solvent,0.5004,,CCCO,Solvent,0.4996,,0.5990456720871578,0.0055,,,10.1016/j.jct.2016.10.005
1108,1110,298.15,100.0,Liquid,2,CC1CCCCC1,Solvent,0.7505,,CCCO,Solvent,0.2495,,2.0961094191765426,0.0055,,,10.1016/j.jct.2016.10.005
1109,1111,303.15,100.0,Liquid,2,NCCCNCCCN,Solvent,0.8015,,O,Solvent,0.1985,,-5.304298831619743,0.024,,,10.1016/j.jct.2015.04.030
1110,1112,303.15,100.0,Liquid,2,NCCCNCCCN,Solvent,0.4998,,O,Solvent,0.5002,,-12.233335466082025,0.059,,,10.1016/j.jct.2015.04.030
1111,1113,303.15,100.0,Liquid,2,NCCCNCCCN,Solvent,0.3005,,O,Solvent,0.6995,,-14.56201465950414,0.07,,,10.1016/j.jct.2015.04.030
